priority,offset_s,latency_ms,status,outcome
medium,0.0508,230.61,200,ok
medium,0.1169,164.50,200,ok
medium,0.0170,265.25,200,ok
medium,0.1837,102.02,200,ok
medium,0.2170,75.46,200,ok
medium,0.2509,45.63,200,ok
medium,0.0837,218.29,200,ok
medium,0.1510,153.77,200,ok
medium,0.2844,24.75,200,ok
medium,0.3182,25.42,200,ok
medium,0.3513,58.49,200,ok
medium,0.4177,65.53,200,ok
medium,0.3837,118.84,200,ok
medium,0.4845,22.56,200,ok
medium,0.5174,29.21,200,ok
medium,0.4507,115.08,200,ok
medium,0.5845,101.17,200,ok
medium,0.6170,184.39,200,ok
medium,0.5513,338.00,200,ok
medium,0.7182,222.55,200,ok
medium,0.7528,308.17,200,ok
medium,0.8836,218.90,200,ok
medium,0.8511,290.41,200,ok
medium,0.7835,374.20,200,ok
medium,1.0179,163.19,200,ok
medium,0.6835,604.01,200,ok
medium,0.9839,306.51,200,ok
medium,1.1528,146.07,200,ok
medium,1.0837,234.55,200,ok
medium,1.1175,244.53,200,ok
medium,0.8172,560.53,200,ok
medium,1.0536,344.17,200,ok
medium,0.6509,755.98,200,ok
medium,1.1838,256.29,200,ok
medium,0.9520,503.95,200,ok
medium,0.9170,564.31,200,ok
medium,1.2843,238.50,200,ok
medium,1.2511,307.88,200,ok
medium,1.4518,277.62,200,ok
medium,1.2170,572.95,200,ok
medium,1.3178,587.07,200,ok
medium,1.3511,699.15,200,ok
medium,1.4175,725.44,200,ok
medium,1.5240,819.83,200,ok
medium,1.6183,737.83,200,ok
medium,1.3836,1002.30,200,ok
medium,1.7179,826.85,200,ok
medium,1.5853,1024.83,200,ok
medium,1.6835,946.40,200,ok
medium,2.1838,484.98,200,ok
medium,1.7519,928.84,200,ok
medium,1.4678,1242.42,200,ok
medium,0.5011,2211.13,200,ok
medium,0.0670,2648.61,200,ok
medium,0.6669,2050.31,200,ok
medium,1.7019,1018.58,200,ok
medium,0.7673,1954.57,200,ok
medium,1.5571,1184.64,200,ok
medium,1.5670,1195.88,200,ok
medium,1.4846,1279.37,200,ok
medium,2.1169,678.76,200,ok
medium,2.2171,585.71,200,ok
high,2.1006,722.64,429,shed
medium,2.3851,441.53,200,ok
medium,0.4008,2439.13,200,ok
medium,1.4019,1439.26,200,ok
medium,0.0020,2855.96,200,ok
medium,0.2008,2657.31,200,ok
medium,0.4670,2391.34,200,ok
medium,1.5348,1326.96,200,ok
medium,1.8170,1054.99,200,ok
medium,2.3521,529.44,200,ok
medium,1.7840,1113.85,200,ok
medium,2.1520,767.31,200,ok
medium,0.2344,2684.94,200,ok
medium,2.5174,410.20,200,ok
medium,2.5518,380.20,200,ok
medium,0.1677,2765.03,200,ok
medium,0.8338,2098.98,200,ok
medium,1.9172,1021.38,200,ok
medium,1.9517,1067.31,200,ok
medium,2.6518,402.45,429,shed
medium,1.6511,1418.71,200,ok
medium,1.9853,1143.65,200,ok
medium,2.1014,1038.92,200,ok
medium,0.6336,2509.09,200,ok
medium,1.2012,1956.31,200,ok
medium,1.6783,1480.92,200,ok
medium,0.9335,2225.81,200,ok
medium,1.1344,2024.90,200,ok
medium,1.9030,1256.32,200,ok
medium,0.5669,2607.90,200,ok
medium,0.0342,3140.98,200,ok
medium,1.1676,2007.87,200,ok
medium,0.3671,2808.70,200,ok
medium,1.0532,2122.86,200,ok
medium,0.9673,2208.97,200,ok
medium,1.3017,1874.81,200,ok
medium,1.3670,1809.78,200,ok
medium,0.3007,2876.35,200,ok
medium,0.4345,2742.84,200,ok
medium,0.7020,2475.63,200,ok
medium,0.1010,3076.82,200,ok
medium,0.3341,2844.00,200,ok
medium,0.8018,2376.58,200,ok
medium,1.5041,1674.53,200,ok
medium,2.2840,908.06,200,ok
high,0.8014,2391.64,200,ok
high,0.4503,2742.80,200,ok
medium,2.4173,775.74,200,ok
medium,2.0345,1163.00,200,ok
medium,2.3672,865.71,200,ok
medium,1.6008,1632.13,200,ok
medium,1.9674,1265.63,200,ok
medium,1.7342,1498.76,200,ok
low,2.8405,392.53,429,shed
high,2.2506,982.48,200,ok
high,1.1007,2132.33,200,ok
high,1.0541,2179.00,200,ok
medium,1.2340,1999.08,200,ok
medium,1.4340,1799.10,200,ok
medium,1.3341,1898.99,200,ok
medium,0.8669,2366.16,200,ok
medium,0.2672,2965.90,200,ok
medium,2.7173,518.11,200,ok
medium,1.2677,1967.71,200,ok
medium,0.7335,2501.88,200,ok
medium,0.9048,2330.62,200,ok
medium,2.3173,918.18,200,ok
low,2.7809,469.25,429,shed
medium,1.0674,2182.72,200,ok
medium,3.0515,198.70,429,shed
medium,1.6357,1614.49,200,ok
medium,3.1179,132.33,429,shed
medium,1.9340,1316.29,200,ok
medium,1.1013,2148.96,200,ok
high,2.2009,1049.39,200,ok
medium,1.0012,2249.13,200,ok
high,0.7523,2498.05,200,ok
medium,0.6016,2648.76,200,ok
high,0.4004,2849.99,200,ok
medium,0.1341,3116.27,200,ok
medium,2.2027,1047.75,200,ok
medium,2.4515,798.92,200,ok
high,1.5034,1747.01,200,ok
high,0.3004,2950.05,200,ok
high,2.3008,949.70,200,ok
high,0.9043,2346.21,200,ok
medium,0.5344,2716.15,200,ok
high,1.5563,1694.26,200,ok
medium,1.8018,1448.77,200,ok
high,0.5508,2699.72,200,ok
high,1.1523,2098.31,200,ok
medium,1.8335,1417.07,200,ok
high,0.0505,3200.89,200,ok
high,0.2505,3000.87,200,ok
medium,2.1337,1117.64,200,ok
medium,2.2514,1010.78,200,ok
medium,2.4844,777.86,200,ok
high,0.1507,3111.62,200,ok
high,1.9509,1311.39,200,ok
high,1.2005,2061.77,200,ok
high,1.8521,1410.28,200,ok
high,0.5007,2761.62,200,ok
high,0.7015,2560.88,200,ok
high,0.3509,2911.52,200,ok
high,0.2005,3061.94,200,ok
high,0.0001,3266.88,200,ok
high,0.6504,2616.58,200,ok
high,1.7510,1515.98,200,ok
high,1.6002,1666.82,200,ok
high,1.2505,2016.59,200,ok
high,1.9022,1364.86,200,ok
high,0.6011,2665.93,200,ok
high,1.7012,1565.85,200,ok
high,1.3011,1965.96,200,ok
high,2.0008,1266.29,200,ok
medium,1.8677,1424.21,429,shed
medium,3.0335,262.76,429,shed
low,2.8605,435.77,429,shed
high,0.8505,2460.66,200,ok
high,1.0006,2310.61,200,ok
high,1.8010,1510.20,200,ok
high,0.1007,3210.57,200,ok
high,1.3505,1960.73,200,ok
high,1.4513,2272.91,200,ok
high,0.9515,2776.20,200,ok
high,2.1512,1576.49,200,ok
high,1.4013,2327.06,200,ok
high,1.6504,2077.93,200,ok
medium,2.7842,944.11,200,ok
medium,2.4670,1271.77,200,ok
medium,2.0679,1717.13,200,ok
high,2.5509,1515.19,200,ok
high,3.7509,322.36,429,shed
low,2.7913,2102.61,500,error
medium,2.9176,2526.75,500,error
medium,2.5339,3151.10,200,ok
high,4.0509,1637.23,429,shed
high,2.0503,3785.14,200,ok
high,3.3505,2485.67,429,shed
medium,2.8335,3269.19,500,error
high,5.8509,251.85,429,shed
medium,2.1672,4551.12,200,ok
medium,2.3342,4384.12,200,ok
high,4.5505,2167.80,429,shed
high,4.6012,2117.13,429,shed
high,4.6524,2065.96,429,shed
high,4.7010,2017.43,429,shed
high,4.7512,1967.19,429,shed
high,4.8009,1917.57,429,shed
high,4.8509,1867.55,429,shed
high,4.9006,1875.35,429,shed
high,4.9509,1826.09,429,shed
medium,6.8336,1.73,,error
high,5.0509,1791.97,429,shed
high,5.0006,1843.21,429,shed
low,6.9043,10.65,,error
low,6.9056,9.72,,error
low,6.9067,8.92,,error
low,6.9090,6.88,,error
medium,6.9102,6.03,,error
medium,6.9110,5.49,,error
medium,6.9116,5.34,,error
high,6.9123,4.99,,error
low,6.9133,4.29,,error
low,6.9027,15.28,,error
medium,6.8956,22.83,,error
low,6.8974,21.40,,error
medium,6.9188,4.18,,error
low,6.9230,2.40,,error
high,5.1813,1744.59,429,shed
high,5.1009,1825.52,429,shed
low,6.9403,12.25,,error
medium,6.9538,4.57,,error
high,6.9526,6.19,,error
low,6.9545,4.85,,error
low,6.9632,2.29,,error
medium,6.9676,1.92,,error
low,6.9706,1.98,,error
low,6.9808,2.59,,error
medium,6.9845,1.68,,error
low,6.9903,55.77,,error
high,5.2008,1855.64,429,shed
high,5.2511,1805.39,429,shed
high,5.3011,1804.55,429,shed
high,5.3509,1754.78,429,shed
low,7.0533,62.50,,error
low,7.0541,61.99,,error
low,7.0547,63.88,,error
low,7.0553,64.23,,error
low,7.0558,64.32,,error
high,7.0568,66.24,,error
medium,7.0574,65.97,,error
low,7.0580,65.71,,error
low,7.0609,63.12,,error
medium,7.0670,57.25,,error
low,7.0711,53.50,,error
low,7.0807,44.10,,error
medium,7.0839,41.25,,error
low,7.0905,34.92,,error
high,7.1007,24.95,,error
medium,7.1027,23.28,,error
low,7.1036,22.71,,error
low,7.1109,15.71,,error
medium,7.1169,9.99,,error
low,7.1202,6.97,,error
low,7.1303,2.98,,error
medium,7.1344,1.68,,error
low,7.1402,2.51,,error
high,7.1509,5.10,,error
medium,7.1528,3.59,,error
low,7.1535,3.11,,error
low,7.1608,2.86,,error
medium,7.1678,2.21,,error
low,7.1712,2.44,,error
low,7.1807,2.21,,error
medium,7.1841,1.50,,error
low,7.1907,2.24,,error
high,7.2012,4.49,,error
medium,7.2031,2.92,,error
low,7.2040,2.30,,error
low,7.2104,2.28,,error
medium,7.2179,2.99,,error
low,7.2209,1.63,,error
low,7.2307,2.43,,error
medium,7.2343,1.52,,error
low,7.2410,2.74,,error
high,7.2509,4.12,,error
medium,7.2527,2.67,,error
low,7.2535,2.17,,error
low,7.2608,2.38,,error
medium,7.2673,2.34,,error
low,7.2708,1.60,,error
low,7.2806,2.58,,error
medium,7.2843,1.84,,error
low,7.2902,3.62,,error
high,5.4508,1850.77,429,shed
high,5.4009,1966.08,429,shed
low,7.3623,10.57,,error
low,7.3629,10.19,,error
low,7.3636,9.86,,error
low,7.3641,9.55,,error
low,7.3647,9.26,,error
low,7.3653,8.98,,error
medium,7.3670,7.54,,error
medium,7.3677,7.08,,error
medium,7.3684,6.74,,error
medium,7.3689,6.46,,error
high,7.3695,6.16,,error
low,7.3703,5.67,,error
high,7.3016,74.61,,error
low,7.3810,2.67,,error
medium,7.3840,1.84,,error
low,7.3911,2.07,,error
high,7.4011,4.60,,error
medium,7.4030,7.01,,error
low,7.4038,6.57,,error
low,7.4104,2.44,,error
medium,7.4170,3.22,,error
low,7.4203,1.50,,error
low,7.4320,3.76,,error
medium,7.4343,1.94,,error
low,7.4404,2.73,,error
medium,7.4522,3.32,,error
high,7.4503,5.52,,error
low,7.4534,2.75,,error
low,7.4603,2.38,,error
medium,7.4678,2.54,,error
low,7.4704,1.69,,error
high,5.5009,1974.70,429,shed
high,5.5509,1924.79,429,shed
low,7.4908,4.01,,error
high,7.5010,4.25,,error
medium,7.5028,4.94,,error
low,7.5036,4.52,,error
low,7.5102,2.17,,error
medium,7.5175,2.18,,error
low,7.5208,1.64,,error
low,7.5307,2.73,,error
medium,7.5335,2.05,,error
low,7.5407,3.07,,error
high,7.5510,5.41,,error
medium,7.5533,3.42,,error
low,7.5546,2.46,,error
low,7.5612,2.23,,error
medium,7.5676,2.86,,error
low,7.5705,1.70,,error
low,7.5804,3.95,,error
medium,7.5844,2.22,,error
low,7.5909,8.16,,error
medium,7.6020,3.21,,error
low,7.6032,2.33,,error
high,7.6002,5.61,,error
low,7.6110,2.87,,error
medium,7.6171,2.88,,error
low,7.6211,2.61,,error
low,7.6309,2.90,,error
medium,7.6338,2.49,,error
low,7.6405,3.20,,error
high,7.6509,5.79,,error
medium,7.6530,4.12,,error
low,7.6543,3.13,,error
low,7.6606,3.23,,error
medium,7.6670,3.44,,error
low,7.6705,2.28,,error
low,7.6812,8.73,,error
medium,7.6837,6.74,,error
low,7.6905,2.67,,error
high,7.7004,63.50,,error
low,7.7160,48.24,,error
medium,7.7024,71.27,,error
low,7.7318,42.25,,error
low,7.7603,14.06,,error
medium,7.7619,12.70,,error
medium,7.7654,11.88,,error
low,7.7664,11.21,,error
low,7.7673,10.61,,error
low,7.7680,10.24,,error
high,7.7719,6.60,,error
medium,7.7747,4.12,,error
low,7.7756,3.48,,error
medium,7.7643,15.05,,error
low,7.7805,1.99,,error
medium,7.7836,1.87,,error
low,7.7584,29.00,,error
low,7.7905,3.08,,error
high,7.8008,8.18,,error
medium,7.8029,6.45,,error
low,7.8058,3.91,,error
low,7.8109,2.06,,error
medium,7.8171,14.84,,error
low,7.8340,3.57,,error
medium,7.8354,2.50,,error
low,7.8320,6.26,,error
low,7.8412,2.22,,error
high,7.8506,15.00,,error
medium,7.8539,12.16,,error
low,7.8561,10.30,,error
low,7.8604,6.31,,error
medium,7.8673,3.15,,error
low,7.8705,2.05,,error
low,7.8807,3.63,,error
medium,7.8844,2.11,,error
low,7.8907,2.87,,error
medium,7.9027,3.92,,error
low,7.9044,3.11,,error
high,7.9008,7.89,,error
low,7.9108,1.70,,error
low,7.9224,2.84,,error
medium,7.9179,7.63,,error
low,7.9307,3.08,,error
medium,7.9338,2.64,,error
low,7.9406,4.18,,error
high,2.4506,5499.99,200,ok
high,3.7010,4254.33,429,shed
low,7.9534,3.69,,error
low,7.9607,3.02,,error
medium,7.9669,2.81,,error
low,7.9708,2.81,,error
low,7.9808,3.81,,error
medium,7.9846,2.24,,error
low,7.9910,3.80,,error
medium,2.9344,5066.34,500,error
low,8.0029,1.43,,error
medium,8.0023,2.50,,error
medium,3.8023,4203.48,429,shed
high,6.6006,1406.69,429,shed
high,6.1030,1904.28,429,shed
high,4.2011,3806.19,429,shed
low,3.1709,4846.00,500,error
low,8.0405,2.57,,error
low,3.1208,4934.94,500,error
medium,8.0523,3.94,,error
low,8.0535,3.24,,error
high,8.0503,6.85,,error
low,2.7309,5327.06,200,ok
low,8.0707,1.57,,error
low,8.0811,4.39,,error
medium,8.0837,2.29,,error
low,8.0912,3.60,,error
medium,8.1029,3.42,,error
low,8.1037,2.89,,error
high,8.1010,5.95,,error
low,8.1112,3.08,,error
medium,8.1174,15.48,,error
low,8.1350,3.63,,error
medium,8.1364,3.00,,error
low,8.1329,7.61,,error
low,8.1406,1.83,,error
medium,8.1526,2.93,,error
low,8.1535,2.32,,error
high,8.1507,5.50,,error
low,8.1603,2.26,,error
medium,8.1677,4.10,,error
low,8.1703,2.93,,error
low,8.1808,2.78,,error
medium,8.1836,1.97,,error
low,8.1908,3.92,,error
high,8.2010,5.73,,error
medium,8.2029,4.16,,error
low,8.2037,3.65,,error
low,8.2105,2.35,,error
medium,8.2171,2.64,,error
low,8.2208,2.78,,error
medium,8.2339,4.87,,error
low,8.2308,8.40,,error
high,5.6003,2640.39,429,shed
high,5.6506,2590.09,429,shed
medium,8.2532,5.00,,error
high,8.2512,7.35,,error
low,8.2611,5.77,,error
medium,8.2669,2.07,,error
low,8.2711,5.71,,error
low,8.2810,2.97,,error
medium,8.2840,2.61,,error
low,8.2908,3.88,,error
high,8.3014,6.30,,error
medium,8.3032,4.80,,error
low,8.3044,3.86,,error
low,8.3104,2.24,,error
medium,8.3189,4.68,,error
low,8.3206,3.25,,error
low,8.3313,3.37,,error
medium,8.3335,2.02,,error
low,8.3406,6.17,,error
medium,8.3526,2.66,,error
high,8.3510,4.60,,error
low,8.3535,2.40,,error
low,8.3611,3.62,,error
medium,8.3678,2.36,,error
low,8.3702,2.33,,error
low,8.3808,3.47,,error
medium,8.3843,2.14,,error
low,8.3906,2.98,,error
high,8.4008,4.48,,error
medium,8.4027,2.88,,error
low,8.4037,2.15,,error
low,8.4111,2.89,,error
medium,8.4171,3.57,,error
low,8.4207,1.94,,error
low,8.4309,3.44,,error
medium,8.4344,2.16,,error
low,8.4407,3.04,,error
medium,8.4528,2.99,,error
low,8.4538,2.30,,error
high,8.4509,5.46,,error
low,8.4606,3.20,,error
medium,8.4669,2.86,,error
low,8.4709,2.51,,error
low,8.4806,3.03,,error
medium,8.4836,2.88,,error
low,8.4907,2.33,,error
medium,8.5031,2.83,,error
low,8.5039,2.33,,error
high,8.5012,5.31,,error
low,8.5107,2.92,,error
medium,8.5178,3.01,,error
low,8.5208,2.39,,error
low,8.5304,3.28,,error
medium,8.5337,1.89,,error
low,8.5408,4.00,,error
medium,8.5530,4.11,,error
low,8.5538,3.58,,error
high,8.5510,6.68,,error
low,8.5609,2.63,,error
medium,8.5677,2.89,,error
low,8.5706,1.60,,error
low,8.5805,2.89,,error
medium,8.5845,2.11,,error
low,8.5908,14.50,,error
medium,8.6066,2.68,,error
high,8.6053,5.46,,error
low,8.6077,3.43,,error
low,8.6111,3.97,,error
medium,8.6172,3.31,,error
low,8.6206,2.94,,error
low,8.6307,3.83,,error
medium,8.6346,2.08,,error
low,8.6408,2.95,,error
medium,8.6532,2.46,,error
low,8.6539,2.04,,error
high,8.6510,5.33,,error
low,8.6604,2.53,,error
medium,8.6671,2.43,,error
low,8.6706,3.88,,error
low,8.6807,3.62,,error
medium,8.6843,2.72,,error
low,8.6912,2.73,,error
medium,8.7030,3.06,,error
low,8.7038,2.65,,error
high,8.7011,5.61,,error
low,8.7109,2.70,,error
medium,8.7177,3.38,,error
low,8.7211,3.58,,error
low,8.7309,2.71,,error
medium,8.7336,3.00,,error
low,8.7408,2.93,,error
medium,8.7540,4.75,,error
low,8.7566,2.43,,error
high,8.7514,7.94,,error
low,8.7605,2.08,,error
medium,8.7678,3.56,,error
low,8.7714,2.15,,error
low,8.7808,3.52,,error
medium,8.7843,3.44,,error
low,8.7909,3.95,,error
medium,8.8033,4.30,,error
low,8.8047,3.22,,error
high,8.8011,7.04,,error
low,8.8106,3.13,,error
medium,8.8170,4.46,,error
high,5.7008,3133.85,429,shed
high,5.7512,3084.55,429,shed
medium,8.8389,7.09,,error
low,8.8433,3.38,,error
medium,8.8529,4.05,,error
low,8.8538,3.51,,error
high,8.8510,6.65,,error
low,8.8612,4.72,,error
medium,8.8671,2.30,,error
low,8.8705,2.05,,error
low,8.8808,3.81,,error
medium,8.8846,2.65,,error
low,8.8904,2.27,,error
medium,8.9030,7.20,,error
low,8.9066,3.99,,error
high,8.9009,10.01,,error
low,8.9110,1.82,,error
medium,8.9170,3.30,,error
low,8.9203,2.28,,error
low,8.9308,3.26,,error
medium,8.9341,1.65,,error
low,8.9410,2.63,,error
medium,8.9528,54.96,,error
low,8.9537,54.33,,error
high,8.9508,59.62,,error
high,5.8101,3200.47,429,shed
high,5.9503,3060.27,429,shed
low,9.0039,10.28,,error
low,9.0045,9.95,,error
low,9.0051,9.66,,error
medium,9.0057,9.38,,error
medium,9.0062,9.10,,error
medium,9.0068,8.83,,error
high,9.0109,4.99,,error
low,9.0120,4.16,,error
medium,9.0168,1.75,,error
low,9.0207,2.01,,error
low,9.0309,2.95,,error
medium,9.0339,1.82,,error
low,9.0409,2.78,,error
high,9.0509,6.31,,error
medium,9.0528,4.69,,error
low,9.0538,4.06,,error
high,6.0513,3006.51,429,shed
high,6.0012,3056.68,429,shed
low,9.0704,4.26,,error
low,9.0808,3.75,,error
medium,9.0846,2.27,,error
low,9.0911,3.65,,error
high,6.2509,2855.54,429,shed
high,6.3012,2805.23,429,shed
high,9.1009,6.88,,error
low,9.1104,3.03,,error
medium,9.1176,3.08,,error
low,9.1207,1.81,,error
low,9.1307,2.92,,error
medium,9.1336,1.87,,error
low,9.1406,3.01,,error
medium,9.1527,2.80,,error
low,9.1540,1.76,,error
high,9.1508,5.27,,error
low,9.1602,2.32,,error
medium,9.1677,2.95,,error
low,9.1707,2.88,,error
low,9.1807,2.87,,error
medium,9.1836,1.87,,error
low,9.1906,3.02,,error
high,9.2008,4.30,,error
medium,9.2027,2.73,,error
low,9.2036,2.11,,error
low,9.2109,2.72,,error
medium,9.2178,3.95,,error
low,9.2218,3.57,,error
low,9.2306,3.08,,error
medium,9.2337,5.33,,error
low,9.2412,2.41,,error
high,9.2508,5.34,,error
medium,9.2527,3.74,,error
low,9.2537,3.03,,error
low,9.2609,2.71,,error
medium,9.2678,2.86,,error
low,9.2706,1.55,,error
low,9.2804,3.93,,error
medium,9.2843,2.16,,error
low,9.2907,3.13,,error
medium,9.3031,3.43,,error
low,9.3046,2.22,,error
high,9.3010,6.15,,error
low,3.1107,6204.28,500,error
low,3.1807,6137.08,500,error
low,2.9211,6398.92,500,error
medium,3.0017,6318.88,500,error
low,3.1312,6191.98,500,error
high,6.3509,2972.23,429,shed
medium,9.3528,3.88,,error
low,9.3535,3.47,,error
high,9.3509,6.39,,error
low,9.3604,3.12,,error
medium,9.3677,3.15,,error
low,9.3709,2.54,,error
low,9.3806,3.90,,error
medium,9.3845,2.86,,error
low,9.3905,3.08,,error
high,9.4008,4.74,,error
medium,9.4026,3.20,,error
low,9.4033,2.76,,error
low,9.4102,3.41,,error
medium,9.4178,3.44,,error
low,9.4212,3.32,,error
low,9.4308,5.87,,error
medium,9.4377,8.97,,error
low,9.4434,3.56,,error
medium,9.4527,3.87,,error
low,9.4534,3.49,,error
high,9.4511,6.07,,error
low,9.4603,3.23,,error
medium,9.4677,3.14,,error
low,9.4709,4.38,,error
low,9.4804,4.01,,error
medium,4.1050,5381.94,429,shed
low,9.4910,2.81,,error
medium,9.5031,4.66,,error
low,9.5045,3.65,,error
high,9.5010,7.50,,error
low,9.5107,3.06,,error
medium,9.5171,3.82,,error
low,9.5209,2.99,,error
low,9.5311,3.86,,error
medium,9.5350,5.79,,error
low,9.5409,2.99,,error
high,9.5510,5.81,,error
medium,9.5531,4.11,,error
low,9.5544,3.09,,error
low,9.5606,2.09,,error
medium,9.5679,3.22,,error
low,9.5712,4.68,,error
low,9.5810,3.28,,error
medium,9.5844,2.59,,error
low,9.5921,3.42,,error
high,9.6007,4.42,,error
medium,9.6026,2.82,,error
low,9.6034,2.34,,error
low,9.6109,2.94,,error
medium,9.6173,2.42,,error
low,9.6209,3.56,,error
low,9.6306,4.14,,error
medium,9.6348,1.92,,error
low,9.6409,7.25,,error
high,9.6542,6.65,,error
medium,9.6566,4.61,,error
low,9.6580,3.52,,error
low,9.6616,1.98,,error
low,9.6722,3.69,,error
medium,9.6690,7.83,,error
low,9.6814,8.72,,error
medium,9.6836,7.25,,error
low,9.6909,2.70,,error
high,9.7013,9.31,,error
medium,9.7035,9.17,,error
low,9.7107,2.71,,error
low,9.7061,7.59,,error
medium,9.7179,3.02,,error
low,9.7209,4.33,,error
low,9.7308,2.86,,error
medium,9.7338,2.57,,error
low,9.7406,2.51,,error
high,9.7513,6.73,,error
medium,9.7533,5.09,,error
low,9.7547,4.05,,error
low,9.7609,2.03,,error
medium,9.7671,2.94,,error
low,9.7712,2.37,,error
medium,4.6043,5179.94,429,shed
low,3.1517,6635.93,500,error
low,3.2018,6585.85,500,error
low,2.5704,7219.08,500,error
low,9.8044,2.30,,error
high,9.8009,6.14,,error
low,9.8106,2.69,,error
medium,9.8175,2.92,,error
low,9.8205,88.50,,error
low,9.9109,14.94,,error
low,9.9123,13.89,,error
low,9.9135,13.02,,error
low,9.9145,12.26,,error
low,9.9155,11.57,,error
low,9.9164,10.96,,error
low,9.9172,10.43,,error
medium,9.9182,9.76,,error
medium,9.9189,9.32,,error
medium,9.9196,8.92,,error
medium,9.9202,8.55,,error
medium,9.9209,8.21,,error
high,9.9215,7.97,,error
high,9.9221,7.68,,error
low,9.9091,21.29,,error
low,9.9236,7.09,,error
low,9.9243,6.67,,error
medium,9.9249,6.34,,error
low,9.9313,2.28,,error
medium,4.6241,5311.09,429,shed
medium,4.6680,5267.14,429,shed
medium,4.6843,5250.94,429,shed
medium,4.7023,5232.90,429,shed
low,9.9547,2.75,,error
low,9.9611,2.22,,error
medium,9.9674,2.33,,error
low,9.9709,1.78,,error
low,9.9809,2.89,,error
medium,9.9838,1.65,,error
low,9.9906,2.45,,error
medium,10.0022,2.61,,error
low,10.0030,2.06,,error
high,10.0003,5.11,,error
medium,4.7526,5256.48,429,shed
medium,4.7335,5275.56,429,shed
medium,4.7670,5245.29,429,shed
medium,4.7171,5296.07,429,shed
medium,10.0336,2.54,,error
low,10.0403,3.38,,error
high,10.0509,7.76,,error
medium,10.0530,5.96,,error
low,10.0545,4.86,,error
low,10.0604,3.27,,error
medium,10.0678,3.05,,error
low,10.0709,3.83,,error
low,10.0809,9.94,,error
medium,10.0871,4.14,,error
low,10.0912,2.62,,error
medium,10.1034,3.81,,error
low,10.1045,3.03,,error
high,10.1012,6.57,,error
low,10.1109,6.20,,error
medium,10.1172,5.48,,error
low,10.1203,3.17,,error
low,10.1313,4.73,,error
medium,10.1360,19.45,,error
low,10.1413,14.94,,error
high,10.1563,86.76,,error
medium,10.1593,84.19,,error
low,10.1608,83.04,,error
low,10.1705,73.95,,error
low,10.1768,67.93,,error
medium,10.2389,14.23,,error
medium,10.2399,13.60,,error
medium,10.2408,13.00,,error
medium,10.2414,12.69,,error
medium,10.2420,12.43,,error
low,10.2447,10.04,,error
low,10.2456,9.43,,error
low,10.2464,8.97,,error
low,10.2470,8.64,,error
low,10.2476,8.34,,error
low,10.2482,8.17,,error
low,10.2490,7.63,,error
high,10.2515,5.39,,error
high,10.2569,3.14,,error
medium,10.2581,2.32,,error
low,10.2588,1.83,,error
low,10.2607,1.43,,error
medium,10.2673,2.50,,error
low,10.2710,1.94,,error
low,10.2811,2.66,,error
medium,10.2839,1.56,,error
low,10.2906,2.62,,error
high,10.3005,9.97,,error
medium,10.3024,8.39,,error
low,10.3062,4.88,,error
low,10.3111,1.52,,error
medium,10.3185,3.30,,error
low,10.3206,1.59,,error
low,10.3304,2.54,,error
medium,10.3340,1.59,,error
low,10.3407,2.75,,error
high,10.3507,4.44,,error
medium,10.3527,2.82,,error
low,10.3535,2.30,,error
low,10.3610,2.60,,error
medium,10.3683,3.93,,error
low,10.3705,2.09,,error
low,10.3808,2.58,,error
medium,10.3845,1.74,,error
low,10.3904,2.49,,error
high,10.4011,4.30,,error
medium,10.4030,2.71,,error
low,10.4041,1.86,,error
low,10.4112,2.62,,error
medium,10.4170,2.42,,error
low,10.4206,1.86,,error
low,10.4306,2.61,,error
medium,10.4344,1.79,,error
low,10.4403,2.75,,error
high,10.4503,4.16,,error
medium,10.4522,2.55,,error
low,10.4531,1.95,,error
low,10.4612,3.63,,error
medium,10.4670,2.98,,error
low,10.4711,2.43,,error
low,10.4808,2.83,,error
medium,10.4836,1.98,,error
low,10.4908,2.82,,error
high,10.5009,4.17,,error
medium,10.5028,2.57,,error
low,10.5037,1.91,,error
low,10.5108,4.33,,error
medium,10.5173,2.50,,error
low,10.5209,2.86,,error
low,10.5310,5.25,,error
medium,10.5336,3.01,,error
low,10.5408,3.22,,error
high,10.5519,5.57,,error
medium,10.5540,3.81,,error
low,10.5554,2.65,,error
low,10.5602,2.64,,error
medium,10.5670,2.81,,error
low,10.5709,2.68,,error
low,10.5808,3.20,,error
medium,10.5840,6.88,,error
low,10.5910,2.46,,error
high,10.6006,10.61,,error
medium,10.6027,9.02,,error
low,10.6041,8.03,,error
low,10.6122,2.47,,error
medium,10.6178,3.41,,error
low,10.6212,3.37,,error
low,10.6307,3.53,,error
medium,10.6343,1.53,,error
low,10.6410,3.69,,error
medium,10.6528,3.95,,error
low,10.6536,3.47,,error
high,10.6509,6.48,,error
low,10.6606,4.17,,error
medium,10.6679,2.76,,error
low,10.6706,2.92,,error
low,10.6807,2.65,,error
medium,10.6834,2.16,,error
low,10.6908,2.95,,error
medium,10.7029,2.60,,error
low,10.7037,2.08,,error
high,10.7010,5.14,,error
low,10.7103,3.16,,error
medium,10.7176,3.13,,error
low,10.7208,2.76,,error
low,10.7308,4.12,,error
medium,10.7349,2.64,,error
low,10.7407,2.92,,error
high,10.7512,8.45,,error
medium,10.7534,6.61,,error
low,10.7572,3.19,,error
low,10.7604,3.12,,error
medium,10.7677,2.57,,error
low,10.7703,2.15,,error
low,10.7807,3.16,,error
medium,10.7839,2.77,,error
low,10.7908,3.20,,error
medium,10.8034,15.05,,error
low,10.8047,14.23,,error
low,10.8116,7.70,,error
high,10.8013,18.33,,error
medium,10.8197,3.08,,error
low,10.8211,2.00,,error
medium,10.8335,2.87,,error
low,10.8312,5.50,,error
low,10.8409,2.83,,error
high,10.8509,5.52,,error
medium,10.8529,3.86,,error
low,10.8544,2.70,,error
low,10.8603,2.29,,error
medium,10.8677,2.82,,error
low,10.8706,2.00,,error
low,10.8808,3.46,,error
medium,10.8843,2.37,,error
low,10.8908,2.65,,error
high,10.9007,5.74,,error
medium,10.9028,3.97,,error
low,10.9043,2.84,,error
low,10.9103,3.52,,error
medium,10.9169,2.77,,error
low,10.9208,2.82,,error
low,10.9308,2.98,,error
medium,10.9339,2.03,,error
low,10.9411,2.78,,error
high,10.9511,5.46,,error
medium,10.9532,3.74,,error
low,10.9546,2.68,,error
low,10.9604,2.19,,error
medium,10.9677,3.03,,error
low,10.9708,1.76,,error
low,10.9808,2.82,,error
medium,10.9836,1.55,,error
low,10.9903,2.34,,error
high,11.0009,4.19,,error
medium,11.0027,2.64,,error
low,11.0035,2.16,,error
low,11.0115,2.47,,error
medium,11.0171,2.16,,error
low,11.0204,1.72,,error
low,11.0302,2.80,,error
medium,11.0342,3.37,,error
low,11.0407,2.09,,error
high,11.0510,4.22,,error
medium,11.0528,2.65,,error
low,11.0536,2.13,,error
low,11.0609,2.17,,error
medium,11.0672,2.11,,error
low,11.0704,1.54,,error
low,11.0822,3.48,,error
medium,11.0844,1.76,,error
low,11.0903,2.11,,error
high,11.1006,4.26,,error
medium,11.1025,2.69,,error
low,11.1036,1.86,,error
low,11.1114,2.64,,error
medium,11.1186,3.35,,error
low,11.1208,1.58,,error
low,11.1309,2.68,,error
medium,11.1337,1.35,,error
low,11.1412,2.74,,error
high,11.1512,3.91,,error
medium,11.1531,2.35,,error
low,11.1538,1.87,,error
low,11.1609,2.41,,error
medium,11.1680,2.47,,error
low,11.1705,2.79,,error
low,11.1807,4.03,,error
medium,11.1848,1.96,,error
low,11.1909,2.24,,error
high,11.2003,3.93,,error
medium,11.2022,2.41,,error
low,11.2029,1.99,,error
low,11.2110,2.38,,error
medium,11.2176,2.07,,error
low,11.2208,1.61,,error
low,11.2306,2.76,,error
medium,11.2345,1.48,,error
low,11.2411,2.16,,error
high,11.2504,3.61,,error
medium,11.2522,2.19,,error
low,11.2528,1.84,,error
low,11.2608,2.28,,error
medium,11.2672,2.16,,error
low,11.2705,2.02,,error
low,11.2807,2.51,,error
medium,11.2843,1.59,,error
low,11.2911,2.30,,error
medium,11.3025,2.12,,error
low,11.3033,1.60,,error
high,11.3006,4.62,,error
low,11.3104,2.52,,error
medium,11.3171,1.98,,error
low,11.3212,1.71,,error
low,11.3311,2.57,,error
medium,11.3337,2.26,,error
low,11.3412,4.65,,error
high,11.3511,4.27,,error
medium,11.3530,2.69,,error
low,11.3538,2.17,,error
low,11.3612,3.57,,error
medium,11.3669,5.83,,error
low,11.3727,1.80,,error
low,11.3815,4.89,,error
medium,11.3846,2.25,,error
low,11.3911,2.92,,error
high,11.4012,8.48,,error
medium,11.4032,6.86,,error
low,11.4041,6.24,,error
low,11.4104,1.68,,error
medium,11.4172,2.65,,error
low,11.4232,2.43,,error
low,11.4308,2.54,,error
medium,11.4345,1.77,,error
low,11.4404,2.54,,error
high,11.4512,4.63,,error
medium,11.4534,2.71,,error
low,11.4544,1.98,,error
low,11.4606,2.45,,error
medium,11.4672,2.32,,error
low,11.4706,1.70,,error
low,11.4805,2.55,,error
medium,11.4842,1.79,,error
low,11.4912,3.79,,error
medium,4.8338,6662.41,429,shed
medium,4.8022,6694.04,429,shed
medium,4.8178,6678.39,429,shed
medium,4.7835,6713.33,429,shed
medium,11.5169,2.54,,error
low,11.5205,1.88,,error
low,11.5306,2.96,,error
medium,11.5336,1.50,,error
low,11.5403,2.42,,error
high,11.5509,3.79,,error
medium,11.5528,2.21,,error
low,11.5535,1.82,,error
low,11.5605,2.44,,error
medium,11.5670,2.18,,error
low,11.5703,1.90,,error
low,11.5804,2.43,,error
medium,11.5839,1.67,,error
low,11.5908,2.54,,error
high,11.6005,5.43,,error
medium,11.6024,3.87,,error
low,11.6034,3.19,,error
low,11.6107,2.40,,error
medium,11.6172,2.33,,error
low,11.6206,1.67,,error
low,11.6305,2.49,,error
medium,11.6341,1.65,,error
low,11.6409,2.50,,error
medium,11.6524,2.29,,error
low,11.6532,1.77,,error
high,11.6506,4.79,,error
low,11.6605,4.33,,error
medium,11.6669,3.83,,error
low,11.6708,1.64,,error
low,11.6806,2.43,,error
medium,11.6841,1.68,,error
low,11.6910,2.40,,error
high,11.7005,4.14,,error
medium,11.7024,2.59,,error
low,11.7032,2.11,,error
low,11.7104,2.40,,error
medium,11.7170,2.31,,error
low,11.7204,1.69,,error
low,11.7302,2.49,,error
medium,11.7338,1.72,,error
low,11.7407,2.35,,error
high,11.7512,4.22,,error
medium,11.7530,2.69,,error
low,11.7542,1.81,,error
low,11.7612,2.42,,error
medium,11.7677,2.16,,error
low,11.7710,1.61,,error
low,11.7808,2.37,,error
medium,11.7843,1.41,,error
low,11.7908,1.90,,error
high,11.8008,3.62,,error
medium,11.8026,2.15,,error
low,11.8033,1.80,,error
low,11.8112,2.26,,error
medium,11.8176,1.89,,error
low,11.8206,1.52,,error
low,11.8303,2.39,,error
medium,11.8338,1.90,,error
low,11.8408,1.90,,error
high,11.8509,3.75,,error
medium,11.8528,2.17,,error
low,11.8534,1.81,,error
low,11.8604,2.33,,error
medium,11.8679,2.41,,error
low,11.8703,1.17,,error
low,11.8817,3.82,,error
medium,11.8843,1.58,,error
low,11.8911,2.39,,error
medium,11.9026,2.10,,error
low,11.9034,1.59,,error
high,11.9007,4.60,,error
low,11.9104,2.48,,error
medium,11.9171,2.42,,error
low,11.9206,1.96,,error
low,11.9307,2.43,,error
medium,11.9343,1.61,,error
low,11.9406,2.25,,error
high,11.9511,3.96,,error
medium,11.9530,2.36,,error
low,11.9538,1.84,,error
low,11.9608,2.63,,error
medium,11.9675,2.33,,error
low,11.9710,1.57,,error
low,11.9807,2.44,,error
medium,11.9843,1.65,,error
low,11.9911,2.24,,error
medium,12.0023,2.21,,error
low,12.0031,1.78,,error
high,12.0005,4.65,,error
low,12.0103,2.34,,error
medium,12.0178,2.31,,error
low,12.0201,1.36,,error
low,12.0317,3.28,,error
medium,12.0338,1.60,,error
low,12.0405,2.30,,error
medium,12.0528,2.16,,error
low,12.0535,1.84,,error
high,12.0510,4.58,,error
low,12.0607,2.26,,error
medium,12.0671,2.08,,error
low,12.0703,1.58,,error
low,12.0821,3.24,,error
medium,12.0841,1.60,,error
low,12.0909,2.39,,error
high,12.1005,4.25,,error
medium,12.1025,2.46,,error
low,12.1035,1.85,,error
low,12.1105,2.37,,error
medium,12.1170,2.42,,error
low,12.1205,1.80,,error
low,12.1305,2.57,,error
medium,12.1342,1.68,,error
low,12.1411,2.70,,error
medium,12.1528,1.92,,error
low,12.1535,1.53,,error
high,12.1509,4.38,,error
low,12.1605,2.26,,error
medium,12.1669,2.03,,error
low,12.1710,1.82,,error
low,12.1810,2.74,,error
medium,12.1838,1.40,,error
low,12.1903,2.22,,error
high,12.2007,3.93,,error
medium,12.2026,2.35,,error
low,12.2034,1.85,,error
low,12.2104,2.33,,error
medium,12.2169,2.15,,error
low,12.2212,2.11,,error
low,12.2304,3.17,,error
medium,12.2336,1.54,,error
low,12.2403,2.39,,error
medium,12.2530,1.97,,error
low,12.2537,1.57,,error
high,12.2511,4.45,,error
low,12.2608,2.61,,error
medium,12.2676,2.72,,error
low,12.2703,5.25,,error
low,12.2813,6.37,,error
medium,12.2853,2.88,,error
low,12.2903,2.15,,error
high,12.3007,9.42,,error
medium,12.3028,7.74,,error
low,12.3075,3.40,,error
low,12.3109,1.99,,error
medium,12.3171,2.10,,error
low,12.3203,1.64,,error
low,12.3321,3.35,,error
medium,12.3343,1.57,,error
low,12.3411,2.24,,error
medium,12.3524,2.28,,error
low,12.3532,1.80,,error
high,12.3505,4.74,,error
low,12.3604,2.26,,error
medium,12.3679,2.38,,error
low,12.3703,1.38,,error
low,12.3818,3.52,,error
medium,12.3840,1.89,,error
low,12.3911,2.49,,error
medium,12.4027,2.57,,error
low,12.4035,2.06,,error
high,12.4008,5.04,,error
low,12.4110,2.58,,error
medium,12.4177,2.34,,error
low,12.4201,1.41,,error
low,12.4318,3.51,,error
medium,12.4339,1.77,,error
low,12.4409,2.45,,error
high,12.4506,4.32,,error
medium,12.4528,2.43,,error
low,12.4536,1.85,,error
low,12.4607,2.51,,error
medium,12.4674,2.38,,error
low,12.4709,1.71,,error
low,12.4808,2.55,,error
medium,12.4845,1.63,,error
low,12.4902,2.33,,error
high,12.5007,3.94,,error
medium,12.5026,2.38,,error
low,12.5034,2.03,,error
low,12.5112,2.64,,error
medium,12.5172,2.29,,error
low,12.5222,2.55,,error
low,12.5309,3.58,,error
medium,12.5345,2.95,,error
low,12.5406,3.79,,error
medium,12.5525,2.17,,error
low,12.5532,1.70,,error
high,12.5506,4.64,,error
low,12.5604,3.47,,error
medium,12.5670,3.70,,error
low,12.5708,2.72,,error
low,12.5807,4.10,,error
medium,12.5848,2.70,,error
low,12.5906,2.01,,error
high,12.6008,3.80,,error
medium,12.6027,2.24,,error
low,12.6033,1.92,,error
low,12.6104,4.26,,error
medium,12.6178,2.14,,error
low,12.6210,5.82,,error
low,12.6310,3.55,,error
low,12.6471,3.05,,error
high,12.6503,5.95,,error
medium,12.6513,5.26,,error
low,12.6519,4.91,,error
medium,12.6432,13.96,,error
low,12.6607,3.48,,error
medium,12.6673,2.34,,error
low,12.6710,1.92,,error
low,12.6812,4.76,,error
medium,12.6860,3.71,,error
low,12.6908,2.82,,error
high,12.7008,6.90,,error
medium,12.7028,5.23,,error
low,12.7041,4.31,,error
low,12.7105,2.02,,error
low,12.7208,2.90,,error
medium,12.7177,6.37,,error
low,12.7312,3.36,,error
medium,12.7346,2.86,,error
low,12.7406,2.94,,error
high,12.7508,4.20,,error
medium,12.7527,2.61,,error
low,12.7534,2.23,,error
low,12.7609,2.48,,error
medium,12.7675,3.33,,error
low,12.7709,1.68,,error
low,12.7807,3.55,,error
medium,12.7843,2.16,,error
low,12.7906,2.32,,error
high,12.8012,5.54,,error
low,12.8046,2.45,,error
medium,12.8034,3.96,,error
low,12.8105,3.14,,error
medium,12.8178,3.38,,error
low,12.8212,1.94,,error
low,12.8303,38.73,,error
medium,12.8565,13.04,,error
medium,12.8607,12.24,,error
low,12.8627,10.52,,error
low,12.8641,9.52,,error
high,12.8652,8.69,,error
low,12.8664,15.81,,error
medium,12.8675,15.80,,error
low,12.8705,15.75,,error
medium,12.8884,2.22,,error
low,12.8863,4.68,,error
low,12.8910,2.98,,error
high,12.9012,4.17,,error
medium,12.9031,2.53,,error
low,12.9039,2.07,,error
medium,2.8841,10109.04,200,ok
medium,4.8676,8125.62,429,shed
medium,4.8523,8140.96,429,shed
medium,4.9018,8091.40,429,shed
medium,4.8835,8109.78,429,shed
low,12.9112,83.05,,error
low,12.9894,8.83,,error
low,12.9902,8.30,,error
low,12.9910,7.82,,error
low,12.9917,12.11,,error
low,12.9949,10.57,,error
medium,12.9956,10.22,,error
high,13.0003,5.79,,error
medium,13.0014,5.02,,error
low,13.0025,4.16,,error
high,12.9924,14.52,,error
low,12.9942,13.07,,error
medium,12.9811,26.63,,error
low,13.0108,3.91,,error
medium,13.0178,3.06,,error
low,13.0209,2.55,,error
low,13.0306,3.12,,error
medium,13.0338,1.96,,error
low,13.0409,3.74,,error
medium,4.9669,8082.75,429,shed
medium,4.9522,8097.47,429,shed
medium,4.9340,8115.69,429,shed
medium,4.9176,8132.10,429,shed
medium,13.0677,3.64,,error
low,13.0714,2.07,,error
medium,5.0019,8149.16,429,shed
medium,4.9844,8166.74,429,shed
medium,5.0175,8133.61,429,shed
medium,5.0364,8114.81,429,shed
medium,13.1024,85.07,,error
low,13.1033,84.52,,error
low,13.1112,76.91,,error
medium,13.1473,41.14,,error
medium,13.1484,40.32,,error
low,13.1490,39.97,,error
low,13.1496,39.69,,error
low,13.1505,39.14,,error
high,13.1514,38.51,,error
medium,13.1520,38.21,,error
low,13.1526,37.88,,error
low,13.1605,30.29,,error
medium,13.1676,23.46,,error
low,13.1707,20.63,,error
low,13.1822,9.43,,error
medium,13.1842,7.67,,error
medium,5.0523,8163.95,429,shed
medium,5.0675,8149.56,429,shed
medium,5.0837,8135.20,429,shed
medium,5.1788,8041.16,429,shed
medium,2.9514,10321.77,200,ok
medium,5.1024,8170.79,429,shed
medium,3.1513,10121.87,200,ok
medium,5.1808,8092.39,429,shed
medium,5.1804,8092.84,429,shed
medium,5.1792,8094.05,429,shed
high,13.2509,27.15,,error
medium,13.2555,22.88,,error
low,13.2577,20.93,,error
low,13.2753,14.48,,error
medium,13.2769,13.21,,error
low,13.2740,16.48,,error
medium,13.2885,30.26,,error
low,13.2994,19.66,,error
high,13.3085,10.87,,error
medium,13.3103,9.28,,error
low,13.3111,8.78,,error
low,13.3156,4.55,,error
medium,13.3172,3.30,,error
low,13.2865,34.26,,error
medium,5.1841,8138.39,429,shed
medium,5.2022,8123.54,429,shed
medium,5.2170,8112.43,429,shed
medium,5.2336,8096.59,429,shed
high,4.3010,9055.29,429,shed
low,13.3542,68.98,,error
low,13.3604,63.08,,error
medium,13.3675,56.35,,error
low,13.3711,53.02,,error
low,13.3808,43.61,,error
medium,13.3840,40.67,,error
low,13.3906,34.36,,error
high,13.4008,24.46,,error
medium,13.4028,22.77,,error
low,13.4037,22.51,,error
low,13.3216,104.91,,error
low,13.4109,15.88,,error
medium,13.4173,9.81,,error
low,13.4211,7.42,,error
low,13.4302,2.69,,error
medium,13.4340,2.61,,error
low,13.4408,2.63,,error
high,13.4507,7.44,,error
medium,13.4527,5.80,,error
low,13.4551,3.70,,error
low,13.4612,2.35,,error
medium,13.4677,5.95,,error
low,13.4703,3.65,,error
high,4.3505,9195.52,429,shed
medium,5.3026,8243.43,429,shed
medium,5.2838,8262.24,429,shed
medium,5.2670,8279.02,429,shed
medium,5.2548,8291.25,429,shed
high,4.4507,9095.37,429,shed
low,13.4811,66.28,,error
medium,5.3524,8224.19,429,shed
medium,5.3336,8242.96,429,shed
medium,5.3170,8259.58,429,shed
high,13.1003,476.34,429,shed
high,13.5449,32.26,,error
low,13.5474,30.09,,error
low,13.5436,34.19,,error
medium,13.5487,29.64,,error
low,13.5481,30.53,,error
low,13.5739,11.50,,error
low,13.5786,7.03,,error
low,13.5810,5.99,,error
medium,13.5842,3.03,,error
high,6.4510,7137.98,429,shed
medium,13.6028,2.81,,error
low,13.6035,2.40,,error
high,13.6009,5.26,,error
low,13.6103,4.44,,error
medium,13.6169,2.82,,error
low,13.6209,2.57,,error
high,6.5509,7082.14,429,shed
medium,2.9674,10666.24,200,ok
low,13.6410,5.79,,error
high,13.6510,21.76,,error
medium,13.6529,20.23,,error
low,13.6620,11.40,,error
low,13.6666,7.15,,error
medium,13.6695,4.54,,error
low,13.6706,3.73,,error
high,9.9512,3724.93,429,shed
medium,5.3670,8313.60,429,shed
medium,5.3837,8299.92,429,shed
medium,5.4024,8281.24,429,shed
medium,5.4178,8265.86,429,shed
high,13.7012,5.46,,error
low,13.7102,6.27,,error
medium,5.4523,8270.39,429,shed
medium,5.4678,8254.92,429,shed
medium,5.4838,8239.01,429,shed
medium,5.4335,8289.24,429,shed
high,11.5011,2228.51,429,shed
medium,5.5344,8298.52,429,shed
medium,5.5524,8280.54,429,shed
medium,5.5179,8315.08,429,shed
medium,5.5025,8330.47,429,shed
medium,5.6344,8198.58,429,shed
medium,5.5678,8265.14,429,shed
medium,5.6019,8231.14,429,shed
medium,5.5844,8248.62,429,shed
medium,5.6178,8215.20,429,shed
medium,5.6540,8179.07,429,shed
low,13.8122,21.64,,error
medium,13.7531,81.07,,error
high,13.7509,83.51,,error
medium,13.8352,3.98,,error
low,13.8358,3.68,,error
low,13.8365,3.26,,error
low,13.8248,15.18,,error
low,13.8405,4.87,,error
medium,13.8530,8.03,,error
low,13.8582,3.20,,error
high,13.8513,10.44,,error
low,13.8617,2.69,,error
medium,13.8676,5.15,,error
low,13.8705,2.53,,error
medium,13.8835,7.41,,error
low,13.8812,10.15,,error
low,13.8914,4.20,,error
medium,13.9025,3.10,,error
high,13.9008,5.70,,error
low,13.9037,3.07,,error
low,13.9109,5.88,,error
low,13.9205,5.32,,error
medium,13.9169,9.40,,error
low,13.9304,3.59,,error
medium,13.9341,2.17,,error
low,13.9404,3.54,,error
medium,2.9020,11047.67,200,ok
medium,3.5517,10398.04,200,ok
low,13.9528,60.37,,error
low,13.9994,16.73,,error
low,14.0014,15.14,,error
low,14.0027,14.15,,error
low,14.0039,13.30,,error
medium,14.0066,10.92,,error
medium,14.0078,10.02,,error
high,14.0095,8.58,,error
medium,14.0108,7.64,,error
low,14.0117,6.97,,error
low,14.0134,5.63,,error
medium,14.0190,3.55,,error
low,14.0204,4.24,,error
low,14.0308,2.97,,error
medium,14.0338,5.80,,error
low,14.0407,2.83,,error
medium,14.0527,3.89,,error
low,14.0541,2.80,,error
high,14.0508,6.41,,error
low,14.0603,4.46,,error
medium,14.0669,2.67,,error
low,14.0707,2.59,,error
low,14.0805,3.13,,error
medium,14.0836,2.93,,error
low,14.0907,3.94,,error
high,13.2003,905.05,429,shed
medium,14.1027,3.32,,error
low,14.1035,2.86,,error
low,14.1108,3.76,,error
medium,14.1177,2.93,,error
low,14.1207,2.86,,error
low,14.1307,3.68,,error
medium,14.1345,2.51,,error
low,14.1411,3.60,,error
medium,14.1529,2.06,,error
low,14.1536,1.62,,error
high,14.1509,4.67,,error
low,14.1608,4.00,,error
medium,14.1669,3.21,,error
low,14.1702,1.70,,error
medium,14.1844,2.13,,error
low,14.1821,4.79,,error
medium,3.7169,10479.18,429,shed
high,14.2003,14.00,,error
medium,14.2021,12.51,,error
low,14.2027,12.13,,error
low,14.2106,4.49,,error
medium,14.2181,30.81,,error
low,14.2410,8.74,,error
low,14.2210,29.06,,error
high,14.2501,5.48,,error
medium,14.2514,4.44,,error
low,14.2522,3.99,,error
low,14.2310,25.54,,error
medium,14.2343,22.53,,error
low,14.2609,2.67,,error
medium,14.2677,8.12,,error
low,14.2706,5.73,,error
low,14.2804,4.00,,error
medium,14.2844,1.96,,error
low,14.2906,3.40,,error
medium,14.3031,3.44,,error
low,14.3039,2.96,,error
high,14.3012,5.92,,error
medium,3.1022,11205.50,200,ok
high,13.5705,744.41,429,shed
low,14.3204,2.14,,error
low,14.3307,2.61,,error
medium,14.3344,3.14,,error
low,14.3407,2.84,,error
medium,14.3526,3.93,,error
low,14.3534,3.45,,error
high,14.3507,6.40,,error
low,14.3603,2.22,,error
medium,14.3677,2.47,,error
low,14.3702,10.75,,error
low,14.3810,2.03,,error
medium,14.3841,1.81,,error
low,14.3911,3.55,,error
medium,14.4036,6.65,,error
low,14.4055,5.23,,error
high,14.4013,9.75,,error
low,14.4112,1.80,,error
medium,14.4171,3.85,,error
low,14.4210,4.44,,error
medium,3.7844,10642.24,429,shed
medium,14.4370,3.47,,error
low,14.4408,34.20,,error
high,14.4513,24.11,,error
medium,14.4534,22.41,,error
low,14.4548,21.31,,error
low,14.4612,15.31,,error
medium,14.4675,9.32,,error
low,14.4720,5.15,,error
low,14.4804,2.29,,error
medium,14.4839,2.84,,error
low,14.4908,9.37,,error
high,14.5003,12.32,,error
medium,14.5042,9.36,,error
low,14.5090,4.85,,error
low,14.5107,3.47,,error
medium,14.5173,3.29,,error
low,14.5206,1.65,,error
low,14.5304,3.51,,error
medium,14.5340,3.70,,error
low,14.5408,2.97,,error
medium,14.5531,3.08,,error
low,14.5544,2.13,,error
high,14.5511,5.76,,error
low,14.5610,2.63,,error
medium,14.5678,3.80,,error
low,14.5716,2.53,,error
low,14.5804,3.98,,error
medium,14.5844,4.23,,error
low,14.5907,2.85,,error
high,14.6008,6.82,,error
medium,14.6030,4.98,,error
low,14.6044,3.83,,error
low,14.6104,3.23,,error
medium,14.6178,3.44,,error
low,14.6212,3.27,,error
low,14.6307,2.95,,error
medium,14.6337,2.83,,error
low,14.6407,2.96,,error
high,14.6508,4.70,,error
medium,14.6527,3.11,,error
low,14.6537,2.41,,error
low,14.6603,3.42,,error
medium,14.6679,3.40,,error
low,14.6713,2.18,,error
low,14.6806,2.96,,error
medium,14.6836,1.83,,error
medium,5.7172,8976.65,429,shed
medium,5.7364,8957.45,429,shed
low,14.6906,3.99,,error
medium,5.6851,9011.97,429,shed
medium,5.6674,9030.29,429,shed
medium,5.7025,8995.83,429,shed
medium,5.7528,8950.72,429,shed
low,14.7307,3.62,,error
medium,14.7344,2.14,,error
low,14.7406,2.57,,error
medium,5.8175,8926.55,429,shed
medium,5.8091,8935.49,429,shed
high,13.3507,1406.06,429,shed
medium,5.9027,8853.99,429,shed
medium,5.9169,8839.83,429,shed
medium,5.8096,8947.16,429,shed
low,14.7980,13.35,,error
low,14.8001,11.72,,error
medium,14.8014,10.73,,error
high,14.8044,8.16,,error
medium,14.8055,7.33,,error
low,14.8064,6.70,,error
low,14.8132,1.83,,error
medium,14.8172,2.00,,error
low,14.8203,1.98,,error
low,14.8304,4.17,,error
medium,5.9674,8870.35,429,shed
medium,6.0028,8835.84,429,shed
medium,5.9337,8910.15,429,shed
medium,5.9836,8861.79,429,shed
medium,6.0169,8828.54,429,shed
medium,6.0343,8811.16,429,shed
medium,14.8673,3.53,,error
low,14.8709,2.39,,error
low,14.8805,4.41,,error
medium,14.8849,2.76,,error
low,14.8908,3.92,,error
high,14.9010,5.66,,error
medium,14.9028,4.09,,error
low,14.9036,3.67,,error
medium,6.1837,8726.80,429,shed
medium,6.0530,8857.45,429,shed
medium,6.1035,8806.96,429,shed
medium,6.2170,8693.53,429,shed
medium,6.2338,8676.71,429,shed
medium,6.2527,8657.84,429,shed
medium,6.3179,8621.28,429,shed
medium,6.3030,8636.16,429,shed
medium,6.3335,8605.63,429,shed
medium,6.2670,8672.15,429,shed
medium,6.3527,8586.50,429,shed
medium,6.2837,8655.54,429,shed
low,14.9809,3.05,,error
medium,14.9840,3.62,,error
low,14.9908,2.85,,error
medium,15.0028,2.76,,error
low,15.0038,2.03,,error
high,15.0009,5.30,,error
low,15.0103,3.36,,error
medium,15.0179,3.65,,error
medium,6.4023,8621.26,429,shed
medium,6.7090,8317.07,429,shed
medium,6.5854,8440.77,429,shed
medium,6.4669,8559.24,429,shed
high,14.1009,925.32,429,shed
medium,6.5342,8492.58,429,shed
high,15.0506,5.02,,error
low,15.0612,2.86,,error
medium,15.0673,3.08,,error
low,15.0704,2.23,,error
low,15.0809,2.66,,error
medium,15.0836,1.94,,error
low,15.0907,2.65,,error
high,15.1006,5.34,,error
medium,15.1025,3.68,,error
low,15.1035,3.04,,error
medium,13.5340,1579.52,429,shed
medium,13.2171,1897.16,429,shed
medium,13.9522,1162.88,429,shed
medium,12.9836,2131.47,429,shed
low,15.1312,8.47,,error
low,15.1402,2.48,,error
medium,15.1543,3.27,,error
low,15.1558,2.07,,error
high,15.1523,5.85,,error
low,15.1603,2.22,,error
high,3.9521,11220.26,200,ok
low,15.1725,7.71,,error
low,15.1807,5.20,,error
medium,15.1862,2.29,,error
low,15.1906,2.38,,error
high,15.2008,8.99,,error
medium,15.2030,7.07,,error
low,15.2044,6.01,,error
low,15.2105,1.62,,error
medium,15.2172,2.14,,error
low,15.2205,1.62,,error
low,15.2303,2.85,,error
medium,15.2343,1.70,,error
low,15.2406,3.03,,error
medium,15.2524,2.35,,error
low,15.2531,1.95,,error
high,15.2508,4.61,,error
high,3.1012,12154.99,200,ok
medium,3.1340,12122.17,200,ok
medium,15.2682,10.05,,error
low,15.2808,2.23,,error
medium,15.2842,3.34,,error
low,15.2906,1.72,,error
high,15.3005,7.70,,error
medium,15.3023,6.20,,error
low,15.3032,5.67,,error
low,15.3103,1.75,,error
medium,15.3172,3.44,,error
low,15.3206,1.54,,error
low,15.3303,3.93,,error
medium,15.3343,1.64,,error
medium,3.3518,11988.21,200,ok
medium,3.6854,11654.60,200,ok
medium,3.8353,11504.68,429,shed
medium,3.1678,12182.68,200,ok
low,15.3605,3.50,,error
medium,15.3671,2.57,,error
low,15.3708,2.77,,error
medium,3.2015,12174.36,200,ok
medium,15.3837,1.90,,error
low,15.3910,2.56,,error
high,15.4008,4.93,,error
medium,15.4027,3.30,,error
low,15.4035,2.78,,error
low,15.4105,2.37,,error
medium,15.4178,5.07,,error
low,15.4229,2.24,,error
medium,14.9527,472.84,429,shed
medium,4.0023,11432.50,429,shed
medium,4.2175,11217.30,429,shed
medium,4.0337,11401.05,429,shed
medium,3.2192,12225.99,200,ok
medium,14.9669,479.81,429,shed
medium,4.2524,11203.61,200,ok
low,4.2306,11225.48,429,shed
medium,3.7518,11705.74,200,ok
medium,15.0525,408.25,429,shed
medium,4.5836,10877.16,200,ok
high,3.2007,12260.10,200,ok
medium,4.4179,11056.30,429,shed
medium,4.4337,11041.63,429,shed
medium,4.5020,10973.38,429,shed
low,15.5112,2.37,,error
medium,15.5177,1.88,,error
low,15.5207,2.24,,error
medium,15.1336,393.35,429,shed
medium,9.8030,5728.11,429,shed
medium,4.5678,10963.34,429,shed
medium,4.5343,10996.85,429,shed
medium,15.3519,197.79,429,shed
medium,15.1699,385.41,429,shed
medium,1.8528,13702.93,200,ok
low,15.5533,2.81,,error
medium,2.7344,12832.72,200,ok
low,4.5309,11038.42,429,shed
high,4.1007,11480.13,200,ok
low,15.5908,2.26,,error
high,15.6003,4.73,,error
medium,15.6022,3.13,,error
low,15.6037,1.96,,error
low,15.6108,2.89,,error
medium,12.9824,2632.18,429,shed
medium,3.6336,11981.62,200,ok
high,3.2610,12354.83,200,ok
medium,9.9533,5663.30,429,shed
medium,11.5030,4114.22,429,shed
high,15.6512,18.37,,error
medium,15.6533,16.82,,error
low,15.6549,15.64,,error
medium,15.4348,238.83,429,shed
medium,13.2021,2476.09,429,shed
medium,13.2369,2445.28,429,shed
medium,13.0521,2630.09,429,shed
medium,12.9846,2697.60,429,shed
medium,1.8836,13799.31,200,ok
medium,4.3673,11331.36,200,ok
medium,4.2683,11430.42,200,ok
medium,4.2024,11496.26,200,ok
low,1.3019,14411.78,200,ok
low,0.2009,15512.81,200,ok
low,1.9710,13742.74,200,ok
low,0.2209,15492.92,200,ok
low,1.4520,14261.77,200,ok
low,0.3514,15362.40,200,ok
low,2.5318,13182.02,200,ok
low,1.6911,14022.76,200,ok
low,0.3318,15382.11,200,ok
low,2.2212,13492.70,200,ok
low,2.1018,13612.09,200,ok
low,1.2104,14503.53,200,ok
low,0.9609,14753.08,200,ok
low,0.9204,14793.60,200,ok
low,1.3210,14392.95,200,ok
low,1.3810,14333.05,200,ok
low,1.4808,14233.24,200,ok
low,0.3629,15351.19,200,ok
high,3.5011,12237.28,429,shed
high,3.8510,11892.89,429,shed
medium,1.7693,13976.94,200,ok
high,5.9011,9845.60,429,shed
high,2.3512,13396.18,200,ok
medium,2.0510,13696.48,200,ok
high,6.7506,9004.26,429,shed
medium,2.0842,13670.71,200,ok
high,15.4509,306.64,429,shed
medium,2.6679,13090.04,429,shed
high,15.3506,408.89,429,shed
medium,2.6835,13077.68,429,shed
medium,2.8016,12959.65,429,shed
medium,13.5328,2231.01,429,shed
medium,13.3336,2430.31,429,shed
medium,13.7031,2061.34,429,shed
medium,3.1841,12582.16,429,shed
medium,2.8169,12949.57,429,shed
medium,2.0175,13748.93,200,ok
medium,3.2943,12475.33,429,shed
high,2.6005,13176.34,200,ok
medium,3.3336,12443.28,429,shed
medium,2.5835,13193.35,200,ok
medium,3.4182,12367.43,429,shed
high,2.6508,13134.89,200,ok
medium,3.7342,12051.51,429,shed
medium,3.4521,12333.63,429,shed
medium,3.9020,11883.76,429,shed
high,2.8006,12985.11,200,ok
medium,3.5023,12283.50,429,shed
medium,4.0673,11724.39,429,shed
medium,5.8344,9957.25,429,shed
medium,4.6361,11155.64,429,shed
medium,6.1006,9691.14,429,shed
medium,5.8085,9983.24,429,shed
high,2.7010,13090.74,200,ok
medium,6.2021,9592.89,429,shed
medium,8.0345,7760.46,429,shed
medium,6.7343,9060.64,429,shed
medium,6.1539,9641.08,429,shed
medium,6.7099,9085.11,429,shed
medium,13.5718,2227.31,429,shed
medium,13.0837,2715.41,429,shed
medium,9.3178,6481.26,429,shed
medium,14.7525,1046.59,429,shed
medium,13.3528,2446.37,429,shed
medium,15.6849,122.58,429,shed
high,2.9504,12857.07,200,ok
medium,15.5341,273.36,429,shed
high,2.9011,12906.42,200,ok
medium,15.0336,773.89,429,shed
medium,15.5840,223.59,429,shed
medium,15.7522,56.40,429,shed
medium,13.7335,2091.52,429,shed
medium,15.1169,708.18,429,shed
medium,13.8345,1990.56,429,shed
medium,15.7682,65.96,429,shed
medium,15.7937,43.63,429,shed
medium,15.8013,42.80,429,shed
medium,15.5021,360.95,429,shed
high,3.3022,12560.88,200,ok
low,2.0611,13804.12,200,ok
medium,3.5169,12361.94,200,ok
medium,2.7672,13111.72,200,ok
medium,2.0017,13885.50,200,ok
medium,15.4525,443.27,429,shed
low,2.0707,13826.51,200,ok
low,1.5409,14356.31,200,ok
medium,15.4678,429.91,429,shed
medium,2.2678,13677.66,200,ok
low,4.6780,11271.96,429,shed
low,4.7027,11247.24,429,shed
medium,15.4841,465.90,429,shed
low,4.6569,11293.16,429,shed
low,4.6806,11272.00,429,shed
medium,15.6766,276.02,429,shed
medium,15.5672,385.48,429,shed
medium,15.6335,319.23,429,shed
low,4.7112,11241.46,429,shed
low,4.6908,11261.93,429,shed
low,4.6604,11292.28,429,shed
high,3.8012,12157.25,200,ok
high,4.0011,11957.36,200,ok
medium,3.6019,12356.59,200,ok
medium,15.7172,241.28,429,shed
medium,3.5669,12391.58,200,ok
low,3.9612,11997.25,429,shed
medium,3.4335,12524.96,200,ok
medium,2.3017,13661.07,200,ok
high,3.4510,12517.81,200,ok
medium,2.2342,13745.20,200,ok
high,4.2512,11735.12,200,ok
low,1.1710,14830.26,200,ok
low,0.2708,15730.52,200,ok
low,0.6510,15350.33,200,ok
low,0.7212,15280.19,200,ok
low,1.2514,14754.27,200,ok
low,1.2409,14764.85,200,ok
medium,15.8176,196.22,429,shed
low,1.3407,14673.12,200,ok
low,4.8105,11226.02,429,shed
low,4.8207,11217.74,429,shed
low,1.1309,14921.77,200,ok
medium,15.9337,118.91,429,shed
low,1.1104,14942.22,200,ok
low,1.2905,14762.19,200,ok
medium,15.9176,135.13,429,shed
low,4.0907,11969.95,429,shed
low,1.7523,14313.20,200,ok
low,0.5015,15564.07,200,ok
low,1.6808,14386.16,200,ok
low,2.0514,14015.60,429,shed
low,1.1530,14916.90,200,ok
low,0.5210,15548.96,200,ok
low,0.6208,15449.12,200,ok
medium,15.9539,116.94,429,shed
low,1.7102,14362.31,200,ok
low,1.1015,14971.08,200,ok
low,1.2206,14852.00,200,ok
low,1.7206,14367.97,200,ok
low,0.7910,15297.57,200,ok
low,1.6771,14411.54,200,ok
low,1.2705,14818.24,200,ok
low,1.6515,14443.83,200,ok
low,0.8811,15223.13,200,ok
low,4.9308,11194.56,429,shed
low,4.9207,11204.69,429,shed
medium,16.0168,125.92,429,shed
low,4.1407,12014.81,429,shed
low,4.9407,11223.41,429,shed
medium,15.8669,297.19,429,shed
low,1.6017,14562.44,200,ok
medium,16.0335,133.35,429,shed
low,2.6212,13546.27,429,shed
medium,15.9024,293.33,429,shed
low,0.0809,16114.87,200,ok
low,4.9527,11244.53,429,shed
low,4.2905,11923.15,429,shed
low,1.3906,14823.67,200,ok
medium,16.0539,165.97,429,shed
low,0.0711,16158.30,200,ok
low,0.8904,15339.64,200,ok
medium,16.0069,223.55,429,shed
low,4.3110,11938.95,429,shed
low,2.2036,14046.30,200,ok
low,1.2306,15034.66,200,ok
low,1.0609,15204.37,200,ok
medium,16.0688,200.61,429,shed
low,1.7025,14571.15,200,ok
low,0.5811,15694.64,200,ok
low,1.3513,14924.91,200,ok
low,4.4207,11876.67,429,shed
medium,2.8516,13450.25,200,ok
low,1.6309,14705.65,200,ok
low,1.3615,14993.08,200,ok
low,0.3008,16055.85,200,ok
low,0.4822,15876.24,200,ok
low,1.8402,14518.29,200,ok
low,1.1608,15197.73,200,ok
low,1.6121,14746.41,200,ok
low,0.9708,15417.42,200,ok
low,1.5576,14830.71,200,ok
low,2.2407,14147.56,200,ok
low,2.7410,13647.29,200,ok
low,2.7606,13627.67,200,ok
low,2.7102,13678.11,200,ok
low,0.5909,15797.40,200,ok
low,2.6704,13717.99,200,ok
low,0.6406,15747.75,200,ok
low,0.0409,16347.45,200,ok
low,1.6778,14710.57,200,ok
low,1.1801,15209.34,200,ok
high,16.1509,238.63,429,shed
low,4.4905,11899.05,429,shed
medium,3.5846,12811.82,200,ok
low,4.5905,11859.06,429,shed
medium,16.1869,262.69,429,shed
low,4.6232,11826.46,429,shed
low,6.1907,10275.61,429,shed
low,6.5042,9962.14,429,shed
low,6.5708,9901.61,429,shed
medium,2.6014,13882.73,200,ok
medium,16.2018,292.65,429,shed
low,0.4205,16088.23,200,ok
medium,16.0873,437.42,429,shed
low,8.0310,8503.33,429,shed
low,11.5039,5044.09,429,shed
medium,16.2523,295.74,429,shed
low,15.7978,820.65,429,shed
medium,16.1170,504.62,429,shed
medium,16.1527,468.94,429,shed
low,3.7409,12924.58,429,shed
medium,16.1674,500.02,429,shed
low,3.9109,12757.03,429,shed
low,3.7608,12913.92,429,shed
medium,2.5020,14379.55,200,ok
high,13.0509,3830.69,429,shed
high,8.0008,8880.78,429,shed
low,4.8810,12000.60,429,shed
low,4.0604,12821.27,429,shed
low,3.9204,12961.22,429,shed
low,4.2111,12670.57,429,shed
low,4.0410,12840.72,429,shed
low,4.6116,12270.07,429,shed
low,4.1310,12750.73,429,shed
high,14.7508,2130.96,429,shed
high,14.7011,2180.67,429,shed
high,14.8504,2031.42,429,shed
low,5.8532,11028.59,429,shed
low,6.5810,10300.78,429,shed
low,6.4809,10417.35,429,shed
low,6.5404,10357.81,429,shed
low,6.6028,10295.43,429,shed
low,6.4221,10476.23,429,shed
medium,3.9533,12945.03,429,shed
high,14.9508,1947.47,429,shed
medium,3.9838,12914.49,429,shed
medium,4.1172,12781.12,429,shed
medium,6.1517,10797.20,429,shed
medium,4.2345,12714.42,429,shed
medium,4.1836,12765.26,429,shed
medium,4.6555,12293.37,429,shed
medium,3.6518,13325.00,200,ok
medium,6.1511,10826.70,429,shed
medium,6.5179,10462.03,429,shed
medium,6.5034,10476.53,429,shed
medium,6.4203,10559.66,429,shed
low,6.7159,10280.74,429,shed
low,13.2112,3785.43,429,shed
low,6.7206,10276.13,429,shed
medium,16.3178,678.89,429,shed
low,14.9536,2052.35,429,shed
low,14.8603,2145.63,429,shed
medium,9.3344,7816.24,429,shed
high,16.4006,750.07,429,shed
medium,6.7524,10398.22,429,shed
medium,9.0679,8082.83,429,shed
medium,6.5669,10583.80,429,shed
medium,8.0170,9133.74,429,shed
medium,9.4845,7694.04,429,shed
medium,14.8524,2326.21,429,shed
medium,9.9352,7243.35,429,shed
medium,13.5311,3647.52,429,shed
medium,14.7670,2411.65,429,shed
medium,13.8306,3348.07,429,shed
low,15.3525,1826.14,429,shed
low,15.0534,2125.33,429,shed
low,15.5607,1618.05,429,shed
low,15.4908,1687.93,429,shed
low,15.6743,1504.42,429,shed
low,15.6311,1547.70,429,shed
low,4.9710,12207.78,429,shed
low,4.9610,12217.81,429,shed
high,16.0057,1173.09,429,shed
medium,14.9178,2261.05,429,shed
high,6.8016,10377.27,429,shed
high,16.4508,728.09,429,shed
medium,15.8540,1324.85,429,shed
medium,15.7343,1444.65,429,shed
medium,15.8842,1294.71,429,shed
low,4.9909,12191.92,429,shed
low,4.9810,12201.81,429,shed
low,5.0112,12177.73,429,shed
high,16.0528,1136.14,429,shed
low,5.0024,12186.50,429,shed
high,6.8506,10338.31,429,shed
high,4.5006,12688.32,429,shed
medium,2.9840,14204.98,200,ok
low,5.0348,12178.23,429,shed
low,0.5102,16705.16,200,ok
low,5.0405,12174.86,429,shed
low,5.0358,12179.61,429,shed
low,5.0531,12162.30,429,shed
low,5.0612,12154.75,429,shed
high,3.0504,14168.73,200,ok
medium,16.1023,1198.62,429,shed
low,5.0710,12229.94,429,shed
low,5.0913,12209.71,429,shed
low,5.0814,12219.61,429,shed
low,5.1774,12123.60,429,shed
medium,17.3674,3.50,,error
low,17.3709,25.68,,error
low,5.1744,12251.00,429,shed
low,2.0907,15334.68,200,ok
low,0.2310,17194.40,200,ok
low,5.1030,12322.45,429,shed
low,17.3990,27.13,,error
medium,3.8679,13562.34,200,ok
low,17.3973,36.53,,error
low,5.1765,12257.43,429,shed
low,5.1784,12255.69,429,shed
low,5.1778,12256.24,429,shed
high,16.3021,1133.08,429,shed
low,17.4424,2.78,,error
medium,17.4525,7.80,,error
low,17.4535,7.13,,error
high,17.4505,10.47,,error
low,17.4610,3.16,,error
low,5.1903,12279.58,429,shed
low,5.1769,12299.37,429,shed
low,5.2028,12273.50,429,shed
low,5.1758,12300.52,429,shed
low,5.2103,12266.04,429,shed
low,5.1821,12296.21,429,shed
high,16.6103,870.32,429,shed
low,15.8904,1598.32,429,shed
low,2.8308,14658.01,200,ok
medium,16.5030,1002.11,429,shed
high,16.6083,908.87,429,shed
medium,16.5170,1002.29,429,shed
low,1.8206,15703.14,200,ok
low,0.7529,16770.86,200,ok
low,2.1822,15341.62,200,ok
low,1.0013,16522.46,200,ok
low,1.7410,15782.81,200,ok
low,1.6407,15888.58,200,ok
low,1.9212,15608.08,200,ok
low,1.4708,16058.47,200,ok
low,1.7911,15738.28,200,ok
low,1.5238,16005.59,200,ok
low,1.7812,15748.19,200,ok
medium,16.6115,917.84,429,shed
low,0.8610,16668.40,200,ok
low,1.0538,16475.65,200,ok
low,0.2814,17247.97,200,ok
low,1.7704,15760.81,200,ok
medium,16.6126,918.70,429,shed
low,15.9106,1620.66,429,shed
medium,4.2842,13255.91,200,ok
low,1.8111,15729.02,200,ok
medium,16.6141,926.05,429,shed
low,0.4905,17049.67,200,ok
low,5.8047,11735.52,429,shed
low,1.0204,16520.94,200,ok
low,1.0110,16530.30,200,ok
low,1.0539,16493.04,200,ok
low,1.9406,15606.42,200,ok
medium,3.6669,13880.11,200,ok
low,5.2557,12296.01,429,shed
low,5.2704,12281.33,429,shed
low,5.2612,12290.60,429,shed
low,5.2209,12330.89,429,shed
low,5.2408,12311.01,429,shed
low,5.2311,12320.75,429,shed
high,16.6514,908.47,429,shed
medium,16.6532,912.05,429,shed
low,15.9805,1604.69,429,shed
high,6.1527,11448.25,429,shed
medium,16.6134,1002.19,429,shed
low,5.2905,12325.08,429,shed
low,5.3112,12304.42,429,shed
low,5.3032,12312.47,429,shed
low,5.2807,12334.93,429,shed
low,5.3204,12295.27,429,shed
low,15.9912,1635.82,429,shed
high,16.8609,774.18,429,shed
low,9.3116,8348.82,429,shed
high,6.2003,11460.16,429,shed
medium,16.6337,1033.59,429,shed
medium,16.8667,806.31,429,shed
low,5.3603,12339.16,429,shed
low,5.3408,12358.71,429,shed
low,5.3808,12318.71,429,shed
low,5.3532,12346.32,429,shed
low,5.3709,12328.69,429,shed
low,5.3307,12368.85,429,shed
low,16.0139,1691.51,429,shed
medium,16.8697,839.36,429,shed
low,0.8308,16878.30,200,ok
medium,16.8712,837.98,429,shed
medium,16.8718,842.70,429,shed
low,2.3527,15361.80,200,ok
low,2.4104,15304.09,200,ok
low,2.9702,14746.07,200,ok
medium,16.8644,851.85,429,shed
medium,2.7516,14965.20,200,ok
high,2.4014,15323.19,200,ok
low,5.4530,12304.78,429,shed
low,5.4309,12326.86,429,shed
low,5.4208,12337.03,429,shed
low,5.4112,12346.61,429,shed
low,5.4031,12354.73,429,shed
low,5.3909,12366.90,429,shed
low,5.4407,12317.19,429,shed
high,13.9509,3806.97,429,shed
low,14.8419,2915.94,429,shed
medium,16.6835,1086.77,429,shed
low,5.4604,12309.95,429,shed
low,5.4808,12289.52,429,shed
low,5.5103,12264.20,429,shed
low,5.5030,12271.49,429,shed
low,5.4707,12303.80,429,shed
low,5.4908,12283.77,429,shed
low,0.1717,17606.19,200,ok
low,1.8022,15975.75,200,ok
low,0.9813,16797.14,200,ok
low,0.1606,17618.47,200,ok
medium,16.8705,913.12,429,shed
low,16.0406,1743.09,429,shed
low,0.0509,17794.67,200,ok
low,0.7821,17063.47,200,ok
medium,16.8691,1035.09,429,shed
low,5.5307,12373.44,429,shed
low,5.5407,12363.50,429,shed
low,5.5207,12383.48,429,shed
low,5.5529,12351.31,429,shed
low,5.5703,12333.91,429,shed
low,5.5908,12313.45,429,shed
low,5.5602,12344.07,429,shed
low,5.5802,12324.09,429,shed
high,16.1005,1803.79,429,shed
low,5.6112,12309.21,429,shed
low,5.6308,12289.72,429,shed
low,14.9704,2950.15,429,shed
low,5.6405,12280.02,429,shed
low,5.6205,12300.04,429,shed
low,5.6550,12265.53,429,shed
low,5.6610,12259.60,429,shed
low,5.6704,12250.21,429,shed
low,5.6839,12236.66,429,shed
low,5.6025,12318.13,429,shed
medium,2.6177,15302.93,200,ok
low,16.1306,1790.08,429,shed
low,16.1102,1810.48,429,shed
low,16.1208,1799.92,429,shed
high,3.9007,14025.80,429,shed
medium,3.0175,14920.81,200,ok
high,7.0502,10888.13,429,shed
high,16.8628,1127.24,429,shed
low,16.1535,1860.17,429,shed
high,7.9506,10063.81,429,shed
low,16.2023,1821.38,429,shed
low,16.1905,1833.88,429,shed
high,16.2004,1840.11,429,shed
high,16.3521,1710.80,429,shed
medium,3.4678,14605.86,429,shed
high,2.5010,15583.52,200,ok
medium,2.4025,15682.12,200,ok
medium,2.4335,15658.58,200,ok
medium,2.6343,15457.88,200,ok
medium,3.0668,15025.40,200,ok
high,2.7506,15341.56,200,ok
medium,2.5676,15524.98,200,ok
medium,2.7019,15392.48,200,ok
low,1.5233,16599.26,200,ok
low,1.0912,17031.42,200,ok
low,1.5311,16591.54,200,ok
low,0.6908,17433.95,200,ok
high,16.9511,1173.61,429,shed
high,16.8619,1263.39,429,shed
low,0.1511,17988.76,200,ok
low,0.0912,18048.64,200,ok
medium,3.2355,14904.35,429,shed
medium,4.4670,13675.99,429,shed
low,2.3610,15799.00,200,ok
low,0.1305,18029.50,200,ok
low,16.2305,1937.19,429,shed
low,16.2529,1920.02,429,shed
low,16.2203,1953.41,429,shed
low,15.7021,2482.10,429,shed
low,15.6909,2493.33,429,shed
low,15.7145,2469.83,429,shed
medium,16.3677,1816.55,429,shed
low,15.6829,2502.11,429,shed
low,15.6756,2511.13,429,shed
low,2.1406,16069.70,200,ok
high,6.7176,11496.53,429,shed
medium,5.8525,12363.39,429,shed
low,16.2613,1995.85,429,shed
low,16.3006,1957.30,429,shed
low,16.2709,1987.64,429,shed
low,15.7770,2490.31,429,shed
medium,16.4341,1833.19,429,shed
low,15.7310,2546.74,429,shed
low,15.8023,2475.52,429,shed
low,15.7225,2555.31,429,shed
medium,4.3516,13928.49,429,shed
low,1.5908,16689.31,200,ok
low,15.7407,2539.85,429,shed
low,0.4009,17884.47,200,ok
low,0.9050,17381.06,200,ok
low,0.4407,17846.23,200,ok
low,0.5410,17746.00,200,ok
high,13.8319,4457.18,429,shed
medium,3.0836,15210.89,200,ok
medium,5.8672,12427.24,429,shed
low,1.5707,16729.77,200,ok
low,2.3307,15974.11,200,ok
low,2.1322,16172.66,200,ok
low,0.3103,17994.54,200,ok
low,0.4109,17893.97,200,ok
low,0.7709,17533.97,200,ok
low,2.2107,16103.90,200,ok
high,17.1768,1137.84,429,shed
low,0.6609,17653.79,200,ok
low,2.1206,16205.75,200,ok
low,0.0612,18265.12,200,ok
low,2.3211,16005.31,200,ok
low,0.8019,17524.46,200,ok
low,1.1415,17184.94,200,ok
medium,6.7224,11603.99,429,shed
low,0.8206,17509.37,200,ok
low,1.5822,16747.71,200,ok
low,2.3408,15989.16,200,ok
low,2.2710,16059.03,200,ok
low,1.2611,17071.49,200,ok
low,0.1909,18143.08,200,ok
low,0.7021,17631.94,200,ok
low,2.1643,16169.79,200,ok
low,15.9036,2453.61,429,shed
low,15.8619,2495.33,429,shed
low,15.9204,2438.10,429,shed
low,15.9307,2427.84,429,shed
low,15.8326,2526.73,429,shed
low,15.8118,2547.60,429,shed
medium,5.8836,12486.08,429,shed
medium,16.3343,2038.61,429,shed
low,2.3910,15991.70,200,ok
low,16.6161,1771.92,429,shed
low,16.6148,1777.89,429,shed
low,16.3034,2089.30,429,shed
high,3.0007,15417.44,200,ok
medium,5.9519,12466.27,429,shed
high,4.4011,14017.10,200,ok
high,16.2511,2168.89,429,shed
medium,17.1757,1257.81,429,shed
high,2.8506,15607.03,200,ok
high,3.5507,14906.94,200,ok
medium,2.8675,15591.50,200,ok
high,3.1503,15308.75,200,ok
high,6.5015,11957.59,200,ok
high,3.4010,15105.71,200,ok
low,3.0732,15433.56,429,shed
high,17.1763,1330.50,429,shed
low,15.9704,2544.66,429,shed
high,16.5014,2013.78,429,shed
low,16.0076,2507.52,429,shed
low,16.0303,2484.86,429,shed
low,15.9546,2560.64,429,shed
low,16.0546,2460.60,429,shed
medium,17.2835,1231.71,429,shed
low,16.6807,1838.37,429,shed
low,3.6521,14866.92,200,ok
low,16.8752,1643.81,429,shed
low,16.6203,1898.74,429,shed
low,16.8798,1639.31,429,shed
high,17.2004,1325.03,429,shed
medium,4.0173,14519.19,429,shed
high,17.3511,1187.78,429,shed
medium,3.9671,14571.76,429,shed
high,17.3012,1237.68,429,shed
medium,3.9336,14605.67,429,shed
medium,17.1735,1378.02,429,shed
low,16.1810,2377.73,429,shed
low,16.0607,2498.11,429,shed
low,16.1029,2455.87,429,shed
low,16.2408,2318.07,429,shed
low,16.1416,2417.28,429,shed
medium,4.1517,14409.94,429,shed
medium,6.8039,11757.85,429,shed
medium,6.1011,12464.06,429,shed
low,0.8410,17725.50,200,ok
medium,4.4837,14084.32,429,shed
medium,6.7068,11861.18,429,shed
medium,6.7677,11800.31,429,shed
medium,4.3024,14265.67,429,shed
medium,6.8170,11762.34,429,shed
low,0.1412,18445.47,200,ok
low,1.1212,17465.51,200,ok
medium,3.3031,15291.60,200,ok
medium,6.1676,12437.88,429,shed
low,1.9804,16643.61,200,ok
low,2.5202,16105.19,200,ok
low,0.9911,17634.29,200,ok
low,2.5026,16123.36,200,ok
low,1.9606,16672.28,200,ok
low,0.3802,18253.53,200,ok
low,1.2818,17363.45,200,ok
high,17.5008,1144.43,429,shed
medium,6.3836,12262.79,429,shed
medium,6.4529,12193.51,429,shed
low,16.3411,2306.50,429,shed
low,2.4210,16226.67,200,ok
low,1.1907,17457.36,200,ok
low,0.5339,18118.46,200,ok
low,0.4607,18191.71,200,ok
medium,7.4835,11168.85,429,shed
low,1.4209,17231.48,200,ok
low,2.3703,16282.14,200,ok
medium,7.9522,10700.23,429,shed
low,0.3210,18331.41,200,ok
low,1.4110,17241.48,200,ok
low,16.2807,2377.55,429,shed
low,16.4713,2191.81,429,shed
low,17.1868,1476.36,429,shed
low,1.0809,17586.69,200,ok
low,1.3707,17297.01,200,ok
low,1.0308,17636.92,200,ok
low,0.3712,18296.59,200,ok
low,0.5515,18116.29,200,ok
low,1.0707,17597.06,200,ok
low,0.8703,17797.52,200,ok
medium,13.8298,4838.01,429,shed
low,0.0320,18635.81,200,ok
low,0.5707,18097.15,200,ok
low,2.2519,16415.96,200,ok
low,0.9106,17757.34,200,ok
low,2.1911,16480.29,200,ok
medium,3.4840,15189.19,200,ok
low,2.0414,16631.77,200,ok
low,2.0317,16641.51,200,ok
low,5.8064,12874.25,429,shed
low,5.8070,12873.66,429,shed
low,5.7309,12949.83,429,shed
low,5.7110,12969.69,429,shed
low,0.3408,18343.89,200,ok
low,5.6906,12994.11,429,shed
medium,6.7080,11981.08,429,shed
low,5.7535,12935.71,429,shed
low,5.7031,12986.11,429,shed
low,5.7204,12968.81,429,shed
low,5.7408,12948.43,429,shed
medium,8.0674,10622.49,429,shed
medium,3.3687,15327.39,200,ok
high,3.6008,15096.00,200,ok
medium,16.9525,1761.84,429,shed
medium,3.6169,15097.44,200,ok
high,6.4006,12314.59,200,ok
low,15.2603,3455.36,429,shed
high,3.6507,15071.79,200,ok
low,15.4608,3269.56,429,shed
medium,17.3182,1421.77,429,shed
high,15.8505,2892.94,200,ok
medium,17.5673,1197.28,429,shed
medium,3.3845,15389.33,200,ok
medium,3.3169,15458.11,200,ok
medium,4.0520,14741.98,429,shed
low,5.9208,12877.69,429,shed
low,5.8080,12990.52,429,shed
low,2.8019,15996.61,200,ok
low,5.9106,12887.93,429,shed
low,5.8075,12991.03,429,shed
low,2.9024,15897.43,200,ok
low,5.8110,12988.76,429,shed
low,5.8807,12919.47,429,shed
low,2.9112,15890.86,200,ok
low,5.9036,12898.44,429,shed
low,5.8708,12931.23,429,shed
low,5.8208,12981.24,429,shed
low,16.3622,2447.40,429,shed
medium,3.2618,15548.82,200,ok
medium,16.9034,1912.79,429,shed
high,16.8594,1968.19,200,ok
low,0.7603,18097.69,200,ok
low,0.2902,18572.19,200,ok
low,0.0021,18860.34,200,ok
high,17.7115,1158.99,429,shed
low,1.4618,17412.36,200,ok
low,1.4307,17463.60,200,ok
low,1.2014,17692.92,200,ok
low,1.4401,17460.48,200,ok
low,2.1707,16740.14,200,ok
low,1.3305,17583.82,200,ok
low,0.6017,18318.94,200,ok
low,0.5603,18360.43,200,ok
low,0.2510,18669.68,200,ok
low,0.1117,18813.48,200,ok
low,1.8322,17092.96,200,ok
low,2.5105,16414.64,200,ok
low,1.9036,17021.56,200,ok
medium,4.4520,14473.18,429,shed
low,0.7406,18186.61,200,ok
low,0.9321,17995.56,200,ok
low,0.6122,18315.76,200,ok
low,16.6155,2319.02,429,shed
low,16.4308,2503.71,429,shed
low,16.4612,2473.32,429,shed
low,16.6173,2319.87,429,shed
medium,16.8964,2040.83,429,shed
low,16.4811,2456.12,429,shed
low,5.9805,12958.19,429,shed
low,5.9908,12950.29,429,shed
low,5.9526,12988.55,429,shed
low,5.9408,13000.31,429,shed
low,6.0108,12930.33,429,shed
low,5.9710,12971.49,429,shed
low,3.1602,15782.32,200,ok
high,16.9022,2040.30,429,shed
low,5.9310,13011.56,429,shed
low,5.9604,12989.18,429,shed
low,3.1028,15846.86,200,ok
medium,13.6838,5280.57,429,shed
low,2.4610,16514.65,200,ok
low,2.2808,16694.83,200,ok
low,0.2407,18734.93,200,ok
low,2.2608,16715.18,200,ok
medium,17.3998,1584.51,429,shed
low,0.4309,18555.90,200,ok
low,3.8708,15122.73,429,shed
medium,17.7072,1288.01,429,shed
low,1.4913,17515.05,200,ok
low,1.6204,17385.87,200,ok
low,0.2610,18745.41,200,ok
low,3.9541,15077.50,429,shed
medium,17.4280,1603.59,429,shed
high,17.7583,1273.32,429,shed
medium,17.4352,1598.77,429,shed
low,6.1473,12893.23,429,shed
low,6.0985,12945.46,429,shed
low,2.9808,16063.13,200,ok
low,6.1040,12939.93,429,shed
low,6.1545,12889.48,429,shed
low,6.0406,13003.97,429,shed
low,6.0639,12981.37,429,shed
low,6.0208,13024.48,429,shed
low,6.0312,13014.68,429,shed
low,6.0034,13043.03,429,shed
low,16.6315,2425.10,429,shed
low,16.8724,2184.21,429,shed
low,16.6627,2394.00,429,shed
low,16.6410,2416.37,429,shed
medium,16.8955,2169.62,429,shed
low,16.6735,2391.71,429,shed
low,16.6903,2374.97,429,shed
low,16.6614,2404.39,429,shed
medium,17.7595,1313.08,429,shed
medium,17.4699,1604.32,429,shed
medium,17.7176,1356.71,429,shed
medium,17.5027,1572.16,429,shed
medium,3.9172,15176.53,200,ok
low,2.4521,16643.17,200,ok
medium,4.3842,14712.27,200,ok
low,3.9308,15165.63,429,shed
low,4.3033,14794.23,429,shed
medium,17.9138,1183.75,429,shed
low,4.2203,14877.23,429,shed
low,3.7808,15317.85,429,shed
low,2.6521,16447.30,200,ok
medium,3.8521,15247.35,200,ok
medium,3.8186,15292.22,200,ok
medium,3.8838,15227.03,200,ok
low,2.5408,16573.10,200,ok
low,4.3212,14819.50,429,shed
low,4.5109,14632.23,429,shed
low,4.5407,14602.51,429,shed
low,2.9909,16152.27,200,ok
low,6.1500,12993.25,429,shed
medium,17.7346,1411.15,429,shed
medium,17.7083,1437.42,429,shed
low,4.5204,14625.35,429,shed
low,4.4822,14663.54,429,shed
low,2.5606,16585.64,200,ok
high,17.9131,1243.33,429,shed
low,6.5203,12636.19,429,shed
low,6.5615,12595.99,429,shed
low,6.4610,12696.48,429,shed
low,6.4408,12716.73,429,shed
medium,6.4835,12674.95,200,ok
low,6.3609,12797.59,429,shed
medium,17.9161,1250.80,429,shed
low,6.6112,12558.37,429,shed
low,8.2555,10914.11,429,shed
low,10.0306,9138.99,429,shed
low,6.2111,12963.62,429,shed
medium,17.6352,1540.95,429,shed
low,6.2307,12947.60,429,shed
low,6.1611,13017.26,429,shed
low,6.2027,12975.58,429,shed
low,6.2204,12957.99,429,shed
low,6.2408,12937.54,429,shed
low,6.1506,13027.77,429,shed
low,6.1724,13005.97,429,shed
low,16.8999,2329.91,429,shed
low,16.8809,2348.90,429,shed
low,16.8770,2356.50,429,shed
low,16.8758,2357.75,429,shed
low,16.8934,2350.33,429,shed
low,16.8765,2367.28,429,shed
low,17.7004,1543.33,429,shed
low,16.8741,2369.68,429,shed
low,6.2707,12982.14,429,shed
low,6.3104,12945.95,429,shed
high,4.1505,15105.81,200,ok
low,6.2534,13004.97,429,shed
low,2.5522,16706.22,200,ok
low,2.7711,16487.36,200,ok
low,6.2604,12998.06,429,shed
low,6.3305,12939.39,429,shed
low,6.3202,12949.67,429,shed
low,6.2911,12978.98,429,shed
low,6.2811,12989.00,429,shed
low,6.3037,12966.36,429,shed
medium,3.5336,15738.14,200,ok
high,17.0023,2269.46,200,ok
low,15.7529,3530.52,429,shed
high,17.1497,2133.75,200,ok
low,16.0909,3192.52,429,shed
medium,6.7836,12499.89,200,ok
high,6.7170,12566.46,200,ok
low,16.1709,3112.60,429,shed
medium,4.0862,15197.28,200,ok
medium,9.7862,9497.26,200,ok
low,15.9605,3323.02,429,shed
medium,18.0025,1281.05,429,shed
low,6.4312,12867.58,429,shed
low,6.4905,12823.45,429,shed
low,9.7906,9523.31,429,shed
low,9.3206,9993.32,429,shed
low,9.1037,10210.24,429,shed
low,9.9411,9372.84,429,shed
low,9.3405,9973.55,429,shed
low,9.0610,10253.02,429,shed
low,6.3534,12960.60,429,shed
low,16.4040,2913.58,429,shed
medium,3.4021,15915.47,200,ok
low,16.3804,2937.20,429,shed
medium,3.2910,16026.62,200,ok
low,3.1404,16177.23,200,ok
medium,16.2990,3027.62,200,ok
medium,16.2187,3109.56,200,ok
low,16.9208,2407.50,429,shed
medium,18.0669,1261.46,429,shed
medium,16.4170,2920.25,200,ok
low,16.9537,2384.47,429,shed
medium,16.3534,2984.80,200,ok
medium,16.9178,2421.52,200,ok
medium,16.3895,2949.78,200,ok
low,13.0910,6249.51,429,shed
low,13.3403,6003.91,429,shed
low,13.5443,5800.94,429,shed
low,12.9855,6363.75,429,shed
medium,17.9335,1415.73,429,shed
low,14.4308,4918.50,429,shed
low,13.2406,6108.69,429,shed
low,13.0806,6268.67,429,shed
low,14.7029,4646.39,429,shed
medium,7.0521,12304.15,200,ok
medium,17.1487,2209.37,200,ok
low,16.9810,2378.17,429,shed
medium,16.9835,2375.68,200,ok
medium,3.7021,15671.73,200,ok
medium,18.1346,1240.17,429,shed
medium,17.2527,2151.46,200,ok
low,17.0103,2398.55,429,shed
medium,17.2174,2191.94,200,ok
low,2.8519,16564.01,200,ok
high,18.0004,1419.60,429,shed
medium,18.0342,1385.80,429,shed
high,17.9120,1508.02,429,shed
low,15.3810,4042.86,429,shed
low,15.1208,4305.75,429,shed
low,14.7107,4715.91,429,shed
low,15.0305,4396.03,429,shed
low,15.1107,4315.91,429,shed
low,15.3412,4085.44,429,shed
low,15.0408,4385.82,429,shed
low,14.9304,4498.35,429,shed
low,14.7734,4655.37,429,shed
low,14.9106,4518.22,429,shed
medium,18.0178,1410.96,429,shed
low,14.9612,4467.62,429,shed
medium,17.8534,1586.76,429,shed
medium,17.9528,1489.48,429,shed
medium,18.1037,1354.64,429,shed
medium,18.0529,1405.39,429,shed
low,3.0605,16397.81,200,ok
low,16.5317,2942.10,429,shed
medium,18.0846,1390.54,429,shed
low,15.4702,4006.16,429,shed
low,15.4533,4023.12,429,shed
low,15.6211,3856.66,429,shed
low,16.5132,2964.55,429,shed
low,15.5028,3974.95,429,shed
low,15.8554,3622.34,429,shed
medium,18.1536,1328.62,429,shed
low,17.1436,2338.58,429,shed
low,17.1464,2335.77,429,shed
low,17.1390,2343.24,429,shed
low,15.7625,3719.73,429,shed
low,15.4308,4051.48,429,shed
low,16.0726,3409.65,429,shed
low,15.5312,3951.06,429,shed
low,15.5411,3941.22,429,shed
low,15.6405,3841.80,429,shed
medium,17.9672,1517.98,429,shed
medium,18.1178,1367.85,429,shed
low,17.1670,2333.67,429,shed
low,17.1704,2330.64,429,shed
low,17.1682,2340.03,429,shed
low,17.1698,2338.75,429,shed
medium,4.3169,15199.33,200,ok
low,4.1803,15336.43,429,shed
low,16.9403,2594.44,429,shed
low,17.0048,2529.96,429,shed
low,3.0112,16523.60,200,ok
low,16.8776,2659.14,429,shed
low,16.8945,2642.24,429,shed
low,17.1850,2365.31,429,shed
medium,18.1851,1371.41,429,shed
low,4.3706,15198.93,429,shed
low,4.2706,15299.65,429,shed
low,6.3707,13224.42,429,shed
medium,17.1873,2410.38,429,shed
medium,10.0178,9588.96,429,shed
medium,15.6172,3989.52,429,shed
low,6.0970,13509.76,429,shed
medium,15.8343,3772.50,429,shed
low,6.3915,13215.26,429,shed
medium,13.5727,6034.10,429,shed
low,16.6179,2988.93,429,shed
low,16.9104,2697.42,429,shed
low,17.7563,1851.61,429,shed
low,16.8803,2727.55,429,shed
low,17.9173,1690.89,429,shed
low,16.8747,2735.60,429,shed
low,16.8787,2731.62,429,shed
low,16.6167,2993.57,429,shed
low,16.6229,2987.39,429,shed
low,18.1304,1480.04,429,shed
low,3.2927,16320.61,200,ok
low,3.5210,16092.66,200,ok
low,3.3909,16223.78,200,ok
medium,16.6680,2948.06,429,shed
medium,15.9671,3650.40,429,shed
low,4.4703,15147.20,429,shed
low,3.2939,16324.19,200,ok
low,3.7908,15827.25,200,ok
medium,16.2337,3385.97,429,shed
medium,16.6210,2999.17,429,shed
low,6.7218,12908.62,429,shed
low,6.7125,12921.10,429,shed
low,6.7407,12893.48,429,shed
high,15.7002,3935.92,200,ok
low,3.4306,16207.70,200,ok
medium,17.5337,2108.32,429,shed
medium,16.8676,2777.03,429,shed
medium,17.4855,2159.14,429,shed
medium,17.3530,2291.59,429,shed
medium,6.5528,13093.74,200,ok
low,3.5708,16075.74,200,ok
medium,4.5170,15130.90,200,ok
low,3.5603,16087.57,200,ok
low,3.3405,16307.42,200,ok
low,3.6309,16040.03,200,ok
low,3.6023,16073.12,200,ok
low,3.2202,16468.49,200,ok
medium,18.2525,1436.20,429,shed
low,6.7811,12907.62,429,shed
low,3.3113,16377.49,200,ok
low,6.8049,12886.51,429,shed
low,6.7907,12903.42,429,shed
medium,3.7682,15930.34,200,ok
high,18.3049,1395.65,429,shed
low,3.6432,16147.57,200,ok
high,15.7506,4046.85,200,ok
low,0.8108,19006.11,200,ok
low,2.1111,17705.78,200,ok
high,18.4006,1416.34,429,shed
low,0.6702,19147.07,200,ok
low,0.1812,19637.93,200,ok
low,0.0210,19819.63,200,ok
low,0.4508,19389.85,200,ok
low,2.4415,17399.16,200,ok
low,2.2304,17610.34,200,ok
low,2.1524,17688.38,200,ok
low,0.6321,19208.65,200,ok
low,2.2904,17550.40,200,ok
low,2.0203,17820.49,200,ok
low,1.5615,18279.31,200,ok
low,0.9408,18900.03,200,ok
low,0.3908,19449.95,200,ok
low,0.6822,19171.77,200,ok
low,0.0110,19843.30,200,ok
medium,18.3342,1525.20,429,shed
medium,18.3669,1493.55,429,shed
medium,4.5519,15316.08,200,ok
medium,18.5192,1350.05,429,shed
medium,18.5139,1359.56,429,shed
medium,18.5134,1360.12,429,shed
low,4.3906,15491.12,429,shed
medium,18.5339,1365.06,429,shed
low,0.7104,19226.05,200,ok
low,0.1222,19814.25,200,ok
low,0.4705,19465.94,200,ok
low,1.5223,18414.23,200,ok
medium,18.5532,1394.35,429,shed
low,0.8513,19107.09,200,ok
low,2.6018,17356.56,200,ok
low,0.7324,19227.13,200,ok
low,1.4021,18557.70,200,ok
low,2.6609,17315.72,200,ok
low,1.7306,18246.05,200,ok
low,2.5906,17393.68,200,ok
low,0.2108,19773.47,200,ok
low,0.9524,19031.92,200,ok
low,1.3107,18673.65,200,ok
low,2.3812,17603.12,200,ok
low,2.4804,17512.36,200,ok
medium,18.5854,1415.37,429,shed
low,0.1012,19900.27,200,ok
low,16.3540,3647.52,429,shed
medium,18.6032,1403.96,429,shed
medium,18.6177,1421.43,429,shed
low,3.0911,16948.39,200,ok
low,17.6408,2413.02,429,shed
low,3.3711,16711.95,200,ok
low,3.5520,16533.68,200,ok
low,3.6211,16467.99,200,ok
medium,18.3835,1705.64,429,shed
low,3.6106,16590.29,200,ok
low,3.5909,16610.09,200,ok
low,3.5805,16620.47,200,ok
medium,18.5031,1697.88,429,shed
low,2.8809,17411.64,200,ok
low,2.8112,17483.36,200,ok
low,2.8905,17405.95,200,ok
low,3.5104,16793.99,200,ok
low,2.8708,17434.20,200,ok
medium,18.6338,1786.48,429,shed
medium,18.2674,2241.97,429,shed
low,6.3808,14129.39,429,shed
medium,6.7107,13814.13,200,ok
low,6.7132,13811.63,429,shed
low,6.7120,13812.89,429,shed
low,2.9407,17584.12,200,ok
high,17.6504,2874.83,200,ok
low,6.8312,13697.23,429,shed
low,6.8208,13707.61,429,shed
low,3.2347,17297.51,200,ok
medium,18.3062,2226.07,429,shed
low,13.6317,6903.64,429,shed
low,10.0202,10515.12,429,shed
low,6.7702,13765.11,429,shed
low,8.2407,12294.62,429,shed
low,13.5352,7000.19,429,shed
low,6.7307,13805.69,429,shed
low,11.5110,9025.42,429,shed
low,6.8103,13726.12,429,shed
low,3.0308,17506.03,200,ok
low,13.7228,6823.50,429,shed
low,13.8238,6722.58,429,shed
low,14.8536,5692.71,429,shed
medium,18.4188,2127.58,429,shed
low,14.9210,5625.37,429,shed
low,14.1910,6355.41,429,shed
low,14.7607,5785.76,429,shed
low,13.8290,6717.44,429,shed
medium,14.7178,5836.21,200,ok
low,16.4528,4101.30,429,shed
low,16.0812,4474.97,429,shed
low,17.6157,2940.55,429,shed
low,17.2030,3357.06,429,shed
low,16.4104,4149.59,429,shed
low,15.9406,4619.40,429,shed
low,15.8202,4739.87,429,shed
low,16.2106,4349.44,429,shed
low,16.5037,4056.36,429,shed
low,17.5313,3028.82,429,shed
low,16.3106,4249.56,429,shed
low,17.4120,3148.18,429,shed
low,15.7891,4771.07,429,shed
low,7.4808,13080.99,429,shed
low,6.9306,13631.17,429,shed
low,6.8417,13720.13,429,shed
low,3.2107,17351.17,200,ok
medium,18.3229,2238.97,429,shed
low,17.7605,2804.49,429,shed
low,17.7016,2863.37,429,shed
medium,4.1678,16397.19,200,ok
low,17.7223,2842.67,429,shed
low,17.7137,2851.32,429,shed
low,17.8546,2710.46,429,shed
low,17.8552,2709.90,429,shed
medium,13.7176,6850.15,200,ok
low,15.8810,4688.31,429,shed
low,9.0018,11567.56,429,shed
low,13.8225,6746.84,429,shed
low,13.6912,6878.17,429,shed
low,3.4027,17166.63,200,ok
low,17.9612,2611.73,429,shed
medium,17.5866,2986.30,200,ok
medium,16.4860,4086.89,200,ok
medium,18.7525,1821.71,429,shed
medium,17.6523,2923.35,200,ok
low,16.3310,4247.12,429,shed
medium,18.4024,2175.75,429,shed
low,16.3703,4209.38,429,shed
low,16.0206,4559.06,429,shed
low,18.1234,2463.81,429,shed
medium,18.7678,1819.80,429,shed
low,16.4406,4152.94,429,shed
medium,15.5522,5041.38,200,ok
low,16.4946,4100.07,429,shed
low,16.3908,4203.89,429,shed
medium,15.9836,4612.91,200,ok
medium,14.3171,6279.45,200,ok
low,16.4204,4176.14,429,shed
low,17.0211,3586.35,429,shed
low,16.5207,4086.77,429,shed
low,16.5412,4066.31,429,shed
low,16.9911,3616.45,429,shed
low,18.1565,2451.06,429,shed
medium,17.7838,2824.40,200,ok
low,17.1861,3442.67,429,shed
low,17.2605,3368.33,429,shed
medium,18.7844,1844.38,429,shed
medium,16.4520,4176.78,200,ok
low,17.1664,3462.44,429,shed
low,17.3102,3318.64,429,shed
low,17.1676,3461.25,429,shed
low,17.3612,3275.21,429,shed
low,17.3323,3304.20,429,shed
low,17.5035,3132.94,429,shed
low,17.4806,3155.87,429,shed
medium,17.0171,3619.43,200,ok
low,17.4232,3213.31,429,shed
medium,6.9338,13702.74,200,ok
low,17.4327,3203.87,429,shed
medium,18.8032,1833.39,429,shed
medium,7.0514,13585.12,200,ok
low,17.3541,3282.45,429,shed
medium,17.1746,3461.99,200,ok
medium,17.1895,3447.12,200,ok
low,18.2086,2452.48,429,shed
low,17.6310,3031.93,429,shed
low,17.5280,3135.86,429,shed
low,17.6031,3060.74,429,shed
low,17.5180,3147.82,429,shed
low,17.5852,3081.26,429,shed
low,17.6571,3009.99,429,shed
low,17.6705,2998.23,429,shed
medium,7.3028,13367.55,200,ok
low,17.7322,2939.87,429,shed
low,17.5569,3115.56,429,shed
medium,17.9226,2785.28,200,ok
medium,17.9836,2726.24,200,ok
medium,17.9155,2794.31,200,ok
low,18.2307,2479.15,429,shed
low,2.7025,18011.23,200,ok
low,17.9220,2800.57,429,shed
low,18.0926,2631.96,429,shed
medium,18.8173,1907.27,429,shed
medium,17.5530,3172.02,200,ok
low,18.1738,2555.46,429,shed
low,18.0039,2725.36,429,shed
low,18.0305,2699.17,429,shed
low,18.2105,2519.74,429,shed
low,18.3560,2376.96,429,shed
low,18.2207,2512.76,429,shed
low,18.0541,2679.87,429,shed
medium,7.0527,13681.82,200,ok
low,17.7746,2959.92,429,shed
low,18.3412,2410.26,429,shed
low,3.0020,17755.32,200,ok
low,18.3604,2409.36,429,shed
low,3.4204,17349.95,200,ok
low,17.2405,3546.96,429,shed
low,17.2994,3488.04,429,shed
medium,4.3359,16451.58,200,ok
low,3.1905,17596.98,200,ok
low,17.3202,3467.28,429,shed
low,3.6906,17098.46,200,ok
low,2.9517,17837.37,200,ok
low,17.2535,3535.61,429,shed
low,3.4111,17378.37,200,ok
low,3.7105,17079.38,200,ok
medium,17.6174,3195.73,200,ok
medium,17.5193,3300.43,200,ok
low,18.7612,2063.96,429,shed
low,17.5504,3276.06,429,shed
medium,4.1335,16693.00,200,ok
low,18.7411,2085.77,429,shed
high,18.2507,2578.65,429,shed
low,17.5604,3268.91,429,shed
medium,6.4354,14393.93,200,ok
low,18.3718,2457.61,429,shed
high,17.8507,2978.70,200,ok
low,17.6204,3209.00,429,shed
low,17.4907,3339.75,429,shed
low,17.6605,3169.97,429,shed
low,18.4052,2425.59,429,shed
medium,6.6022,14280.39,200,ok
low,18.7812,2101.43,429,shed
low,18.8208,2063.36,429,shed
low,18.7904,2094.27,429,shed
low,18.8038,2082.09,429,shed
medium,18.8530,2067.90,429,shed
low,18.0204,2900.56,429,shed
low,18.1047,2816.30,429,shed
medium,6.3669,14554.11,200,ok
low,17.7808,3140.21,429,shed
low,17.9912,2929.88,429,shed
low,17.9534,2967.64,429,shed
low,17.9195,3001.55,429,shed
low,17.7123,3208.82,429,shed
medium,18.6879,2243.32,429,shed
high,18.6545,2276.78,429,shed
medium,18.6701,2265.01,429,shed
medium,6.7114,14255.66,200,ok
medium,18.7023,2318.51,429,shed
medium,18.7168,2304.01,429,shed
medium,4.4024,16618.49,200,ok
medium,13.8313,7225.82,200,ok
medium,17.1752,3919.58,200,ok
medium,14.7023,6393.02,200,ok
medium,18.7345,2365.07,429,shed
low,18.5128,2586.73,429,shed
medium,16.3028,4814.15,200,ok
low,18.5422,2589.20,429,shed
low,18.5304,2606.70,429,shed
low,18.5617,2576.56,429,shed
medium,14.8347,6313.23,200,ok
medium,17.3020,3845.87,200,ok
medium,16.5345,4614.03,200,ok
medium,18.9519,2233.08,429,shed
low,18.5907,2594.32,429,shed
low,18.5804,2604.59,429,shed
medium,13.6336,7577.49,200,ok
medium,16.8636,4350.28,200,ok
medium,16.8683,4347.21,200,ok
low,18.6105,2609.68,429,shed
high,19.0008,2221.85,429,shed
low,3.0210,18208.03,200,ok
medium,14.9336,6295.85,200,ok
low,18.6044,2629.77,429,shed
medium,16.9675,4295.39,200,ok
high,17.5519,3741.68,200,ok
low,18.6315,2666.72,429,shed
low,18.6411,2663.64,429,shed
low,18.6209,2684.57,429,shed
low,3.0414,18264.12,200,ok
medium,17.8518,3455.59,200,ok
medium,17.6673,3640.13,200,ok
medium,17.1726,4146.80,200,ok
low,3.8202,17518.22,200,ok
low,18.6943,2644.12,429,shed
low,18.6571,2682.70,429,shed
low,3.0812,18258.63,200,ok
low,18.6732,2666.60,429,shed
medium,9.1028,12269.31,200,ok
low,18.9311,2464.05,429,shed
medium,17.1740,4221.11,200,ok
medium,17.1477,4248.96,200,ok
low,18.8707,2528.26,429,shed
low,18.9426,2456.32,429,shed
low,18.6819,2743.78,429,shed
medium,16.9370,4542.62,200,ok
medium,17.2022,4281.10,200,ok
medium,17.8540,3660.80,200,ok
medium,17.9150,3603.61,200,ok
medium,17.2674,4280.40,200,ok
high,18.6016,3048.75,429,shed
medium,16.2672,5439.70,200,ok
medium,15.7015,6005.42,200,ok
medium,16.1335,5573.39,200,ok
low,3.4909,18389.78,200,ok
low,3.4527,18436.66,200,ok
low,19.0704,3388.71,429,shed
medium,19.1018,3360.91,429,shed
low,19.0533,3411.74,429,shed
medium,16.4678,6032.98,200,ok
low,19.1308,3449.10,429,shed
low,19.0812,3508.72,429,shed
medium,17.0037,5598.67,200,ok
medium,16.4026,6199.75,200,ok
medium,17.2343,5430.73,200,ok
high,17.6012,5180.61,200,ok
medium,17.4104,5371.48,200,ok
medium,18.4531,4332.43,429,shed
medium,17.6025,5211.34,200,ok
high,15.5003,7343.37,200,ok
medium,17.3346,5573.61,200,ok
low,4.0709,18837.39,200,ok
low,18.3072,4601.06,429,shed
low,3.6809,19227.41,200,ok
medium,18.5682,4340.15,429,shed
medium,22.9094,21.59,,error
low,22.9100,21.27,,error
medium,22.9182,14.57,,error
low,22.9207,12.39,,error
low,22.9108,24.70,,error
low,22.9405,8.69,,error
medium,22.9360,13.58,,error
low,22.9334,16.54,,error
low,18.5181,4560.54,429,shed
low,18.9109,4167.79,429,shed
medium,23.0828,6.25,,error
low,23.0834,5.96,,error
low,23.0840,5.66,,error
low,23.0847,5.21,,error
low,23.0853,4.88,,error
medium,23.0862,4.31,,error
medium,23.0640,26.86,,error
medium,23.0672,23.92,,error
medium,23.0680,23.48,,error
medium,23.0686,23.13,,error
medium,23.0692,22.80,,error
low,23.0698,22.52,,error
low,23.0704,22.20,,error
low,23.0710,21.89,,error
low,23.0716,21.59,,error
low,23.0722,21.28,,error
high,23.0484,45.76,,error
low,23.0760,18.48,,error
low,23.0768,18.01,,error
low,23.0774,17.65,,error
low,23.0780,17.34,,error
high,23.0808,14.82,,error
low,23.0730,22.96,,error
medium,23.0820,14.17,,error
low,23.0963,2.32,,error
high,23.1007,3.67,,error
medium,23.1021,2.64,,error
low,23.1028,2.17,,error
low,23.1112,3.71,,error
medium,23.1170,2.50,,error
low,23.1206,1.83,,error
low,23.1306,3.80,,error
medium,23.1345,3.03,,error
low,23.1406,2.93,,error
high,23.1508,4.37,,error
medium,23.1528,2.70,,error
low,23.1535,2.22,,error
low,23.1605,2.32,,error
medium,23.1670,3.50,,error
low,23.1705,2.50,,error
low,23.1812,3.43,,error
medium,23.1847,1.78,,error
low,23.1906,2.80,,error
medium,19.3177,3887.74,429,shed
low,18.9608,4244.64,429,shed
low,23.2048,2.69,,error
low,23.2110,3.59,,error
medium,23.2177,2.31,,error
low,23.2212,1.98,,error
low,23.2303,2.68,,error
medium,23.2342,3.27,,error
low,23.2406,3.02,,error
medium,23.2531,2.38,,error
low,23.2540,1.86,,error
high,23.2508,5.32,,error
low,23.2603,3.33,,error
medium,23.2677,2.86,,error
low,23.2706,1.86,,error
low,19.0318,4252.03,429,shed
low,19.2337,4053.26,429,shed
low,23.2911,2.51,,error
high,23.3008,4.73,,error
medium,23.3028,3.06,,error
low,23.3037,2.42,,error
low,23.3103,2.40,,error
medium,23.3182,4.63,,error
low,23.3229,2.72,,error
low,23.3312,5.39,,error
medium,23.3336,3.36,,error
low,23.3410,2.50,,error
high,23.3507,4.76,,error
medium,23.3527,3.13,,error
low,23.3535,2.63,,error
low,23.3611,2.64,,error
medium,23.3669,2.59,,error
low,23.3706,2.73,,error
low,23.3806,4.29,,error
medium,23.3850,2.34,,error
low,23.3904,2.16,,error
medium,23.4028,2.10,,error
low,23.4036,1.63,,error
high,23.4008,4.69,,error
low,23.4106,2.48,,error
medium,23.4172,2.32,,error
low,23.4206,1.87,,error
low,23.4307,2.66,,error
medium,23.4344,1.77,,error
low,23.4404,2.36,,error
high,23.4510,4.74,,error
medium,23.4531,2.94,,error
low,23.4540,2.31,,error
low,23.4605,4.29,,error
medium,23.4669,3.85,,error
low,23.4708,1.95,,error
low,23.4810,2.90,,error
medium,23.4839,1.60,,error
low,23.4907,2.74,,error
medium,23.5027,3.49,,error
low,23.5037,2.81,,error
high,23.5006,6.19,,error
low,23.5110,2.69,,error
medium,23.5178,2.48,,error
low,23.5203,1.36,,error
low,23.5326,5.65,,error
medium,23.5362,2.47,,error
low,23.5408,3.84,,error
high,23.5509,4.88,,error
medium,23.5530,3.10,,error
low,23.5543,2.02,,error
low,23.5605,2.33,,error
medium,23.5670,2.85,,error
low,23.5710,1.89,,error
low,23.5811,2.81,,error
medium,23.5839,2.58,,error
low,23.5907,3.08,,error
medium,23.6032,5.42,,error
low,23.6063,2.56,,error
high,23.6010,8.20,,error
low,23.6103,1.90,,error
medium,23.6174,2.81,,error
low,23.6203,1.73,,error
high,15.9008,7729.67,200,ok
medium,18.8335,4799.57,429,shed
low,23.6407,2.68,,error
medium,23.6527,2.47,,error
low,23.6537,1.76,,error
high,23.6506,5.15,,error
low,23.6609,2.61,,error
medium,23.6677,3.06,,error
low,23.6708,2.74,,error
low,23.6807,3.00,,error
medium,23.6838,1.46,,error
low,23.6904,2.54,,error
high,23.7012,4.16,,error
medium,23.7032,2.40,,error
low,23.7040,1.91,,error
low,23.7111,2.55,,error
medium,23.7178,3.24,,error
low,23.7211,2.00,,error
low,23.7313,3.62,,error
medium,23.7335,1.74,,error
low,23.7404,2.32,,error
medium,23.7530,3.66,,error
low,23.7539,3.02,,error
high,23.7509,6.36,,error
medium,18.8840,4874.11,429,shed
medium,23.7669,3.37,,error
low,23.7703,1.60,,error
low,23.7823,8.64,,error
medium,23.7849,7.78,,error
low,23.7913,3.22,,error
high,23.8007,5.00,,error
medium,23.8027,3.28,,error
low,23.8036,2.66,,error
high,18.1018,5705.07,200,ok
medium,23.8170,2.44,,error
low,23.8205,1.81,,error
low,23.8306,2.75,,error
medium,23.8344,2.17,,error
low,23.8407,3.92,,error
medium,23.8528,2.34,,error
low,23.8536,1.91,,error
high,23.8509,4.92,,error
low,23.8609,2.53,,error
medium,23.8675,2.08,,error
low,23.8707,1.56,,error
low,23.8805,4.74,,error
medium,23.8853,2.23,,error
low,23.8906,2.11,,error
high,23.9010,5.03,,error
medium,23.9036,2.68,,error
low,23.9047,1.91,,error
low,23.9108,2.34,,error
medium,23.9172,2.35,,error
low,23.9207,1.93,,error
low,23.9308,12.33,,error
medium,19.3345,4608.70,429,shed
high,15.9528,7990.41,200,ok
medium,23.9531,5.93,,error
low,23.9537,5.60,,error
medium,23.9416,17.99,,error
medium,19.3840,4614.37,429,shed
medium,23.9674,53.18,,error
low,23.9705,50.43,,error
low,23.9817,39.46,,error
medium,23.9864,35.11,,error
low,23.9906,31.18,,error
high,24.0005,21.55,,error
medium,24.0021,20.21,,error
low,24.0029,19.70,,error
low,24.0108,12.05,,error
low,24.0230,2.20,,error
medium,24.0180,7.74,,error
medium,24.0336,2.94,,error
low,24.0315,5.38,,error
low,24.0412,206.44,,error
high,15.8003,8498.71,200,ok
high,15.5508,8748.21,200,ok
low,19.3406,4958.47,429,shed
high,19.5011,4797.93,429,shed
medium,24.2678,44.10,,error
medium,24.2689,43.36,,error
medium,24.2699,42.70,,error
medium,24.2708,42.09,,error
medium,24.2750,38.16,,error
medium,24.2763,37.22,,error
medium,24.2775,36.24,,error
medium,24.2820,32.03,,error
medium,24.2836,30.72,,error
medium,24.2849,29.71,,error
medium,24.2861,28.90,,error
low,24.2867,28.59,,error
low,24.2873,28.31,,error
low,24.2879,28.10,,error
low,24.2885,27.80,,error
low,24.2891,27.51,,error
low,24.2897,27.21,,error
low,24.2903,26.94,,error
low,24.2909,26.65,,error
low,24.2916,26.29,,error
low,24.2929,25.38,,error
high,24.2602,58.33,,error
low,24.2935,25.36,,error
low,24.2941,25.17,,error
low,24.2947,24.86,,error
low,24.2953,24.56,,error
low,24.2958,24.26,,error
low,24.2964,23.97,,error
low,24.2970,23.67,,error
low,24.2976,23.36,,error
low,24.2983,22.94,,error
high,24.3001,21.44,,error
high,24.3008,21.04,,error
medium,24.3014,20.69,,error
medium,24.3020,20.40,,error
medium,24.3027,20.02,,error
medium,24.3033,19.70,,error
low,24.3038,19.48,,error
low,24.3044,19.18,,error
low,24.3050,18.88,,error
low,24.3056,18.54,,error
low,24.3062,18.23,,error
low,24.3068,17.93,,error
low,24.2923,32.73,,error
low,24.3251,4.97,,error
medium,24.3270,3.36,,error
low,24.3281,2.80,,error
low,24.3309,2.33,,error
medium,24.3344,2.28,,error
low,24.3432,3.62,,error
medium,19.5357,4821.73,429,shed
medium,24.3532,6.09,,error
low,24.3539,5.71,,error
low,24.3602,7.27,,error
medium,24.3675,3.29,,error
low,24.3708,5.26,,error
low,24.3803,2.51,,error
medium,24.3839,1.80,,error
low,24.3909,2.71,,error
medium,19.8173,4578.35,429,shed
medium,24.4028,3.54,,error
low,24.4036,3.04,,error
low,24.4112,2.56,,error
medium,24.4169,2.16,,error
low,24.4211,1.85,,error
low,24.4311,2.55,,error
medium,24.4337,1.88,,error
low,24.4408,3.14,,error
medium,24.4530,2.01,,error
low,24.4538,1.60,,error
high,24.4511,4.58,,error
low,24.4608,2.51,,error
medium,24.4675,2.31,,error
low,24.4709,1.59,,error
low,24.4807,3.09,,error
medium,24.4838,2.71,,error
low,24.4907,2.18,,error
high,24.5011,4.09,,error
medium,24.5031,2.37,,error
low,24.5039,1.90,,error
low,24.5106,2.23,,error
medium,24.5170,2.30,,error
medium,18.9843,5535.54,200,ok
medium,19.0526,5470.45,200,ok
medium,19.0178,5508.17,200,ok
low,24.5403,2.38,,error
high,24.5509,4.12,,error
medium,24.5529,2.41,,error
low,24.5537,1.93,,error
low,3.8809,20678.18,200,ok
medium,24.5675,3.30,,error
low,24.5708,2.70,,error
low,24.5807,2.70,,error
medium,24.5835,1.52,,error
low,24.5912,2.61,,error
high,24.6007,4.00,,error
medium,24.6027,2.29,,error
low,24.6034,1.88,,error
low,24.6104,3.23,,error
medium,18.3548,6261.44,200,ok
low,3.8907,20725.58,200,ok
low,3.9907,20637.61,200,ok
low,3.8408,20791.94,200,ok
low,24.6404,2.21,,error
low,4.1525,20495.56,200,ok
low,24.6525,3.34,,error
high,24.6502,5.93,,error
low,24.6606,3.80,,error
medium,24.6682,3.35,,error
low,24.6716,1.87,,error
low,24.6806,3.24,,error
medium,24.6839,2.58,,error
low,24.6906,2.58,,error
medium,24.7026,2.94,,error
high,24.7004,5.40,,error
low,24.7035,2.71,,error
high,18.4512,6266.00,200,ok
low,24.7132,4.35,,error
low,24.7204,2.25,,error
low,24.7308,2.91,,error
medium,24.7338,1.76,,error
low,24.7407,4.01,,error
medium,19.1518,5593.82,200,ok
medium,24.7527,3.30,,error
low,24.7535,2.76,,error
low,24.7608,2.99,,error
medium,24.7669,3.49,,error
low,24.7705,2.12,,error
low,24.7808,3.90,,error
medium,24.7847,2.33,,error
low,24.7912,2.12,,error
high,24.8013,4.56,,error
medium,24.8034,2.81,,error
low,24.8042,2.28,,error
low,24.8107,6.73,,error
medium,24.8178,2.05,,error
low,24.8210,2.10,,error
low,24.8309,5.68,,error
medium,24.8342,2.68,,error
low,24.8411,3.58,,error
high,24.8509,4.66,,error
medium,24.8529,2.94,,error
low,24.8537,2.48,,error
low,24.8603,3.28,,error
high,19.9004,4964.73,429,shed
low,24.8705,4.14,,error
low,24.8808,3.84,,error
medium,24.8847,3.08,,error
low,24.8909,2.28,,error
medium,24.9022,2.32,,error
low,24.9029,1.93,,error
high,24.9004,4.75,,error
low,24.9103,2.83,,error
medium,24.9173,2.42,,error
low,24.9208,2.12,,error
medium,19.8401,5093.78,429,shed
low,4.1209,20813.04,200,ok
low,24.9404,2.62,,error
medium,19.4678,5479.33,429,shed
low,24.9527,3.22,,error
high,24.9503,5.93,,error
low,24.9607,3.37,,error
medium,24.9672,2.71,,error
low,24.9710,2.53,,error
medium,19.1838,5790.97,200,ok
medium,24.9835,3.25,,error
medium,19.8720,5117.28,429,shed
medium,18.2170,6773.15,200,ok
medium,19.9180,5072.58,429,shed
medium,19.8835,5110.76,429,shed
medium,19.9354,5061.81,429,shed
medium,19.9692,5028.68,429,shed
low,25.0203,2.73,,error
medium,25.0336,1.64,,error
low,25.0313,4.26,,error
low,25.0407,3.27,,error
medium,25.0532,2.71,,error
low,25.0540,2.23,,error
high,25.0512,5.34,,error
low,25.0607,2.89,,error
medium,25.0678,2.87,,error
low,25.0706,2.85,,error
low,25.0807,2.64,,error
medium,25.0844,2.27,,error
low,25.0908,2.84,,error
medium,25.1030,3.28,,error
low,25.1040,2.63,,error
high,25.1009,5.98,,error
high,20.0016,5106.15,429,shed
low,19.4825,5625.83,429,shed
low,25.1208,2.30,,error
low,25.1304,3.87,,error
medium,25.1343,5.39,,error
low,25.1408,2.66,,error
high,25.1507,5.86,,error
medium,25.1528,4.10,,error
low,25.1540,3.18,,error
low,25.1603,3.30,,error
medium,25.1678,2.85,,error
low,25.1707,1.93,,error
low,25.1808,3.95,,error
low,4.3524,20834.39,200,ok
low,25.1912,3.50,,error
medium,18.9173,6282.07,200,ok
medium,19.2202,5979.65,200,ok
low,19.8032,5397.39,429,shed
low,25.2103,3.13,,error
medium,25.2176,3.74,,error
low,25.2213,3.22,,error
low,25.2307,2.85,,error
medium,25.2336,1.85,,error
low,25.2407,3.02,,error
high,25.2509,4.98,,error
medium,25.2533,3.16,,error
low,25.2545,2.34,,error
low,25.2610,4.84,,error
medium,25.2670,3.85,,error
low,25.2708,4.18,,error
medium,20.0175,5259.70,429,shed
low,4.3306,20946.63,200,ok
low,25.2909,5.20,,error
medium,25.3042,5.26,,error
low,25.3067,3.23,,error
high,25.3002,10.04,,error
low,25.3103,2.34,,error
medium,25.3178,5.04,,error
low,25.3203,2.93,,error
low,25.3304,3.31,,error
medium,25.3337,2.78,,error
high,20.0517,5291.21,429,shed
high,17.9509,7392.67,200,ok
medium,25.3529,3.98,,error
low,25.3537,3.55,,error
low,25.3607,2.98,,error
medium,25.3678,3.73,,error
low,25.3716,2.92,,error
low,25.3807,4.23,,error
medium,25.3850,3.98,,error
low,25.3911,2.49,,error
high,25.4008,4.73,,error
medium,25.4029,2.96,,error
low,25.4039,2.28,,error
low,25.4103,3.05,,error
medium,25.4175,2.82,,error
low,25.4204,3.52,,error
low,25.4311,2.76,,error
medium,25.4339,1.64,,error
low,25.4408,2.87,,error
medium,20.0669,5380.57,429,shed
medium,18.1704,7277.55,200,ok
low,4.4529,20997.07,200,ok
low,25.4611,4.71,,error
medium,25.4669,3.23,,error
low,25.4702,2.08,,error
low,25.4805,3.60,,error
medium,25.4841,1.94,,error
low,25.4913,3.46,,error
medium,25.5030,3.24,,error
low,25.5039,2.66,,error
high,25.5009,5.95,,error
low,25.5110,2.66,,error
medium,25.5178,2.80,,error
low,25.5206,1.84,,error
low,25.5313,3.78,,error
medium,25.5335,1.88,,error
low,25.5406,3.50,,error
high,25.5503,4.80,,error
medium,25.5522,3.19,,error
low,25.5529,2.74,,error
low,25.5609,3.35,,error
medium,19.7526,5817.49,429,shed
low,25.5702,2.16,,error
low,25.5808,3.89,,error
medium,25.5847,1.86,,error
low,25.5907,55.66,,error
medium,25.6479,9.74,,error
medium,25.6494,8.57,,error
medium,25.6500,8.23,,error
low,25.6507,7.90,,error
low,25.6513,7.59,,error
low,25.6519,7.29,,error
low,25.6525,6.98,,error
low,25.6531,6.68,,error
high,25.6541,5.91,,error
medium,25.6548,5.63,,error
low,25.6554,5.32,,error
high,25.6464,14.54,,error
low,25.6611,1.98,,error
medium,25.6672,12.17,,error
medium,19.7678,5917.23,429,shed
medium,25.6869,3.62,,error
low,25.6809,10.02,,error
low,25.6910,2.67,,error
medium,25.7030,2.46,,error
low,25.7040,1.74,,error
high,25.7009,5.55,,error
low,25.7107,2.98,,error
medium,25.7178,2.86,,error
low,25.7207,2.22,,error
high,20.1004,5624.34,429,shed
low,18.5123,7223.59,429,shed
low,25.7409,3.94,,error
medium,25.7531,3.05,,error
low,25.7543,2.17,,error
high,25.7510,5.77,,error
low,25.7609,3.71,,error
medium,25.7678,3.12,,error
low,25.7710,3.46,,error
low,25.7807,4.30,,error
medium,25.7850,2.46,,error
low,25.7933,4.38,,error
medium,25.8033,7.87,,error
low,25.8048,6.98,,error
high,25.8013,10.91,,error
low,25.8122,2.20,,error
medium,25.8177,18.77,,error
low,25.8240,12.78,,error
low,25.8312,5.86,,error
medium,25.8343,3.06,,error
low,25.8433,50.56,,error
high,25.8506,43.57,,error
medium,25.8526,41.89,,error
low,25.8533,41.47,,error
low,25.8612,34.32,,error
medium,25.8677,28.10,,error
low,25.8709,26.54,,error
low,25.8806,17.14,,error
medium,25.8838,14.25,,error
low,25.8904,7.97,,error
high,25.9005,5.01,,error
medium,25.9019,3.94,,error
low,25.9026,3.50,,error
low,25.9103,3.33,,error
medium,25.9177,3.69,,error
low,25.9215,2.02,,error
low,25.9306,2.69,,error
medium,25.9344,2.06,,error
low,25.9406,3.19,,error
high,25.9511,5.48,,error
medium,25.9531,3.78,,error
low,25.9539,3.20,,error
low,25.9603,2.35,,error
medium,25.9679,3.11,,error
low,25.9710,1.59,,error
low,25.9808,2.85,,error
medium,25.9837,2.58,,error
low,25.9904,3.24,,error
medium,26.0034,4.20,,error
low,26.0049,2.96,,error
high,26.0009,7.32,,error
low,26.0103,3.22,,error
medium,26.0177,2.55,,error
low,26.0203,3.30,,error
low,26.0307,3.03,,error
medium,26.0338,1.77,,error
low,26.0408,3.40,,error
high,26.0504,4.45,,error
medium,26.0525,2.67,,error
low,26.0534,2.05,,error
low,26.0606,2.65,,error
medium,26.0674,3.51,,error
low,26.0710,1.83,,error
low,26.0810,3.51,,error
medium,26.0845,2.72,,error
low,26.0904,2.36,,error
high,26.1010,4.13,,error
medium,26.1030,2.44,,error
low,26.1038,1.92,,error
low,26.1109,3.85,,error
medium,26.1169,3.84,,error
low,26.1208,2.46,,error
low,26.1304,4.20,,error
medium,26.1347,1.82,,error
low,26.1407,2.67,,error
medium,26.1528,3.80,,error
low,26.1538,3.15,,error
high,26.1508,6.47,,error
low,26.1603,3.30,,error
low,26.1702,3.21,,error
medium,26.1678,5.97,,error
low,26.1807,2.96,,error
medium,26.1837,1.73,,error
low,26.1906,3.08,,error
high,26.2009,5.68,,error
medium,26.2030,3.91,,error
low,26.2040,3.19,,error
low,26.2103,4.38,,error
medium,26.2178,3.42,,error
low,26.2213,1.79,,error
low,26.2302,2.69,,error
medium,26.2341,3.50,,error
low,26.2407,2.99,,error
high,18.5145,7730.31,200,ok
low,26.2540,2.56,,error
high,26.2510,5.84,,error
low,26.2604,2.47,,error
medium,26.2670,2.77,,error
low,26.2709,1.85,,error
low,26.2809,3.70,,error
medium,26.2846,2.86,,error
low,26.2906,2.96,,error
low,26.3034,2.08,,error
medium,26.3027,3.09,,error
high,26.3008,5.33,,error
low,26.3102,2.35,,error
medium,26.3177,2.94,,error
low,26.3206,2.01,,error
low,26.3308,4.14,,error
medium,26.3350,3.62,,error
low,26.3408,3.13,,error
high,26.3511,4.83,,error
medium,26.3536,2.65,,error
low,26.3546,1.96,,error
high,18.7507,7607.86,200,ok
medium,26.3670,2.35,,error
low,26.3704,2.30,,error
medium,19.4529,6921.49,200,ok
medium,26.3842,2.86,,error
low,26.3902,2.20,,error
medium,26.4026,2.14,,error
low,26.4034,1.64,,error
high,26.4006,4.75,,error
low,26.4105,2.24,,error
medium,26.4169,3.14,,error
low,26.4211,2.50,,error
low,26.4307,3.40,,error
medium,26.4342,1.78,,error
low,26.4411,2.07,,error
high,26.4504,4.31,,error
medium,26.4523,2.62,,error
low,26.4533,2.00,,error
low,26.4604,3.57,,error
medium,26.4672,2.86,,error
low,26.4712,2.38,,error
low,26.4807,3.22,,error
medium,26.4840,1.48,,error
low,26.4906,2.58,,error
high,26.5004,4.25,,error
medium,26.5024,2.55,,error
low,26.5033,2.02,,error
low,26.5104,2.85,,error
medium,26.5174,5.25,,error
low,26.5227,2.91,,error
medium,26.5360,2.83,,error
low,26.5307,8.51,,error
low,26.5412,2.89,,error
medium,26.5521,22.64,,error
low,26.5648,10.37,,error
low,26.5679,7.61,,error
medium,26.5711,4.71,,error
low,26.5726,3.48,,error
high,26.5502,26.30,,error
low,19.8411,6745.96,429,shed
low,19.8209,6766.10,429,shed
low,26.5807,8.99,,error
medium,26.6032,3.39,,error
low,26.6046,2.22,,error
high,26.6009,6.31,,error
low,26.6103,1.81,,error
medium,26.6172,3.62,,error
low,26.6209,3.01,,error
low,4.4311,22204.12,200,ok
low,19.8605,6774.75,429,shed
low,26.6311,5.96,,error
medium,20.1019,6536.47,429,shed
low,19.8528,6785.58,429,shed
high,26.6513,4.53,,error
low,26.6605,37.42,,error
medium,20.0026,6701.84,429,shed
medium,19.4837,7220.72,200,ok
low,19.8908,6813.68,429,shed
low,19.8736,6831.84,429,shed
medium,20.1171,6590.97,429,shed
medium,26.7068,2.77,,error
low,26.7074,2.44,,error
low,26.7024,8.02,,error
low,26.7110,5.82,,error
medium,20.2837,6433.84,429,shed
low,26.7209,2.63,,error
low,26.7307,3.63,,error
medium,26.7343,3.19,,error
low,26.7407,2.10,,error
low,19.9610,6784.21,429,shed
low,20.0031,6744.15,429,shed
low,20.1309,6617.65,429,shed
low,20.0810,6667.61,429,shed
low,19.9308,6818.37,429,shed
low,26.7702,2.78,,error
low,26.7812,6.48,,error
medium,26.7853,3.14,,error
low,26.7908,3.03,,error
high,26.8013,8.85,,error
medium,26.8036,6.97,,error
low,26.8077,3.25,,error
low,26.8110,1.83,,error
high,18.8021,8016.14,200,ok
medium,19.0835,7734.71,200,ok
low,26.8302,3.75,,error
medium,26.8340,2.56,,error
low,26.8407,2.27,,error
medium,26.8533,2.14,,error
low,26.8541,1.64,,error
high,26.8512,4.81,,error
low,26.8612,2.68,,error
medium,26.8670,2.49,,error
low,26.8706,1.96,,error
low,26.8807,2.88,,error
medium,26.8837,1.65,,error
high,18.0508,8835.13,200,ok
high,26.9010,4.54,,error
medium,26.9030,2.79,,error
low,26.9039,2.22,,error
low,26.9102,2.32,,error
medium,26.9177,3.66,,error
low,26.9214,3.16,,error
low,26.9304,2.33,,error
medium,26.9338,1.50,,error
low,26.9405,2.29,,error
high,26.9510,4.64,,error
medium,26.9534,2.55,,error
low,26.9544,1.90,,error
low,26.9605,3.89,,error
low,4.5030,22465.32,200,ok
low,26.9702,1.58,,error
medium,19.4189,7759.47,200,ok
low,4.5812,22597.22,200,ok
low,4.6409,22537.58,200,ok
low,4.6219,22556.58,200,ok
low,4.5604,22618.09,200,ok
medium,18.9678,8210.71,200,ok
medium,20.5004,6678.17,429,shed
medium,20.5177,6660.83,429,shed
high,18.1513,9027.29,200,ok
low,26.9820,198.22,,error
medium,26.9851,195.46,,error
low,27.1644,23.55,,error
low,27.1663,21.97,,error
low,27.1669,21.65,,error
low,27.1675,21.34,,error
low,27.1682,21.01,,error
low,27.1688,20.70,,error
low,27.1694,20.39,,error
high,27.1699,20.09,,error
high,27.1705,20.64,,error
high,27.1711,20.34,,error
high,27.1717,20.05,,error
medium,27.1723,19.74,,error
medium,27.1729,19.46,,error
medium,27.1735,19.15,,error
medium,27.1742,18.74,,error
medium,27.1748,18.44,,error
medium,27.1754,18.15,,error
medium,27.1759,17.85,,error
medium,27.1765,17.54,,error
medium,27.1771,18.32,,error
medium,27.1777,18.03,,error
low,27.1806,15.44,,error
low,27.1813,15.04,,error
low,27.1821,14.58,,error
medium,27.1827,14.25,,error
medium,27.1837,13.57,,error
low,27.1576,39.95,,error
low,27.1982,3.75,,error
high,27.2019,4.61,,error
medium,27.2032,3.66,,error
low,27.2039,3.29,,error
low,27.2103,3.86,,error
medium,27.2182,4.32,,error
low,27.2209,1.93,,error
low,27.2311,3.45,,error
medium,27.2346,4.12,,error
low,27.2408,2.79,,error
medium,18.2841,8970.94,200,ok
low,27.2536,3.17,,error
high,27.2508,6.38,,error
low,27.2606,4.08,,error
medium,27.2678,4.23,,error
high,17.2508,10023.28,200,ok
low,27.2808,3.11,,error
medium,27.2840,3.58,,error
low,27.2907,2.87,,error
high,27.3007,5.16,,error
medium,27.3028,3.44,,error
low,27.3036,2.90,,error
low,27.3108,2.97,,error
medium,27.3169,3.79,,error
low,27.3207,2.77,,error
low,27.3307,3.81,,error
medium,27.3345,2.06,,error
medium,17.7731,9567.43,200,ok
high,27.3508,6.58,,error
medium,27.3529,4.80,,error
low,27.3538,4.14,,error
low,27.3611,3.64,,error
medium,27.3669,2.70,,error
low,27.3707,3.81,,error
low,1.8532,25526.16,200,ok
low,1.8610,25518.46,200,ok
low,1.8824,25505.89,200,ok
low,1.7607,25627.59,200,ok
high,20.1509,7237.37,429,shed
high,20.5018,6892.71,429,shed
high,20.4509,6944.21,429,shed
low,1.9112,25484.76,200,ok
low,1.8903,25505.60,200,ok
high,20.6509,6766.86,429,shed
high,20.7011,6716.67,429,shed
low,27.4407,2.91,,error
medium,20.1997,7247.01,429,shed
high,20.7514,6695.29,429,shed
high,27.4509,4.89,,error
low,27.4605,4.29,,error
medium,20.5844,6881.26,429,shed
medium,20.6178,6848.80,429,shed
medium,20.3844,7082.58,429,shed
medium,20.6671,6817.23,429,shed
medium,20.7027,6783.63,429,shed
high,20.8010,6685.94,429,shed
low,1.8706,25629.86,200,ok
medium,20.7346,6767.58,429,shed
low,18.7213,8780.84,429,shed
medium,20.7669,6738.68,429,shed
medium,20.8026,6704.07,429,shed
medium,20.7169,6789.79,429,shed
low,1.9520,25555.17,200,ok
low,2.0020,25507.06,200,ok
low,1.9309,25578.11,200,ok
low,20.1212,7409.71,429,shed
high,18.3534,9177.52,200,ok
low,20.0211,7511.98,429,shed
low,20.1985,7336.09,429,shed
low,1.9911,25543.47,200,ok
low,19.7204,7815.33,429,shed
low,19.4402,8095.48,429,shed
low,19.2724,8263.35,429,shed
low,19.7312,7806.55,429,shed
low,3.7207,23822.44,200,ok
low,20.7410,6847.75,429,shed
medium,20.8335,6757.52,429,shed
low,20.6531,6937.95,429,shed
low,20.6908,6900.22,429,shed
low,20.2026,7388.49,429,shed
low,20.4405,7150.94,429,shed
low,20.5105,7083.48,429,shed
low,20.4031,7192.58,429,shed
low,20.5530,7042.68,429,shed
low,2.0107,25584.95,200,ok
low,4.7806,22818.20,200,ok
low,4.7203,22879.62,200,ok
low,4.7306,22869.30,200,ok
low,4.9103,22707.95,200,ok
low,4.7902,22828.10,200,ok
low,4.8612,22757.11,200,ok
low,4.7612,22860.37,200,ok
low,4.7530,22868.58,200,ok
low,4.7406,22881.03,200,ok
low,4.8911,22730.49,200,ok
high,17.4040,10246.61,200,ok
low,4.8406,22942.65,200,ok
low,4.9023,22880.94,200,ok
low,4.7708,23012.48,200,ok
low,4.8709,22912.39,200,ok
low,4.8027,22980.65,200,ok
high,19.7006,8082.74,429,shed
medium,18.2028,9580.62,200,ok
high,20.3007,7482.94,429,shed
low,3.7707,24012.91,200,ok
low,27.7866,7.62,,error
low,27.7860,9.77,,error
medium,27.7854,10.66,,error
low,27.7911,5.25,,error
high,27.8007,4.56,,error
medium,27.8026,3.01,,error
low,27.8033,2.52,,error
medium,18.2336,9572.84,200,ok
medium,27.8174,3.21,,error
low,27.8206,2.92,,error
low,27.8307,3.75,,error
medium,18.9019,8932.62,200,ok
low,27.8406,2.48,,error
low,2.0804,25783.32,200,ok
medium,18.6557,9208.70,200,ok
low,27.8644,2.67,,error
low,27.8571,10.34,,error
medium,27.8676,1.93,,error
low,27.8706,2.16,,error
low,4.8306,23044.05,200,ok
medium,27.8835,1.79,,error
low,27.8907,2.76,,error
low,2.3022,25603.78,200,ok
medium,27.9027,18.77,,error
low,27.9039,17.84,,error
low,27.9112,11.02,,error
medium,19.1174,8807.13,200,ok
low,2.3104,25614.68,200,ok
low,2.4911,25434.56,200,ok
low,2.4707,25473.37,200,ok
low,2.5820,25366.24,200,ok
low,2.4032,25551.99,200,ok
medium,20.8176,7138.66,429,shed
low,2.4305,25526.54,200,ok
low,3.2514,24986.57,200,ok
low,2.8203,25417.65,200,ok
low,2.6909,25547.09,200,ok
low,3.0518,25186.23,200,ok
low,3.2663,24971.76,200,ok
low,3.3306,24907.51,200,ok
low,2.9605,25277.63,200,ok
low,3.3226,24915.51,200,ok
low,2.6102,25627.94,200,ok
low,3.2934,24944.75,200,ok
low,2.6808,25557.36,200,ok
low,2.6409,25597.30,200,ok
low,3.3036,24934.57,200,ok
medium,18.8689,9369.32,200,ok
low,3.3521,24886.14,200,ok
low,3.5412,24697.07,200,ok
medium,19.2848,8953.50,200,ok
medium,18.9360,9302.30,200,ok
low,2.6311,25607.26,200,ok
low,2.7206,25517.78,200,ok
low,2.9314,25307.00,200,ok
low,2.7519,25486.46,200,ok
low,3.8528,24385.56,200,ok
medium,19.9020,8336.46,429,shed
medium,19.2729,8965.56,200,ok
high,21.1506,7087.81,429,shed
high,18.2015,10036.99,200,ok
high,20.4009,7837.63,429,shed
high,18.5515,9686.97,200,ok
low,27.9605,280.02,,error
medium,27.9675,273.36,,error
low,27.9731,268.04,,error
low,3.8323,24410.01,200,ok
low,4.1106,24131.80,200,ok
low,4.0804,24170.86,200,ok
low,4.0104,24240.87,200,ok
high,28.2354,27.15,,error
high,28.2360,27.13,,error
high,28.2366,26.84,,error
high,28.2372,26.56,,error
high,28.2432,20.88,,error
medium,28.2443,20.11,,error
medium,28.2452,19.46,,error
medium,28.2460,18.97,,error
low,28.2466,18.68,,error
low,28.2472,18.37,,error
low,28.2478,18.07,,error
low,28.2484,17.74,,error
low,28.2504,15.99,,error
high,28.2528,13.86,,error
medium,28.2535,13.41,,error
low,28.2542,13.07,,error
low,28.2216,45.88,,error
low,28.2222,45.58,,error
low,28.2694,5.78,,error
medium,28.2717,6.77,,error
low,28.2739,5.63,,error
high,20.2508,8029.37,429,shed
medium,28.2836,2.03,,error
low,28.2912,6.79,,error
high,28.3013,4.16,,error
medium,28.3030,2.76,,error
low,28.3038,2.27,,error
low,28.3102,2.87,,error
medium,19.0026,9320.09,200,ok
low,28.3201,4.72,,error
low,28.3304,3.22,,error
medium,28.3336,1.64,,error
low,28.3404,2.44,,error
high,28.3511,4.37,,error
medium,28.3532,2.59,,error
low,28.3540,2.09,,error
medium,19.6181,8738.75,200,ok
low,6.7138,21643.15,200,ok
low,28.3720,2.69,,error
medium,19.2666,9114.25,200,ok
medium,28.3841,1.97,,error
low,28.3903,3.05,,error
high,20.5514,7842.40,429,shed
low,28.4039,1.60,,error
high,28.4010,4.75,,error
low,28.4103,3.34,,error
low,3.9403,24596.25,200,ok
high,19.4511,9085.44,200,ok
medium,20.4335,8103.10,429,shed
medium,28.4177,120.13,,error
high,21.3512,7190.55,429,shed
low,28.5245,18.15,,error
low,28.5253,17.69,,error
low,28.5258,17.40,,error
low,28.5264,17.08,,error
low,28.5270,16.78,,error
low,28.5276,16.46,,error
medium,28.5312,13.17,,error
medium,28.5321,12.56,,error
medium,28.5328,12.20,,error
medium,28.5334,11.89,,error
medium,28.5341,11.48,,error
medium,28.5347,11.16,,error
high,28.5353,10.86,,error
high,28.5359,10.57,,error
low,28.5213,25.40,,error
low,28.5399,9.45,,error
medium,28.5408,8.77,,error
medium,20.3529,8197.40,429,shed
low,28.5468,4.09,,error
medium,28.5521,2.43,,error
low,28.5528,2.19,,error
low,28.5613,3.02,,error
medium,19.3669,9204.65,429,shed
medium,28.5682,5.15,,error
medium,18.4342,10141.49,200,ok
medium,28.5843,1.57,,error
low,28.5902,5.70,,error
low,3.7025,24896.53,200,ok
low,3.5308,25069.11,200,ok
high,21.4018,7203.38,429,shed
high,19.6004,9004.78,200,ok
medium,21.1676,7441.73,429,shed
medium,21.1519,7458.07,429,shed
low,28.6309,2.71,,error
medium,28.6337,1.56,,error
low,3.7303,24907.14,200,ok
low,4.0030,24634.45,200,ok
low,3.7522,24902.29,200,ok
medium,20.6844,7971.27,429,shed
low,28.6606,2.68,,error
medium,21.2020,7462.96,429,shed
low,3.9029,24766.54,200,ok
low,3.9808,24691.98,200,ok
medium,19.5835,9091.50,429,shed
medium,19.4018,9283.91,429,shed
medium,28.7028,2.56,,error
low,28.7037,2.00,,error
high,28.7007,5.24,,error
medium,21.0351,7671.38,429,shed
low,3.4603,25258.01,200,ok
medium,21.0835,7634.85,429,shed
low,3.8027,24915.70,200,ok
high,18.7007,10019.75,200,ok
medium,21.0547,7688.32,429,shed
medium,19.7344,9011.12,429,shed
low,5.8307,22914.81,200,ok
medium,19.6342,9111.33,429,shed
high,18.9508,9794.75,200,ok
low,4.1063,24648.65,200,ok
medium,19.0672,9697.82,200,ok
medium,21.1853,7593.74,429,shed
high,21.0012,7777.86,429,shed
low,4.1907,24589.04,200,ok
low,3.4410,25339.19,200,ok
medium,21.2842,7497.53,429,shed
low,3.5030,25278.69,200,ok
low,4.1603,24627.64,200,ok
low,4.2532,24536.40,200,ok
low,4.1710,24618.56,200,ok
low,4.2808,24508.79,200,ok
medium,21.2342,7559.00,429,shed
low,5.8908,22917.51,200,ok
medium,21.3183,7490.00,429,shed
medium,20.0344,8775.14,429,shed
high,19.3116,9503.18,200,ok
medium,19.8027,9016.96,200,ok
low,5.8407,22998.70,200,ok
low,6.5323,22307.15,200,ok
low,8.0202,20819.17,200,ok
low,6.4536,22385.84,200,ok
low,6.3416,22497.86,200,ok
low,7.3610,21478.42,200,ok
low,6.7154,22124.09,200,ok
high,19.3523,9491.02,200,ok
medium,19.2438,9599.50,200,ok
low,6.7143,22129.03,200,ok
low,6.1491,22694.28,200,ok
low,8.0611,20782.27,200,ok
low,6.4031,22440.31,200,ok
low,6.1809,22662.50,200,ok
low,8.0104,20838.03,200,ok
medium,21.5525,7296.00,429,shed
low,14.7532,14095.31,200,ok
low,12.9884,15873.81,200,ok
low,13.2305,15631.76,200,ok
low,6.4706,22391.78,200,ok
low,14.7210,14141.43,200,ok
medium,21.4519,7411.38,429,shed
low,14.3109,14553.94,200,ok
medium,19.1354,9729.41,200,ok
low,13.3302,15534.64,200,ok
high,19.1006,9764.27,200,ok
low,14.9407,13926.26,200,ok
medium,21.6177,7275.63,429,shed
medium,20.3668,8532.08,429,shed
medium,21.6337,7282.23,429,shed
low,21.1529,7791.00,429,shed
medium,20.5524,8404.11,429,shed
medium,20.5027,8460.74,429,shed
low,6.7610,22219.15,200,ok
low,4.4409,24545.46,200,ok
low,6.5535,22432.90,200,ok
low,9.0030,20006.93,200,ok
low,13.5733,15436.63,200,ok
medium,21.2177,7793.61,429,shed
medium,21.2527,7758.57,429,shed
medium,20.2525,8761.16,200,ok
medium,20.2003,8813.30,200,ok
low,4.8527,24172.29,200,ok
low,15.5808,13454.86,200,ok
low,13.5912,15456.42,200,ok
low,6.5922,22456.38,200,ok
low,6.7165,22332.89,200,ok
low,13.2211,15828.32,200,ok
low,15.0224,14034.22,200,ok
low,9.7818,19281.94,200,ok
low,13.0528,16011.46,200,ok
low,13.6824,15382.54,200,ok
low,15.5703,13494.68,200,ok
low,17.9167,11152.36,200,ok
low,17.9405,11129.16,200,ok
low,15.8706,13202.44,200,ok
low,13.2028,15872.57,200,ok
low,8.8315,20243.83,200,ok
low,13.0602,16015.12,200,ok
high,21.7015,7373.84,429,shed
low,15.8409,13234.49,200,ok
medium,21.5051,7570.34,429,shed
low,13.1922,15888.86,200,ok
low,8.8360,20245.12,200,ok
low,10.0111,19070.07,200,ok
low,15.4409,13648.27,200,ok
medium,21.3018,7804.76,429,shed
medium,19.0340,10073.57,200,ok
medium,21.4844,7623.10,429,shed
medium,21.7033,7407.22,429,shed
medium,21.6837,7427.20,429,shed
low,17.7635,11354.59,200,ok
medium,20.9843,8133.77,200,ok
medium,21.7341,7383.99,429,shed
medium,20.9527,8165.37,200,ok
medium,21.7550,7363.26,429,shed
medium,21.7668,7358.48,429,shed
low,21.4524,7672.94,429,shed
low,21.4909,7648.80,429,shed
medium,20.4525,8687.32,200,ok
high,19.0508,10100.48,200,ok
medium,21.5676,7589.77,429,shed
medium,21.5175,7645.66,429,shed
medium,21.8031,7371.32,429,shed
low,18.0707,11113.09,200,ok
low,20.2020,8995.36,429,shed
medium,21.8178,7420.73,429,shed
low,3.3613,25897.02,200,ok
medium,21.6676,7592.67,429,shed
low,20.8605,8495.04,429,shed
medium,29.3678,2.85,,error
low,29.3707,1.78,,error
low,21.0209,8365.27,429,shed
medium,29.3838,19.38,,error
low,29.3903,13.23,,error
medium,29.4050,3.56,,error
low,29.4057,3.13,,error
high,29.4037,5.51,,error
low,29.4103,3.25,,error
medium,29.4177,3.18,,error
low,29.4209,1.76,,error
medium,21.9026,7524.66,429,shed
medium,29.4336,2.96,,error
low,29.4407,3.93,,error
high,29.4508,5.40,,error
medium,29.4527,3.78,,error
low,29.4534,3.37,,error
medium,20.4176,9041.17,200,ok
medium,29.4670,3.60,,error
low,29.4707,2.44,,error
low,21.4803,7993.56,429,shed
low,29.4814,5.38,,error
low,29.4902,2.36,,error
medium,29.5028,3.76,,error
low,29.5038,3.07,,error
high,29.5007,6.46,,error
medium,21.9342,7574.73,429,shed
medium,29.5179,3.65,,error
low,29.5215,2.86,,error
low,21.5214,8006.89,429,shed
medium,29.5335,3.40,,error
medium,21.9527,7585.37,429,shed
medium,21.9669,7579.48,429,shed
low,21.5406,8014.76,429,shed
high,29.5506,6.10,,error
low,29.5603,2.80,,error
medium,21.3835,8181.34,429,shed
medium,21.4030,8161.79,429,shed
low,3.4808,26084.03,200,ok
medium,21.9835,7605.84,429,shed
medium,19.6532,9938.73,200,ok
low,21.5610,8031.00,429,shed
medium,19.6840,9908.02,200,ok
medium,22.0027,7592.90,429,shed
medium,19.9844,9615.82,200,ok
low,18.2707,11329.64,200,ok
low,17.1652,12435.20,200,ok
medium,19.7169,9883.51,200,ok
medium,20.0527,9547.64,200,ok
low,17.2807,12324.96,200,ok
low,3.9712,25665.68,200,ok
medium,20.1526,9485.53,200,ok
low,18.3109,11327.26,200,ok
low,19.7026,9936.64,429,shed
medium,29.6671,3.91,,error
low,29.6710,2.75,,error
low,29.6810,3.07,,error
medium,29.6841,3.17,,error
low,29.6904,3.21,,error
low,3.6604,26037.84,200,ok
low,3.8609,25838.30,200,ok
high,21.5003,8199.29,429,shed
medium,21.4678,8232.39,429,shed
medium,20.2169,9497.76,200,ok
low,29.7206,2.07,,error
medium,29.7335,3.14,,error
low,29.7312,5.75,,error
low,18.5712,11167.63,200,ok
medium,22.0349,7707.89,429,shed
medium,22.0168,7726.79,429,shed
medium,20.7529,8991.12,200,ok
low,4.0202,25730.23,200,ok
low,19.9209,9833.90,429,shed
low,3.8105,25944.33,200,ok
medium,21.5345,8233.97,429,shed
low,21.5820,8204.98,429,shed
low,21.6213,8165.65,429,shed
medium,20.7864,9001.54,200,ok
medium,20.6525,9135.46,200,ok
low,20.2202,9585.79,429,shed
low,21.6906,8124.07,429,shed
low,21.6817,8133.01,429,shed
low,21.7305,8086.29,429,shed
low,21.7205,8096.36,429,shed
low,21.6521,8164.75,429,shed
low,4.0321,25785.57,200,ok
medium,21.5838,8233.88,429,shed
low,21.7607,8065.46,429,shed
medium,22.0842,7742.87,429,shed
low,17.4769,12355.95,200,ok
low,4.0529,25783.88,200,ok
low,19.9808,9858.22,429,shed
low,21.8807,7963.39,429,shed
medium,19.7844,10059.71,429,shed
medium,22.0672,7880.61,429,shed
medium,19.6017,10346.22,200,ok
low,20.3402,9607.69,429,shed
medium,19.5683,10379.58,200,ok
low,20.5412,9406.78,429,shed
high,20.6002,9347.75,200,ok
high,20.9198,9028.20,200,ok
low,19.1805,10767.53,200,ok
low,18.7132,11234.86,200,ok
low,21.9909,7957.17,429,shed
medium,22.1169,7831.13,429,shed
medium,22.1336,7844.14,429,shed
low,22.0112,7966.51,429,shed
low,22.0208,7957.00,429,shed
medium,19.3127,10665.04,200,ok
low,21.3106,8667.21,429,shed
low,21.3413,8636.54,429,shed
low,22.0312,7946.58,429,shed
low,22.0413,7936.60,429,shed
high,22.1510,7826.90,429,shed
low,20.2806,9701.40,429,shed
high,21.4503,8544.42,200,ok
low,18.7304,11264.31,200,ok
medium,22.1845,7812.58,429,shed
high,21.5510,8465.77,200,ok
medium,21.6515,8365.29,200,ok
low,19.3809,10635.89,200,ok
medium,22.2028,7821.26,429,shed
low,22.0034,8105.84,429,shed
low,22.0541,8055.32,429,shed
low,18.2607,11848.81,200,ok
low,18.1611,11948.35,200,ok
low,22.0809,8028.61,429,shed
low,17.8441,12267.73,200,ok
low,17.5902,12521.62,200,ok
medium,20.3176,9794.24,200,ok
low,18.2907,11830.94,200,ok
medium,20.1344,9987.23,200,ok
high,20.2031,9923.93,200,ok
low,4.3609,25770.37,200,ok
medium,22.2668,7864.41,429,shed
medium,20.2035,9927.74,200,ok
medium,20.2357,9895.56,200,ok
medium,21.7886,8342.68,200,ok
low,19.4202,10711.14,200,ok
high,30.1166,15.30,,error
low,30.1127,19.88,,error
low,30.1250,7.91,,error
low,30.1542,1.85,,error
low,21.6029,8561.79,429,shed
low,30.1607,4.37,,error
medium,21.8838,8283.15,429,shed
low,4.2603,25913.39,200,ok
medium,30.1839,3.12,,error
low,30.1905,3.46,,error
medium,30.2034,3.14,,error
low,30.2044,2.44,,error
high,30.2013,5.91,,error
low,30.2103,2.34,,error
low,21.6111,8604.17,429,shed
low,21.6412,8574.46,429,shed
high,20.3512,9868.40,200,ok
medium,22.2179,8001.81,429,shed
low,30.2410,2.60,,error
low,4.2033,26047.48,200,ok
high,19.2011,11051.66,200,ok
medium,19.1669,11085.82,200,ok
high,21.7512,8501.51,429,shed
low,3.4704,26786.05,200,ok
medium,22.3335,7924.29,429,shed
low,4.4618,25795.99,200,ok
low,20.3909,9872.76,429,shed
low,20.4310,9838.78,429,shed
medium,22.3669,7903.71,429,shed
low,6.0961,24174.52,200,ok
low,21.6701,8602.79,429,shed
medium,19.2028,11074.32,200,ok
medium,21.8336,8443.56,429,shed
high,19.5503,10727.81,200,ok
low,20.4973,9780.89,429,shed
low,21.6609,8617.75,429,shed
medium,19.5168,10768.96,200,ok
low,20.5204,9775.90,429,shed
low,20.9406,9355.64,429,shed
low,20.9915,9309.37,429,shed
low,21.0312,9269.66,429,shed
low,21.0507,9250.17,429,shed
low,21.7703,8537.48,429,shed
low,21.7040,8603.72,429,shed
low,3.3810,26926.81,200,ok
medium,21.8669,8440.87,429,shed
low,21.7808,8527.05,429,shed
high,22.4492,7858.60,429,shed
low,17.9184,12397.23,200,ok
medium,19.5514,10765.17,200,ok
low,17.9179,12402.64,200,ok
low,21.8204,8503.88,429,shed
low,21.8708,8454.57,429,shed
low,21.8308,8495.42,429,shed
low,22.3209,8006.51,429,shed
low,21.8408,8486.54,429,shed
low,21.8531,8474.31,429,shed
high,19.8507,10484.89,200,ok
high,18.9007,11436.27,200,ok
high,21.9009,8442.64,429,shed
low,18.0103,12333.84,200,ok
low,19.6709,10684.10,429,shed
medium,22.4853,7869.75,429,shed
medium,22.1672,8189.32,429,shed
high,18.8512,11506.42,200,ok
medium,21.4178,8946.28,200,ok
low,3.2520,27117.81,200,ok
low,3.6710,26700.53,200,ok
medium,22.5169,7854.68,429,shed
high,19.2654,11106.14,200,ok
high,19.8012,10579.44,200,ok
medium,22.6169,7792.24,429,shed
high,19.9509,10472.78,200,ok
high,22.3511,8073.29,429,shed
low,17.9214,12504.01,200,ok
low,21.1410,9323.73,429,shed
medium,22.3029,8171.16,429,shed
medium,22.7779,7708.97,429,shed
high,22.2510,8272.51,429,shed
high,22.6024,7933.91,429,shed
low,21.5057,9031.84,429,shed
low,17.9190,12618.59,200,ok
medium,19.3538,11184.79,200,ok
medium,19.9524,10586.78,429,shed
medium,22.3530,8194.77,429,shed
medium,20.4678,10081.61,429,shed
medium,20.5695,9979.87,429,shed
medium,21.0676,9482.25,429,shed
high,22.6514,7911.42,429,shed
medium,19.7017,10862.69,200,ok
low,17.9804,12589.78,200,ok
low,17.9312,12642.41,200,ok
medium,22.1027,8470.99,429,shed
medium,22.0527,8520.96,429,shed
medium,21.3677,9207.08,429,shed
medium,22.1529,8421.96,429,shed
low,18.0811,12501.95,200,ok
low,18.1402,12442.82,200,ok
low,18.0617,12521.39,200,ok
low,17.8557,12727.36,200,ok
medium,22.5854,7997.65,429,shed
low,4.4031,26192.12,200,ok
medium,22.2335,8363.64,429,shed
medium,22.5335,8063.64,429,shed
medium,22.2837,8313.44,429,shed
medium,22.4678,8129.98,429,shed
low,21.6312,8990.74,429,shed
low,18.0406,12581.43,200,ok
low,17.9709,12651.15,200,ok
low,13.7409,16883.04,200,ok
medium,22.4506,8176.19,429,shed
low,13.5422,17095.98,200,ok
high,22.8007,7837.42,429,shed
high,19.1502,11488.59,200,ok
low,4.3407,26298.55,200,ok
low,4.2410,26401.80,200,ok
medium,22.7773,7865.50,429,shed
medium,22.5676,8076.98,429,shed
medium,22.6533,7991.37,429,shed
low,20.0406,10603.99,429,shed
medium,22.5529,8097.42,429,shed
medium,22.7761,7878.40,429,shed
low,22.1305,8525.47,429,shed
low,17.9032,12753.62,200,ok
low,18.8403,11817.69,200,ok
high,22.7812,7877.37,429,shed
high,19.4002,11263.25,200,ok
medium,22.8027,7860.78,429,shed
high,22.9084,7762.47,429,shed
low,13.8281,16842.79,200,ok
medium,20.0842,10589.75,200,ok
medium,22.8366,7847.28,429,shed
low,4.3808,26304.14,200,ok
medium,19.4336,11251.34,200,ok
low,15.2701,15417.50,200,ok
low,13.7307,16959.75,200,ok
medium,22.6677,8022.74,429,shed
medium,22.6038,8094.75,429,shed
medium,22.7792,7920.57,429,shed
low,22.2540,8446.51,429,shed
medium,22.8529,7860.54,429,shed
low,22.5704,8145.07,429,shed
medium,22.7768,7951.66,429,shed
low,22.1536,8575.84,429,shed
low,18.3915,12346.82,200,ok
low,22.1603,8578.04,429,shed
medium,22.9041,7853.92,429,shed
low,22.3309,8432.58,429,shed
low,22.3112,8452.24,429,shed
low,22.2808,8482.71,429,shed
low,18.7558,12007.73,200,ok
low,18.9207,11842.77,200,ok
low,18.8807,11882.86,200,ok
low,18.8602,11903.36,200,ok
low,18.7705,11993.05,200,ok
medium,22.8182,7945.34,429,shed
medium,23.2036,7562.14,429,shed
low,21.2533,9516.71,429,shed
medium,23.2839,7486.78,429,shed
low,22.3605,8412.62,429,shed
low,22.5028,8271.38,429,shed
low,18.8106,11963.55,200,ok
low,22.4572,8317.75,429,shed
low,18.8307,11945.49,200,ok
low,22.8039,7972.29,429,shed
low,22.2211,8556.76,429,shed
low,22.2604,8517.44,429,shed
low,22.2903,8487.58,429,shed
low,22.1812,8597.08,429,shed
low,22.3407,8438.09,429,shed
low,16.8921,13896.16,200,ok
medium,22.9048,7883.53,429,shed
low,16.8730,13915.36,200,ok
high,23.2023,7607.44,429,shed
low,22.4524,8361.91,429,shed
low,22.3808,8433.58,429,shed
low,22.4584,8355.96,429,shed
low,22.4812,8333.14,429,shed
low,22.4618,8352.53,429,shed
low,18.1909,12623.47,200,ok
low,22.6061,8208.29,429,shed
low,22.5405,8283.31,429,shed
low,22.6119,8214.83,429,shed
low,22.4910,8335.77,429,shed
high,23.0498,7776.97,429,shed
low,22.5105,8316.26,429,shed
low,22.5538,8272.96,429,shed
low,4.5530,26350.76,200,ok
low,4.4107,26493.04,200,ok
low,22.9026,8001.18,429,shed
low,4.5712,26332.64,200,ok
low,6.7532,24150.60,200,ok
low,5.8605,25043.37,200,ok
low,6.7148,24189.04,200,ok
medium,19.8522,11051.67,200,ok
low,6.4111,24492.82,200,ok
low,4.6337,26270.23,200,ok
low,13.7039,17200.09,200,ok
low,6.5105,24393.45,200,ok
low,19.0911,11812.92,200,ok
low,13.8269,17082.15,200,ok
low,22.6539,8263.96,429,shed
low,18.4539,12464.82,200,ok
low,22.6611,8257.61,429,shed
low,22.7704,8148.37,429,shed
high,19.6519,11268.21,200,ok
low,6.0979,24822.27,200,ok
low,9.3310,21592.46,200,ok
low,22.9016,8045.53,429,shed
low,22.8411,8106.08,429,shed
low,22.7717,8175.47,429,shed
low,16.9622,14000.04,200,ok
low,16.8781,14084.11,200,ok
low,22.7723,8190.14,429,shed
low,23.8111,7151.38,429,shed
low,16.9314,14031.05,200,ok
low,22.7729,8189.60,429,shed
low,22.7711,8191.41,429,shed
low,15.4805,15505.50,200,ok
medium,24.9520,6047.92,429,shed
low,22.7743,8235.41,429,shed
medium,24.6518,6357.91,429,shed
low,22.7755,8234.20,429,shed
low,16.3205,14689.26,200,ok
medium,25.0020,6007.79,429,shed
medium,19.6677,11342.03,200,ok
medium,24.8672,6142.61,429,shed
low,22.6207,8389.09,429,shed
medium,24.5339,6475.93,429,shed
low,16.1606,14865.98,200,ok
low,23.7612,7265.44,429,shed
low,22.7691,8257.56,429,shed
low,16.8735,14202.40,200,ok
low,16.8792,14196.74,200,ok
medium,25.0170,6059.03,429,shed
low,22.7749,8301.16,429,shed
high,19.7509,11325.11,200,ok
low,22.7735,8302.52,429,shed
low,22.8202,8255.86,429,shed
low,22.8124,8263.67,429,shed
low,22.7825,8293.57,429,shed
low,16.9704,14105.77,200,ok
low,18.4410,12635.11,200,ok
low,18.5105,12565.65,200,ok
low,18.4677,12611.10,200,ok
low,17.2117,13872.14,200,ok
low,17.2321,13851.73,200,ok
low,22.8343,8249.66,429,shed
low,17.1710,13921.15,200,ok
medium,24.6174,6474.75,429,shed
low,22.8995,8192.67,429,shed
low,22.9033,8188.91,429,shed
low,17.2202,13872.01,200,ok
low,17.3409,13773.96,200,ok
low,17.1687,13948.73,200,ok
high,25.0002,6117.24,429,shed
low,19.1204,12013.71,200,ok
medium,19.5052,11639.39,200,ok
low,17.2703,13889.05,200,ok
low,18.3814,12777.98,200,ok
low,17.1693,13990.14,200,ok
low,17.4315,13729.26,200,ok
low,18.4203,12740.44,200,ok
low,18.3286,12833.00,200,ok
low,16.9043,14257.28,200,ok
low,17.1917,13993.51,200,ok
low,18.9711,12245.54,200,ok
low,17.3037,13939.12,200,ok
low,17.5713,13674.70,200,ok
low,18.5116,12734.40,200,ok
low,19.2036,12079.93,200,ok
low,18.9808,12318.89,200,ok
low,18.5243,12775.81,200,ok
medium,20.2668,11036.05,200,ok
low,18.4112,12930.06,200,ok
low,18.9025,12502.74,200,ok
low,18.2533,13159.32,200,ok
medium,20.3335,11100.05,200,ok
medium,22.5021,9018.70,429,shed
low,19.0033,12652.37,200,ok
low,18.1106,13549.31,200,ok
low,18.1829,13476.99,200,ok
low,18.2807,13379.27,200,ok
low,18.9924,12667.56,200,ok
medium,20.3022,11394.96,200,ok
medium,20.9355,10837.76,200,ok
medium,20.9671,10806.17,200,ok
medium,31.7698,10.77,,error
medium,31.7705,10.64,,error
high,31.7715,10.06,,error
low,31.7639,18.05,,error
medium,31.7692,13.08,,error
low,31.7626,19.99,,error
low,31.7764,12.69,,error
medium,31.7862,3.45,,error
medium,31.7749,15.07,,error
low,31.7840,6.24,,error
low,31.7903,1.73,,error
medium,31.8048,4.75,,error
low,31.8069,3.16,,error
high,31.8023,8.09,,error
low,31.8104,2.19,,error
medium,31.8182,8.55,,error
low,31.8233,3.78,,error
low,31.8303,2.98,,error
medium,31.8344,6.66,,error
low,31.8411,2.16,,error
medium,31.8534,3.24,,error
high,31.8513,6.23,,error
low,31.8545,3.32,,error
low,31.8633,3.82,,error
medium,31.8672,2.77,,error
low,31.8711,3.54,,error
low,31.8808,2.92,,error
low,19.0102,12875.76,200,ok
low,31.8911,3.63,,error
medium,31.9031,4.56,,error
low,31.9040,3.93,,error
high,31.9010,7.32,,error
low,31.9104,2.55,,error
medium,31.9176,3.04,,error
low,31.9207,1.90,,error
low,31.9308,3.83,,error
medium,31.9347,2.27,,error
low,31.9411,3.57,,error
medium,31.9536,2.92,,error
low,31.9547,2.17,,error
high,31.9516,5.58,,error
low,31.9603,2.33,,error
medium,31.9678,2.75,,error
low,31.9706,3.00,,error
low,31.9808,3.93,,error
medium,31.9848,2.76,,error
low,31.9907,2.74,,error
high,32.0006,4.92,,error
medium,32.0027,3.18,,error
low,32.0036,2.60,,error
low,32.0103,3.03,,error
low,32.0217,2.14,,error
medium,32.0175,6.71,,error
low,32.0304,3.13,,error
medium,32.0336,2.15,,error
low,32.0409,2.53,,error
medium,32.0529,3.68,,error
low,32.0539,2.99,,error
high,32.0508,6.40,,error
low,32.0603,2.18,,error
high,20.8511,11213.80,200,ok
low,32.0703,2.32,,error
low,32.0808,3.83,,error
medium,32.0846,1.73,,error
low,18.3304,13756.58,200,ok
high,32.1009,5.69,,error
medium,32.1029,3.96,,error
low,32.1037,3.53,,error
low,32.1103,2.33,,error
medium,32.1178,52.78,,error
medium,21.1171,11062.76,200,ok
low,32.1202,64.58,,error
low,18.2410,13947.07,200,ok
low,32.1746,13.99,,error
low,32.1753,13.57,,error
low,32.1759,13.25,,error
low,32.1765,12.92,,error
medium,32.1771,12.59,,error
medium,32.1777,12.28,,error
medium,32.1785,11.77,,error
high,32.1792,11.45,,error
medium,32.1873,5.48,,error
low,32.1908,2.27,,error
medium,32.2036,3.98,,error
low,32.2047,3.16,,error
high,32.2006,7.64,,error
low,32.2103,2.24,,error
medium,32.2177,3.74,,error
low,32.2215,1.81,,error
low,32.2308,3.70,,error
medium,32.2345,3.07,,error
low,32.2407,2.81,,error
high,32.2508,5.43,,error
medium,32.2529,3.63,,error
low,32.2538,3.06,,error
low,32.2623,4.47,,error
medium,32.2668,1.82,,error
low,32.2708,1.93,,error
low,32.2809,5.08,,error
medium,32.2860,2.45,,error
low,32.2912,2.42,,error
medium,32.3037,11.12,,error
low,32.3087,6.48,,error
low,32.3105,4.96,,error
high,32.3013,14.50,,error
medium,32.3169,2.58,,error
low,32.3206,2.92,,error
low,32.3307,3.45,,error
medium,32.3342,3.38,,error
low,32.3407,4.00,,error
high,32.3508,4.76,,error
medium,32.3527,3.17,,error
low,32.3534,2.77,,error
low,32.3603,3.21,,error
medium,32.3676,2.37,,error
low,32.3711,2.90,,error
low,32.3812,6.13,,error
medium,32.3839,3.76,,error
low,32.3908,2.82,,error
high,32.4009,4.88,,error
medium,32.4028,3.21,,error
low,32.4037,2.70,,error
low,32.4105,3.00,,error
medium,32.4177,2.23,,error
low,32.4212,2.32,,error
low,32.4307,4.13,,error
medium,32.4349,4.45,,error
low,32.4405,2.01,,error
low,19.3907,13064.55,200,ok
low,32.4533,2.91,,error
high,32.4507,5.82,,error
low,32.4609,1.95,,error
medium,20.4025,12062.24,200,ok
medium,20.9204,11548.68,200,ok
low,32.4807,2.95,,error
medium,32.4837,1.86,,error
low,32.4908,3.41,,error
high,32.5004,4.41,,error
medium,32.5023,2.82,,error
low,32.5034,2.05,,error
low,32.5107,3.41,,error
medium,32.5172,3.40,,error
low,32.5206,2.17,,error
low,18.4318,14096.06,200,ok
medium,20.5369,11991.03,200,ok
low,32.5408,2.80,,error
low,19.4104,13136.71,200,ok
medium,32.5520,2.85,,error
low,32.5532,2.02,,error
low,32.5607,3.01,,error
medium,32.5668,2.74,,error
high,20.9511,11621.27,200,ok
low,32.5802,2.72,,error
medium,32.5841,1.94,,error
low,32.5912,2.97,,error
low,18.9525,13647.70,200,ok
low,19.0405,13563.99,200,ok
high,32.6003,7.32,,error
low,32.6102,3.35,,error
medium,32.6176,1.95,,error
medium,22.4517,10168.67,429,shed
low,32.6312,20.23,,error
low,19.4309,13229.23,200,ok
low,19.0203,13641.28,200,ok
high,32.6609,2.82,,error
low,32.6617,2.38,,error
medium,32.6570,7.38,,error
low,32.6589,5.76,,error
medium,32.6673,2.33,,error
low,32.6707,1.77,,error
low,32.6807,4.93,,error
medium,32.6836,2.59,,error
medium,22.6348,10053.80,429,shed
low,18.8536,13834.94,200,ok
medium,22.7848,9903.76,429,shed
low,18.5544,14134.18,200,ok
low,19.4708,13242.11,200,ok
medium,32.7176,3.42,,error
low,32.7210,2.50,,error
medium,32.7340,1.65,,error
low,32.7307,5.22,,error
low,32.7411,2.83,,error
high,27.5025,5245.23,429,shed
medium,27.4029,5351.37,429,shed
low,32.7536,2.56,,error
low,32.7609,3.28,,error
medium,32.7673,2.89,,error
low,32.7702,2.42,,error
medium,32.7864,2.22,,error
low,32.7843,4.66,,error
low,32.7911,2.52,,error
medium,32.8029,2.79,,error
low,32.8038,2.22,,error
high,32.8008,5.49,,error
low,32.8104,3.34,,error
medium,27.4340,5388.50,429,shed
medium,20.6016,12220.97,200,ok
low,18.8907,13931.85,200,ok
low,19.0611,13764.57,200,ok
low,19.1912,13634.50,200,ok
high,32.8506,5.51,,error
medium,32.8527,3.75,,error
low,32.8537,3.08,,error
low,32.8609,3.77,,error
medium,32.8678,2.52,,error
low,32.8704,2.06,,error
low,32.8806,3.87,,error
medium,32.8845,2.15,,error
low,32.8912,4.42,,error
high,32.9008,31.17,,error
medium,32.9028,29.49,,error
low,32.9037,28.90,,error
low,32.9110,21.91,,error
medium,32.9172,16.06,,error
low,32.9211,12.49,,error
low,32.9336,5.67,,error
medium,32.9351,4.54,,error
low,32.9407,1.77,,error
medium,32.9527,3.85,,error
low,32.9539,3.02,,error
high,32.9507,6.53,,error
low,32.9603,3.16,,error
medium,32.9676,3.89,,error
low,32.9715,2.97,,error
low,32.9807,3.30,,error
medium,32.9840,2.47,,error
low,32.9906,3.31,,error
high,33.0008,4.87,,error
medium,33.0027,3.22,,error
low,33.0035,2.77,,error
low,33.0112,2.63,,error
medium,33.0169,2.56,,error
low,33.0206,1.95,,error
low,33.0308,3.88,,error
medium,33.0347,3.84,,error
low,33.0407,2.13,,error
high,33.0510,4.36,,error
medium,33.0531,2.58,,error
low,33.0540,2.01,,error
low,33.0612,3.73,,error
medium,33.0671,2.67,,error
low,33.0709,2.82,,error
low,33.0809,3.94,,error
medium,33.0849,2.39,,error
low,33.0904,25.90,,error
high,33.1164,4.91,,error
medium,33.1178,3.81,,error
low,33.1185,3.41,,error
low,33.1191,3.09,,error
medium,33.1201,3.31,,error
low,19.1642,13959.82,200,ok
low,33.1310,7.78,,error
medium,33.1358,3.28,,error
low,33.1402,2.43,,error
medium,33.1529,3.66,,error
low,33.1539,3.04,,error
high,33.1508,6.40,,error
medium,26.8183,6340.27,429,shed
medium,33.1675,2.61,,error
low,33.1701,3.41,,error
low,33.1807,3.68,,error
medium,33.1844,4.33,,error
low,33.1909,1.95,,error
high,33.2010,7.19,,error
medium,33.2030,5.51,,error
low,33.2064,2.45,,error
low,33.2109,1.79,,error
low,33.2209,5.61,,error
medium,33.2179,8.96,,error
low,33.2310,2.86,,error
medium,33.2339,2.67,,error
low,33.2412,5.60,,error
low,19.1109,14136.63,200,ok
low,19.1024,14145.55,200,ok
low,33.2538,2.62,,error
low,27.1620,6101.60,429,shed
medium,27.3852,5878.47,429,shed
low,33.2709,47.92,,error
low,33.3154,14.38,,error
medium,33.3160,14.07,,error
medium,33.3170,13.45,,error
high,33.3176,13.13,,error
low,33.3189,12.17,,error
medium,33.3195,11.84,,error
low,33.3202,11.44,,error
low,33.3047,27.21,,error
high,22.1007,11234.76,200,ok
low,19.2671,14068.41,200,ok
low,33.3143,22.99,,error
low,33.3407,2.87,,error
low,19.2108,14144.57,200,ok
low,33.3539,4.07,,error
high,33.3508,7.42,,error
low,33.3607,2.00,,error
low,33.3703,1.59,,error
medium,33.3679,4.36,,error
low,33.3804,5.72,,error
medium,33.3862,2.29,,error
low,33.3906,2.95,,error
medium,33.4027,3.89,,error
low,33.4036,3.30,,error
high,33.4007,6.52,,error
low,33.4104,3.17,,error
medium,33.4177,2.99,,error
low,33.4207,1.72,,error
low,19.8392,13591.30,200,ok
low,19.6304,13805.19,200,ok
low,33.4407,3.96,,error
high,33.4509,5.64,,error
medium,33.4529,3.91,,error
low,33.4537,3.44,,error
low,33.4603,3.24,,error
medium,33.4682,3.39,,error
low,33.4716,2.91,,error
low,33.4806,2.91,,error
medium,33.4836,1.90,,error
low,33.4906,2.72,,error
high,33.5006,6.06,,error
medium,33.5026,4.30,,error
low,33.5037,3.49,,error
low,33.5104,2.27,,error
medium,33.5178,3.63,,error
low,33.5215,2.07,,error
low,33.5307,3.36,,error
medium,33.5342,2.35,,error
low,19.3133,14229.70,200,ok
high,33.5502,4.14,,error
medium,33.5523,3.19,,error
low,33.5531,2.70,,error
low,33.5609,3.76,,error
medium,33.5678,3.00,,error
low,33.5708,1.73,,error
low,33.5808,3.81,,error
medium,33.5846,2.06,,error
low,33.5908,3.82,,error
high,33.6008,6.75,,error
medium,33.6028,5.05,,error
low,33.6035,4.69,,error
low,33.6103,2.22,,error
medium,33.6176,3.01,,error
low,33.6207,1.79,,error
low,33.6312,3.54,,error
low,19.9127,13726.66,200,ok
medium,33.6348,11.32,,error
medium,33.6525,2.54,,error
high,33.6506,4.83,,error
low,33.6534,2.30,,error
low,33.6609,3.77,,error
medium,33.6678,2.81,,error
low,33.6707,2.90,,error
low,33.6817,5.04,,error
medium,33.6841,3.01,,error
low,19.3548,14334.11,200,ok
low,19.3208,14369.71,200,ok
medium,33.7031,4.17,,error
low,33.7045,3.06,,error
low,33.7111,2.56,,error
medium,33.7175,3.32,,error
low,33.7209,3.68,,error
low,33.7308,2.82,,error
high,26.7503,6985.11,429,shed
low,33.7402,3.23,,error
low,19.3305,14412.99,200,ok
medium,27.5358,6214.73,429,shed
low,19.2717,14483.82,200,ok
low,19.1445,14611.64,200,ok
high,22.2009,11557.44,200,ok
low,33.7702,2.42,,error
low,33.7809,2.86,,error
medium,33.7838,1.73,,error
low,33.7906,2.52,,error
medium,33.8032,2.32,,error
low,33.8041,2.43,,error
high,33.8008,6.00,,error
medium,20.8849,12924.09,200,ok
medium,27.4178,6397.39,429,shed
medium,21.0029,12812.75,200,ok
medium,20.9261,12891.27,200,ok
low,19.1525,14670.48,200,ok
low,22.3904,11432.55,429,shed
medium,33.8533,3.17,,error
low,33.8547,2.14,,error
high,33.8513,5.86,,error
low,33.8603,2.39,,error
medium,33.8679,2.93,,error
medium,20.8527,13022.63,200,ok
medium,20.6368,13241.21,200,ok
medium,33.8836,1.92,,error
low,33.8907,2.81,,error
high,33.9008,5.59,,error
medium,33.9030,4.49,,error
low,33.9048,3.05,,error
low,19.2220,14690.42,200,ok
medium,27.4529,6463.98,429,shed
medium,27.5178,6401.03,429,shed
low,33.9304,3.40,,error
medium,33.9339,5.58,,error
low,33.9406,3.67,,error
medium,33.9530,2.54,,error
low,33.9540,1.80,,error
high,33.9505,5.66,,error
low,33.9603,2.39,,error
medium,33.9679,3.73,,error
low,33.9716,2.88,,error
low,33.9807,2.94,,error
medium,33.9836,1.83,,error
high,27.7825,6213.49,429,shed
medium,27.7847,6211.29,429,shed
low,22.3538,11642.22,429,shed
low,33.9910,5.38,,error
low,17.8995,16097.53,200,ok
medium,34.0177,3.78,,error
low,34.0216,3.00,,error
low,34.0307,4.28,,error
medium,34.0351,3.50,,error
low,34.0407,3.92,,error
high,34.0508,5.55,,error
medium,34.0529,3.81,,error
low,34.0537,3.26,,error
low,34.0611,2.91,,error
medium,34.0672,2.40,,error
low,34.0707,2.87,,error
low,34.0807,3.85,,error
medium,34.0846,2.90,,error
low,34.0906,3.46,,error
medium,21.0172,13087.81,200,ok
high,34.1003,5.30,,error
low,34.1032,2.97,,error
low,34.1106,4.19,,error
medium,34.1169,3.78,,error
low,34.1207,1.82,,error
low,34.1307,4.01,,error
low,19.2480,14888.80,200,ok
low,34.1408,2.86,,error
medium,34.1534,5.04,,error
high,34.1513,7.48,,error
low,34.1563,2.80,,error
low,34.1612,2.31,,error
medium,34.1676,2.30,,error
low,34.1711,6.80,,error
low,34.1810,3.32,,error
medium,34.1844,1.90,,error
low,34.1904,3.20,,error
low,19.2836,14913.31,200,ok
low,19.2922,14905.45,200,ok
medium,27.9188,6279.58,429,shed
low,27.2727,6926.24,429,shed
medium,34.2178,3.47,,error
low,34.2213,3.22,,error
low,34.2312,3.55,,error
medium,34.2348,2.78,,error
low,34.2433,3.09,,error
high,34.2506,5.03,,error
medium,34.2526,3.32,,error
low,34.2538,3.54,,error
low,34.2605,3.59,,error
medium,34.2672,3.63,,error
low,27.4203,6853.45,429,shed
medium,21.7170,12556.84,200,ok
low,34.2709,3.29,,error
high,27.9511,6323.72,429,shed
low,19.3168,14972.17,200,ok
low,19.5063,14800.48,200,ok
low,34.3051,3.11,,error
low,34.3107,3.89,,error
medium,34.3178,3.33,,error
low,34.3211,2.34,,error
low,34.3306,3.02,,error
low,27.5704,6883.72,429,shed
low,27.4911,6963.05,429,shed
low,27.5211,6933.05,429,shed
low,27.4703,6983.85,429,shed
low,27.4537,7000.53,429,shed
low,27.5535,6900.76,429,shed
medium,34.3337,121.58,,error
low,34.4464,12.80,,error
low,34.4479,11.63,,error
high,34.4492,13.42,,error
high,34.4498,13.15,,error
medium,34.4509,12.64,,error
medium,34.4515,12.36,,error
medium,34.4523,11.95,,error
low,34.4412,23.37,,error
medium,34.4535,12.39,,error
low,34.4553,10.86,,error
low,34.4560,10.51,,error
high,34.4566,10.18,,error
medium,34.4572,9.87,,error
low,34.4606,6.78,,error
medium,34.4529,14.89,,error
medium,34.4504,17.71,,error
low,34.4485,19.93,,error
medium,21.8524,12618.10,200,ok
medium,34.4685,4.47,,error
low,34.4808,4.00,,error
medium,34.4848,2.67,,error
low,34.4906,5.11,,error
medium,34.5030,3.56,,error
low,34.5039,3.02,,error
high,34.5010,6.20,,error
low,34.5104,3.09,,error
medium,34.5176,3.05,,error
low,34.5207,2.82,,error
low,34.5307,3.86,,error
medium,34.5346,2.95,,error
low,34.5407,3.05,,error
high,34.5509,4.57,,error
medium,34.5530,2.81,,error
low,34.5539,2.24,,error
low,34.5603,3.36,,error
medium,34.5678,2.72,,error
low,34.5706,6.38,,error
low,34.5812,6.59,,error
medium,34.5837,4.37,,error
low,34.5909,6.14,,error
low,19.5410,15089.36,200,ok
low,19.5109,15119.47,200,ok
low,19.5312,15099.17,200,ok
high,34.6002,30.72,,error
medium,34.6021,29.17,,error
low,34.6029,28.68,,error
low,34.6317,5.43,,error
medium,34.6353,3.36,,error
low,19.1704,15469.76,200,ok
medium,34.6525,7.23,,error
low,34.6562,3.91,,error
high,34.6503,10.22,,error
low,34.6605,1.94,,error
medium,34.6676,3.42,,error
low,34.6711,3.49,,error
medium,34.6838,3.90,,error
low,34.6815,6.53,,error
low,34.6912,2.52,,error
medium,34.7028,3.76,,error
low,34.7035,3.38,,error
high,34.7009,6.31,,error
low,34.7103,3.23,,error
medium,34.7176,2.91,,error
low,34.7206,1.50,,error
low,19.4912,15241.71,200,ok
medium,34.7336,1.95,,error
low,34.7407,3.47,,error
high,34.7512,6.85,,error
medium,34.7545,3.89,,error
low,34.7555,3.34,,error
low,34.7610,5.73,,error
medium,34.7678,2.80,,error
low,34.7706,1.81,,error
low,34.7812,3.73,,error
medium,34.7850,3.64,,error
low,34.7907,2.53,,error
medium,34.8025,3.10,,error
low,34.8033,2.56,,error
high,34.8005,5.73,,error
low,34.8103,4.36,,error
medium,34.8178,5.65,,error
low,34.8209,2.95,,error
medium,21.4343,13396.46,200,ok
medium,34.8341,3.55,,error
low,34.8408,2.85,,error
medium,34.8529,3.54,,error
low,34.8539,2.93,,error
high,34.8509,6.25,,error
low,34.8602,3.15,,error
medium,34.8675,3.68,,error
low,34.8712,2.58,,error
medium,21.9178,12965.16,200,ok
low,19.5519,15474.82,200,ok
medium,24.2667,10760.07,200,ok
low,19.4540,15572.75,200,ok
medium,35.0160,28.39,,error
medium,35.0171,27.60,,error
medium,35.0177,27.25,,error
low,35.0183,26.96,,error
low,35.0189,26.66,,error
low,35.0195,26.35,,error
low,35.0201,26.04,,error
low,35.0207,25.73,,error
low,35.0213,25.43,,error
low,35.0219,25.14,,error
low,35.0247,24.08,,error
high,35.0253,23.79,,error
high,35.0260,29.49,,error
medium,35.0299,26.26,,error
medium,35.0311,25.35,,error
medium,35.0318,24.96,,error
low,35.0325,24.63,,error
low,35.0331,24.34,,error
low,35.0337,24.03,,error
high,35.0349,23.32,,error
low,35.0241,34.48,,error
low,35.0362,22.69,,error
medium,35.0368,22.35,,error
low,35.0422,17.31,,error
low,35.0343,25.47,,error
medium,21.3529,13710.42,200,ok
low,35.0235,40.61,,error
low,18.7034,16361.10,200,ok
low,35.0646,2.44,,error
high,35.0605,6.79,,error
medium,35.0675,2.09,,error
low,35.0707,1.33,,error
low,19.6022,15486.42,200,ok
low,19.5609,15527.74,200,ok
low,19.5808,15507.90,200,ok
low,18.6679,16426.06,200,ok
low,35.1032,2.04,,error
high,35.1004,5.18,,error
high,24.2640,10845.76,200,ok
medium,35.1176,3.34,,error
low,35.1210,2.54,,error
low,35.1308,4.85,,error
medium,35.1335,2.43,,error
low,35.1411,4.53,,error
low,35.1565,3.75,,error
high,35.1508,9.69,,error
medium,35.1552,5.63,,error
low,35.1609,2.82,,error
medium,25.1178,10046.71,200,ok
high,21.6004,13604.85,200,ok
high,21.0538,14161.26,200,ok
low,19.5904,15624.74,200,ok
low,27.1626,8058.21,429,shed
medium,35.2127,15.36,,error
medium,35.2134,15.04,,error
high,35.2141,14.62,,error
low,35.2155,14.03,,error
medium,35.2212,8.78,,error
low,35.2251,5.27,,error
medium,28.2343,7001.87,429,shed
medium,35.2366,35.41,,error
low,35.2477,34.04,,error
medium,35.2753,15.10,,error
low,35.2765,14.41,,error
low,35.2795,11.80,,error
low,35.2803,11.33,,error
low,35.2821,9.85,,error
medium,35.2852,7.02,,error
medium,35.2739,18.63,,error
high,35.2720,20.83,,error
low,35.2929,2.59,,error
low,35.3041,4.62,,error
medium,35.3027,6.38,,error
high,35.3007,8.74,,error
low,35.3106,2.98,,error
medium,35.3177,2.96,,error
low,35.3207,2.02,,error
low,35.3309,4.25,,error
medium,35.3352,2.70,,error
low,35.3410,2.53,,error
high,22.5008,12854.59,200,ok
low,35.3537,3.56,,error
high,35.3508,7.37,,error
low,35.3602,2.68,,error
medium,35.3674,3.31,,error
low,35.3708,1.96,,error
medium,28.6530,6720.72,429,shed
high,21.1015,14272.84,200,ok
low,35.3911,3.08,,error
high,35.4004,5.03,,error
medium,35.4024,3.26,,error
low,35.4032,2.81,,error
low,35.4112,4.45,,error
medium,35.4180,4.58,,error
low,19.6202,15805.31,200,ok
low,28.6032,6822.37,429,shed
high,22.5509,12874.73,200,ok
low,35.4409,4.74,,error
high,35.4533,7.49,,error
medium,35.4555,5.64,,error
low,35.4570,4.42,,error
low,35.4615,2.17,,error
medium,28.6836,6787.19,429,shed
low,35.4708,4.60,,error
low,27.3832,8093.69,429,shed
low,35.4822,4.08,,error
medium,26.5857,8904.96,200,ok
low,19.6410,15852.88,200,ok
medium,35.5027,5.12,,error
low,35.5042,4.01,,error
low,35.5108,3.87,,error
medium,35.5171,3.97,,error
low,35.5212,3.91,,error
low,35.5302,9.72,,error
medium,35.5338,6.64,,error
low,35.5405,2.15,,error
low,35.5546,2.42,,error
medium,35.5531,4.35,,error
high,35.5508,6.93,,error
low,35.5608,2.01,,error
medium,26.7176,8847.18,200,ok
medium,26.7011,8864.25,200,ok
low,19.6106,15960.28,200,ok
medium,28.7341,6850.35,429,shed
medium,21.1337,14455.07,200,ok
low,27.3909,8197.93,429,shed
high,21.2005,14389.84,200,ok
low,28.7416,6869.15,429,shed
low,28.7612,6849.55,429,shed
medium,28.7672,6843.80,429,shed
medium,25.4516,10171.11,200,ok
low,35.6305,2.91,,error
medium,35.6335,2.01,,error
low,35.6407,2.58,,error
low,28.7817,6862.33,429,shed
medium,35.6534,2.62,,error
low,35.6543,2.18,,error
low,35.6610,4.72,,error
medium,35.6668,2.70,,error
low,35.6706,1.85,,error
low,35.6807,2.96,,error
medium,35.6837,1.59,,error
low,35.6904,2.13,,error
medium,22.2530,13444.53,200,ok
low,19.4611,16236.38,200,ok
medium,21.6022,14102.35,200,ok
low,35.7110,3.63,,error
medium,35.7178,6.05,,error
low,35.7238,2.66,,error
medium,27.2528,8474.32,200,ok
medium,35.7335,3.11,,error
low,27.4306,8313.33,429,shed
low,27.7755,7968.37,429,shed
medium,28.7536,6995.24,429,shed
low,27.5046,8244.31,429,shed
low,35.7611,3.63,,error
medium,35.7678,2.79,,error
low,35.7706,1.83,,error
low,35.7806,3.84,,error
medium,35.7845,3.09,,error
low,19.4025,16387.43,200,ok
high,35.8011,7.06,,error
medium,35.8036,5.03,,error
low,35.8056,3.37,,error
low,35.8122,3.56,,error
medium,35.8169,3.07,,error
low,35.8211,2.70,,error
low,35.8310,3.78,,error
medium,35.8348,5.33,,error
medium,28.8026,7041.98,429,shed
low,27.9308,7913.83,429,shed
low,28.2153,7629.33,429,shed
low,27.9409,7903.81,429,shed
low,28.2172,7628.01,429,shed
high,28.8007,7104.70,429,shed
high,21.2512,14655.88,200,ok
medium,20.8679,15047.28,200,ok
medium,21.1027,14812.55,200,ok
medium,35.9129,7.95,,error
medium,35.9139,7.32,,error
high,35.9145,6.99,,error
low,35.9162,5.62,,error
medium,35.9173,4.81,,error
low,35.9078,14.54,,error
low,35.9224,3.23,,error
medium,21.2677,14665.57,200,ok
medium,35.9344,5.07,,error
low,35.9415,2.49,,error
high,21.3004,14664.72,200,ok
medium,22.4613,13503.84,200,ok
low,35.9594,7.49,,error
low,35.9636,3.63,,error
medium,35.9674,3.34,,error
low,35.9708,2.57,,error
low,35.9806,2.83,,error
medium,35.9834,2.05,,error
low,35.9907,2.95,,error
medium,27.8345,8159.99,429,shed
medium,27.7796,8216.28,429,shed
low,36.0039,3.83,,error
medium,27.7813,8233.63,200,ok
low,28.6538,7361.96,429,shed
low,36.0203,2.42,,error
high,29.0007,7024.28,429,shed
medium,36.0346,2.52,,error
low,36.0403,2.26,,error
medium,36.0528,3.64,,error
low,36.0542,2.53,,error
high,36.0508,6.32,,error
low,36.0602,3.77,,error
medium,36.0671,3.35,,error
low,36.0705,4.72,,error
low,36.0804,3.66,,error
medium,36.0841,2.42,,error
high,29.0505,7039.98,429,shed
high,28.9011,7192.01,429,shed
medium,27.8543,8239.23,200,ok
high,36.1010,4.74,,error
high,25.3509,10757.06,200,ok
high,28.9506,7157.30,429,shed
high,25.4503,10657.63,200,ok
medium,21.3337,14783.02,200,ok
low,28.7543,7369.01,429,shed
low,28.6811,7442.18,429,shed
medium,28.2337,7892.31,429,shed
low,29.0526,7081.56,429,shed
medium,29.0677,7080.57,429,shed
low,36.1602,3.46,,error
medium,36.1678,2.81,,error
low,36.1707,1.71,,error
medium,29.1030,7070.83,429,shed
medium,36.1836,2.30,,error
low,28.7907,7399.36,429,shed
high,29.1009,7092.16,429,shed
low,36.2034,2.11,,error
high,36.2006,5.35,,error
low,36.2104,3.31,,error
medium,36.2172,2.64,,error
low,36.2209,2.47,,error
low,36.2311,4.92,,error
medium,36.2361,2.78,,error
low,36.2410,2.60,,error
medium,36.2529,2.84,,error
low,36.2537,2.36,,error
high,36.2508,7.33,,error
low,36.2603,3.28,,error
low,19.5205,16744.63,200,ok
low,19.7909,16478.37,200,ok
low,36.2806,2.98,,error
medium,36.2837,1.83,,error
low,36.2907,2.93,,error
high,36.3008,5.29,,error
medium,36.3029,3.59,,error
low,36.3037,3.06,,error
medium,23.0627,13248.11,200,ok
low,19.7812,16534.44,200,ok
low,36.3201,1.97,,error
low,36.3322,3.81,,error
medium,36.3344,1.97,,error
medium,28.6680,7678.81,429,shed
medium,24.7176,11638.29,200,ok
low,36.3552,2.01,,error
high,36.3512,6.30,,error
low,36.3610,2.48,,error
low,36.3702,5.56,,error
medium,36.3682,7.89,,error
low,36.3802,4.57,,error
medium,36.3848,4.88,,error
low,36.3908,2.77,,error
low,19.5702,16829.46,200,ok
low,36.4041,2.50,,error
high,36.4009,6.04,,error
low,36.4104,2.96,,error
medium,36.4176,3.18,,error
low,36.4208,2.40,,error
medium,25.1848,11241.61,200,ok
medium,25.2840,11142.42,200,ok
low,36.4404,4.11,,error
low,28.7306,7725.89,429,shed
medium,36.4539,3.97,,error
low,36.4555,2.72,,error
low,36.4607,2.97,,error
medium,36.4678,3.13,,error
low,36.4710,2.53,,error
low,36.4807,3.37,,error
medium,36.4841,2.23,,error
low,36.4909,2.95,,error
medium,36.5034,37.22,,error
low,36.5313,9.67,,error
low,36.5326,8.71,,error
low,36.5334,8.16,,error
low,36.5344,7.48,,error
medium,36.5350,7.15,,error
medium,36.5360,6.48,,error
high,36.5011,41.78,,error
low,36.5429,1.89,,error
high,36.5510,5.62,,error
medium,36.5531,3.85,,error
low,36.5541,3.15,,error
low,36.5604,2.58,,error
medium,26.2531,10317.11,200,ok
medium,36.5671,3.43,,error
low,36.5808,3.76,,error
medium,28.2303,8354.24,429,shed
high,21.6504,14943.28,200,ok
low,36.5908,3.31,,error
medium,36.6024,3.42,,error
low,36.6033,2.81,,error
low,36.6106,2.31,,error
medium,36.6172,2.48,,error
low,36.6212,1.98,,error
low,19.8105,16861.53,200,ok
low,36.6303,42.38,,error
medium,36.6622,13.50,,error
low,36.6628,13.17,,error
low,36.6634,12.86,,error
low,36.6640,12.57,,error
high,36.6694,7.48,,error
medium,36.6728,4.40,,error
low,36.6735,3.94,,error
low,36.6810,1.97,,error
medium,36.6840,1.90,,error
low,36.6911,3.49,,error
high,36.7008,6.44,,error
medium,36.7027,4.87,,error
low,36.7035,4.34,,error
low,29.2410,7467.69,429,shed
medium,36.7170,2.43,,error
low,36.7212,2.28,,error
low,36.7307,2.75,,error
medium,36.7335,2.04,,error
low,36.7407,2.71,,error
medium,36.7526,2.41,,error
low,36.7534,1.97,,error
high,36.7506,5.08,,error
low,36.7609,3.13,,error
medium,36.7702,3.90,,error
low,36.7720,2.48,,error
low,36.7807,8.17,,error
medium,36.7862,3.39,,error
low,36.7906,2.09,,error
high,36.8009,6.19,,error
medium,36.8031,4.27,,error
low,36.8046,3.09,,error
low,36.8108,1.98,,error
low,20.4611,16353.75,200,ok
medium,29.2678,7549.17,429,shed
low,29.2708,7549.29,429,shed
medium,29.1838,7638.18,429,shed
medium,25.5674,11269.39,200,ok
high,36.8505,5.23,,error
medium,36.8525,3.54,,error
low,36.8534,3.00,,error
low,36.8606,2.29,,error
medium,36.8670,2.02,,error
low,36.8712,2.51,,error
low,36.8809,2.87,,error
medium,36.8838,1.67,,error
low,29.3213,7565.45,429,shed
low,29.1708,7718.05,429,shed
medium,29.3178,7584.48,429,shed
low,29.1536,7748.73,429,shed
medium,26.6533,10249.04,200,ok
medium,36.9169,2.96,,error
low,36.9210,1.77,,error
medium,27.5526,9376.17,200,ok
medium,29.2842,7645.54,429,shed
low,29.3416,7592.27,429,shed
medium,29.1183,7880.32,429,shed
medium,27.9527,9045.90,200,ok
low,28.8034,8195.29,429,shed
high,24.2654,12733.25,200,ok
high,36.9507,48.82,,error
medium,36.9829,16.98,,error
low,36.9875,12.65,,error
high,29.2509,7753.56,429,shed
low,29.2031,7801.37,429,shed
low,29.1904,7814.07,429,shed
low,29.2112,7793.27,429,shed
medium,29.3341,7670.41,429,shed
low,37.0120,2.79,,error
medium,37.0172,1.98,,error
low,37.0203,1.70,,error
low,37.0323,4.79,,error
medium,37.0349,2.79,,error
low,37.0408,2.83,,error
medium,29.1340,7923.13,429,shed
medium,26.9684,10089.83,200,ok
low,37.0558,2.93,,error
low,37.0604,1.88,,error
medium,37.0683,3.66,,error
low,37.0705,2.04,,error
low,37.0812,9.71,,error
medium,37.0853,10.34,,error
low,37.0911,4.89,,error
medium,23.6338,13462.20,200,ok
medium,27.5836,9512.48,200,ok
medium,28.2326,8865.30,429,shed
high,29.3002,7805.18,429,shed
medium,27.6202,9486.62,200,ok
low,28.8202,8287.30,429,shed
low,37.1309,2.70,,error
medium,37.1336,1.92,,error
low,37.1407,2.19,,error
high,37.1511,4.28,,error
medium,37.1531,2.59,,error
low,37.1540,2.00,,error
low,37.1611,2.04,,error
medium,37.1673,2.64,,error
low,37.1711,1.75,,error
high,24.2624,12918.68,200,ok
low,28.8649,8322.91,429,shed
medium,24.6345,12554.13,200,ok
low,37.2040,1.81,,error
medium,37.2025,3.65,,error
high,37.2006,5.90,,error
low,28.8320,8375.33,429,shed
medium,37.2176,2.56,,error
low,37.2202,2.35,,error
high,21.9509,15273.84,200,ok
medium,37.2337,1.93,,error
high,24.4008,12838.27,200,ok
high,37.2508,4.95,,error
medium,37.2531,2.95,,error
low,37.2541,2.28,,error
low,28.8810,8376.23,429,shed
medium,29.5877,7670.08,429,shed
low,37.2704,1.61,,error
low,37.2805,2.87,,error
medium,37.2845,1.87,,error
low,37.2905,2.46,,error
high,37.3012,5.03,,error
medium,37.3037,2.84,,error
low,37.3048,2.02,,error
low,37.3110,5.88,,error
low,28.9203,8396.66,429,shed
low,37.3211,2.04,,error
low,28.9537,8371.26,429,shed
medium,37.3335,2.02,,error
low,37.3408,2.80,,error
high,37.3508,4.31,,error
medium,37.3529,2.53,,error
low,37.3538,1.94,,error
low,37.3609,2.89,,error
medium,37.3669,2.79,,error
low,37.3712,2.24,,error
low,37.3808,2.90,,error
medium,37.3837,1.75,,error
medium,29.6173,7773.40,429,shed
low,29.0122,8387.30,429,shed
medium,37.4026,2.97,,error
high,37.4007,5.22,,error
low,37.4104,2.89,,error
medium,37.4175,3.16,,error
low,37.4207,1.72,,error
low,37.4304,3.09,,error
medium,37.4336,2.38,,error
low,37.4412,2.99,,error
high,37.4504,10.51,,error
medium,37.4525,10.91,,error
low,37.4584,5.58,,error
low,37.4640,4.89,,error
medium,37.4689,2.83,,error
low,37.4704,28.87,,error
low,29.0911,8418.22,429,shed
low,37.5008,9.58,,error
medium,37.5017,9.03,,error
high,37.5061,4.85,,error
medium,37.5073,3.96,,error
low,37.5086,3.01,,error
low,19.6608,17857.52,200,ok
low,19.6923,17826.06,200,ok
low,29.0312,8489.82,429,shed
low,37.5313,6.23,,error
medium,37.5354,2.61,,error
high,29.6008,7939.19,429,shed
low,37.5534,1.43,,error
medium,37.5526,2.56,,error
high,37.5504,5.15,,error
low,37.5607,3.61,,error
medium,37.5682,3.56,,error
medium,22.7799,14794.47,200,ok
high,29.7003,7879.29,429,shed
medium,24.9341,12649.50,200,ok
medium,29.7520,7834.17,429,shed
low,19.3704,18282.04,200,ok
high,27.4011,10251.30,200,ok
low,29.5939,8058.52,429,shed
low,29.5305,8122.04,429,shed
low,29.1601,8492.41,429,shed
low,37.6229,33.86,,error
low,37.6486,8.49,,error
low,37.6500,7.34,,error
medium,37.6513,6.38,,error
high,37.6527,5.23,,error
medium,37.6537,4.53,,error
low,37.6544,4.16,,error
medium,26.6352,11024.65,200,ok
medium,28.2314,9431.17,200,ok
low,29.2536,8413.83,429,shed
medium,29.6524,8017.68,429,shed
medium,37.6847,2.98,,error
low,37.6908,2.92,,error
low,19.3609,18337.35,200,ok
low,37.7036,1.80,,error
high,37.7004,5.30,,error
low,37.7112,2.76,,error
low,20.7903,16924.43,200,ok
low,37.7204,1.76,,error
low,37.7304,3.45,,error
medium,37.7339,2.15,,error
low,20.8203,16922.18,200,ok
medium,37.7532,2.51,,error
low,37.7539,2.12,,error
high,37.7511,5.25,,error
low,37.7605,2.14,,error
medium,37.7678,2.76,,error
low,37.7706,1.68,,error
medium,27.7785,9997.58,200,ok
low,37.7812,4.65,,error
low,37.7904,3.31,,error
low,29.0712,8724.70,429,shed
medium,37.8030,4.29,,error
low,37.8046,3.05,,error
low,37.8111,3.75,,error
low,20.8406,16974.77,200,ok
low,37.8207,4.66,,error
low,37.8306,3.12,,error
medium,37.8338,2.11,,error
low,37.8413,3.71,,error
high,37.8512,6.16,,error
medium,37.8535,4.30,,error
low,37.8552,2.90,,error
low,37.8602,2.06,,error
medium,28.7184,9148.56,200,ok
low,37.8711,2.36,,error
high,29.8007,8080.30,429,shed
low,20.8816,17089.60,200,ok
low,20.8533,17117.86,200,ok
low,20.8032,17168.02,200,ok
low,20.7602,17211.07,200,ok
medium,28.2292,9742.07,200,ok
medium,28.2279,9743.38,200,ok
medium,28.2348,9736.46,429,shed
medium,28.6172,9354.13,429,shed
medium,29.9405,8030.85,429,shed
low,19.7537,18217.67,200,ok
low,19.6538,18317.58,200,ok
low,29.1110,8860.39,429,shed
low,20.5035,17480.55,200,ok
low,29.1806,8808.97,429,shed
low,29.1404,8849.18,429,shed
low,29.7112,8278.35,429,shed
low,37.9629,30.97,,error
low,37.9617,32.58,,error
low,37.9688,26.25,,error
low,37.9909,5.00,,error
low,20.7705,17228.61,200,ok
low,38.0029,2.63,,error
medium,38.0021,3.76,,error
medium,29.5525,8463.69,429,shed
medium,28.3175,9699.86,200,ok
low,20.5732,17444.14,200,ok
low,38.0304,3.39,,error
medium,38.0338,3.39,,error
low,19.7112,18330.76,200,ok
low,19.9905,18051.49,200,ok
medium,28.8846,9161.43,429,shed
high,24.3511,13699.50,200,ok
medium,28.8380,9219.41,429,shed
high,24.7508,13306.63,200,ok
medium,29.7685,8290.77,429,shed
low,20.9163,17143.04,200,ok
low,20.9330,17145.33,200,ok
low,38.0912,2.67,,error
medium,38.1029,6.58,,error
low,38.1048,5.13,,error
high,38.1008,9.50,,error
low,38.1105,8.67,,error
medium,38.1192,4.65,,error
low,38.1212,2.98,,error
high,29.9363,8191.06,429,shed
medium,38.1335,3.16,,error
low,38.1408,2.94,,error
high,38.1510,7.72,,error
medium,38.1533,5.70,,error
low,38.1550,4.32,,error
low,38.1604,3.07,,error
medium,26.7516,11417.83,200,ok
medium,28.9030,9267.31,429,shed
medium,29.6022,8583.15,429,shed
medium,38.1853,2.89,,error
low,38.1907,1.95,,error
high,38.2009,5.64,,error
medium,38.2030,3.79,,error
low,38.2040,3.18,,error
low,20.9807,17227.07,200,ok
medium,38.2178,3.56,,error
low,38.2214,2.74,,error
high,25.2007,13023.51,200,ok
low,28.3808,9844.00,429,shed
low,38.2415,3.83,,error
high,21.8013,16444.10,200,ok
medium,38.2527,4.15,,error
high,38.2506,6.61,,error
low,38.2607,3.93,,error
medium,38.2677,2.81,,error
low,38.2706,2.95,,error
high,26.7059,11568.27,200,ok
medium,28.9528,9330.15,200,ok
medium,29.8336,8450.26,429,shed
low,21.0105,17273.92,200,ok
medium,38.3030,3.78,,error
low,38.3044,2.77,,error
low,38.3106,4.10,,error
medium,38.3178,2.64,,error
low,38.3205,3.01,,error
low,29.9806,8358.21,429,shed
low,20.5808,17760.10,200,ok
medium,38.3351,6.24,,error
medium,30.0169,8333.59,429,shed
low,38.3530,2.88,,error
high,38.3506,5.60,,error
medium,27.6520,10705.12,200,ok
medium,25.2020,13156.39,200,ok
low,38.3702,4.66,,error
low,38.3811,6.66,,error
medium,38.3837,4.30,,error
low,38.3912,4.66,,error
medium,38.4032,2.73,,error
low,38.4040,2.19,,error
high,38.4011,5.47,,error
low,38.4107,2.95,,error
medium,38.4178,2.93,,error
low,38.4208,2.60,,error
low,38.4306,3.51,,error
medium,38.4342,2.42,,error
low,38.4405,3.46,,error
high,38.4512,4.71,,error
medium,38.4533,2.87,,error
low,38.4544,2.09,,error
medium,30.1012,8363.28,429,shed
low,38.4703,5.73,,error
medium,38.4679,8.47,,error
low,38.4806,3.69,,error
medium,38.4843,2.84,,error
low,38.4903,3.77,,error
high,38.5013,5.32,,error
medium,38.5034,3.53,,error
low,38.5041,3.09,,error
medium,29.9857,8524.46,429,shed
medium,29.9411,8575.16,429,shed
medium,29.9399,8579.34,429,shed
low,29.3102,9215.10,429,shed
low,20.6109,17923.51,200,ok
low,38.5411,3.65,,error
high,38.5509,5.68,,error
medium,38.5529,4.01,,error
low,38.5537,3.61,,error
low,38.5605,2.40,,error
medium,38.5672,3.09,,error
low,38.5703,2.38,,error
low,38.5811,5.58,,error
medium,22.3171,16271.64,200,ok
low,38.5909,2.77,,error
medium,30.0980,8498.38,429,shed
low,29.7528,8847.17,429,shed
low,38.6149,3.94,,error
high,38.6113,7.83,,error
medium,38.6175,2.62,,error
low,38.6202,1.26,,error
low,29.5535,9072.70,429,shed
low,29.6029,9023.22,429,shed
low,29.3537,9272.46,429,shed
low,20.6203,18013.52,200,ok
low,20.6809,17957.72,200,ok
high,29.7505,8914.27,429,shed
low,29.9828,8707.91,429,shed
low,30.1076,8584.00,429,shed
low,30.1142,8579.28,429,shed
low,29.6532,9041.04,429,shed
medium,22.4512,16243.44,200,ok
high,22.0009,16699.75,200,ok
low,20.7110,17993.52,200,ok
low,38.7028,34.00,,error
medium,38.7178,19.29,,error
low,38.7208,120.50,,error
low,38.7107,131.10,,error
low,38.7303,111.79,,error
low,38.6920,150.83,,error
medium,38.7344,109.72,,error
low,29.9458,8920.32,429,shed
medium,28.8183,10047.88,200,ok
high,29.9376,8928.55,429,shed
medium,29.9417,8924.54,429,shed
medium,27.5038,11362.39,200,ok
high,21.8507,17015.59,200,ok
medium,25.7335,13132.71,200,ok
medium,27.7802,11086.08,200,ok
low,30.1724,8693.94,429,shed
low,30.1330,8733.31,429,shed
low,29.5111,9355.27,429,shed
low,29.5708,9295.50,429,shed
low,29.6304,9235.96,429,shed
low,29.7805,9085.93,429,shed
low,29.9452,8921.18,429,shed
low,29.8224,9044.01,429,shed
low,29.9434,8923.00,429,shed
low,29.8315,9034.95,429,shed
low,29.9641,8908.38,429,shed
low,29.9470,8925.54,429,shed
medium,38.8699,7.96,,error
medium,38.8705,7.65,,error
low,38.8711,7.35,,error
low,38.8717,7.04,,error
low,38.8727,6.32,,error
low,38.8817,1.91,,error
medium,38.8836,2.93,,error
low,38.8907,4.03,,error
medium,38.9032,3.44,,error
low,38.9042,2.74,,error
high,38.9004,6.77,,error
low,38.9103,3.23,,error
medium,38.9177,3.57,,error
low,38.9213,1.89,,error
low,20.7810,18148.43,200,ok
medium,38.9344,3.35,,error
low,38.9408,3.85,,error
high,38.9509,4.65,,error
medium,38.9529,2.98,,error
low,38.9537,2.43,,error
low,20.0914,18865.34,200,ok
low,19.9099,19047.25,200,ok
medium,27.6343,11323.32,200,ok
low,20.7302,18244.09,200,ok
medium,38.9836,3.02,,error
low,38.9907,3.96,,error
high,39.0009,5.99,,error
medium,39.0033,3.88,,error
low,39.0043,3.23,,error
low,39.0106,2.97,,error
medium,39.0177,2.86,,error
low,19.7407,19281.58,200,ok
medium,27.7790,11243.72,200,ok
medium,39.0344,4.31,,error
low,39.0408,2.52,,error
high,39.0506,4.99,,error
medium,39.0527,3.21,,error
low,39.0534,2.79,,error
low,19.8817,19175.57,200,ok
medium,28.9170,10140.26,200,ok
medium,26.6998,12369.67,200,ok
low,39.0812,3.87,,error
medium,39.0834,2.01,,error
low,39.0906,3.02,,error
low,19.6805,19424.66,200,ok
medium,27.9346,11171.38,200,ok
high,39.1019,5.05,,error
medium,29.2178,9896.13,200,ok
medium,39.1178,2.89,,error
low,39.1207,2.87,,error
low,39.1307,4.34,,error
medium,39.1351,3.42,,error
low,39.1407,4.03,,error
high,39.1509,5.73,,error
medium,39.1529,4.00,,error
low,39.1537,3.55,,error
low,39.1604,2.40,,error
medium,39.1670,3.77,,error
low,39.1708,3.95,,error
medium,27.5678,11607.52,200,ok
medium,39.1840,3.17,,error
medium,29.9383,9250.94,429,shed
medium,29.9634,9226.92,429,shed
low,19.7709,19421.66,200,ok
low,39.2061,5.37,,error
low,39.2116,5.27,,error
medium,39.2169,4.93,,error
low,39.2219,2.49,,error
low,39.2306,3.78,,error
medium,39.2344,3.14,,error
low,20.6025,18640.87,200,ok
low,20.5651,18681.70,200,ok
low,20.3806,18866.12,200,ok
low,39.2526,3.72,,error
low,39.2610,3.68,,error
low,20.2610,19008.82,200,ok
low,20.0321,19237.72,200,ok
low,20.6354,18640.77,200,ok
low,20.4531,18823.10,200,ok
low,21.2305,18045.67,200,ok
high,39.3006,5.07,,error
medium,39.3027,3.26,,error
low,39.3037,2.57,,error
low,39.3105,3.26,,error
medium,39.3169,3.18,,error
low,39.3201,2.37,,error
low,29.9428,9390.95,429,shed
medium,29.2529,10080.96,200,ok
medium,28.3677,10966.11,200,ok
low,20.4203,18913.55,200,ok
low,20.6611,18672.73,200,ok
low,20.1409,19193.02,200,ok
high,29.9752,9358.65,429,shed
low,20.1113,19222.64,200,ok
high,30.0002,9358.02,429,shed
medium,27.6023,11755.95,200,ok
medium,39.3836,3.94,,error
low,39.3907,3.47,,error
medium,39.4025,3.76,,error
low,39.4035,3.09,,error
high,39.4004,6.49,,error
low,39.4111,2.76,,error
high,30.5013,8913.72,429,shed
low,39.4210,2.76,,error
low,39.4309,6.20,,error
medium,39.4352,4.40,,error
medium,30.5033,8937.08,429,shed
low,29.9654,9507.37,429,shed
low,39.4701,7.61,,error
low,39.4715,6.57,,error
medium,39.4730,5.37,,error
low,39.4741,4.56,,error
high,39.4662,12.71,,error
low,39.4805,6.13,,error
medium,39.4866,1.87,,error
low,39.4906,3.03,,error
low,30.5102,9015.63,429,shed
low,39.5192,8.19,,error
low,39.5205,7.17,,error
medium,39.5237,4.26,,error
low,39.5248,3.45,,error
high,39.5119,16.70,,error
low,30.0032,9533.21,429,shed
low,39.5321,5.79,,error
medium,30.2541,9289.01,429,shed
low,22.1704,17377.28,200,ok
low,21.4412,18107.17,200,ok
low,19.9402,19649.11,200,ok
medium,30.4175,9172.76,429,shed
low,22.1040,17490.98,200,ok
low,21.4784,18116.61,200,ok
low,21.5531,18041.95,200,ok
medium,29.3529,10242.15,200,ok
low,39.5813,16.81,,error
high,28.8509,10750.35,200,ok
low,22.2102,17391.07,200,ok
high,39.6013,5.72,,error
low,39.6112,3.50,,error
low,20.5920,19043.31,200,ok
medium,28.6024,11032.86,200,ok
medium,39.6363,2.62,,error
medium,39.6179,21.34,,error
low,39.6408,3.89,,error
high,39.6509,4.71,,error
medium,39.6529,3.07,,error
low,39.6542,2.07,,error
low,39.6603,3.27,,error
high,30.4508,9215.32,429,shed
high,27.5506,12118.12,200,ok
low,30.1148,9562.42,429,shed
low,30.1808,9496.48,429,shed
low,30.1067,9570.50,429,shed
low,21.7110,17967.77,200,ok
low,21.4309,18247.90,200,ok
low,21.3605,18318.33,200,ok
low,30.0324,9647.01,429,shed
low,30.2814,9400.65,429,shed
medium,28.7836,10906.66,200,ok
medium,28.8525,10863.67,200,ok
low,20.0533,19668.83,200,ok
low,30.3906,9332.58,429,shed
low,20.0103,19713.44,200,ok
low,20.7557,18970.04,200,ok
high,28.6516,11077.77,200,ok
low,30.3116,9442.80,429,shed
medium,39.7669,3.79,,error
low,39.7707,1.95,,error
low,39.7808,2.90,,error
medium,39.7837,1.82,,error
low,39.7907,2.14,,error
medium,39.8034,2.21,,error
high,39.8011,6.22,,error
low,39.8043,3.32,,error
low,39.8108,3.01,,error
medium,39.8169,2.63,,error
low,39.8207,2.97,,error
low,39.8308,4.18,,error
high,27.6507,12186.80,200,ok
low,39.8408,2.82,,error
high,39.8508,4.58,,error
medium,39.8528,2.91,,error
low,39.8537,2.31,,error
low,39.8608,2.78,,error
medium,39.8677,2.90,,error
low,39.8707,5.09,,error
low,39.8809,3.53,,error
medium,39.8845,2.34,,error
low,39.8913,3.04,,error
low,30.6220,9274.69,429,shed
low,39.9038,3.10,,error
high,39.9009,6.36,,error
low,39.9108,3.91,,error
medium,39.9178,3.19,,error
low,39.9210,2.83,,error
high,22.7805,17150.05,200,ok
high,28.7523,11307.46,200,ok
medium,22.3853,17674.48,200,ok
medium,26.7671,13292.69,200,ok
high,27.6010,12458.73,200,ok
medium,29.0838,10975.95,200,ok
medium,28.2331,11826.67,200,ok
medium,28.2309,11828.95,200,ok
high,22.0506,18009.22,200,ok
medium,39.9344,126.43,,error
low,40.0530,12.69,,error
low,40.0536,12.39,,error
low,40.0542,12.10,,error
high,40.0548,11.80,,error
high,40.0554,11.50,,error
medium,40.0560,11.21,,error
medium,40.0567,10.82,,error
medium,40.0573,10.50,,error
medium,40.0579,10.20,,error
medium,40.0584,9.90,,error
medium,40.0590,9.61,,error
high,40.0609,7.99,,error
medium,40.0616,7.62,,error
low,40.0622,7.29,,error
low,40.0628,6.98,,error
low,21.0527,19020.46,200,ok
low,21.1206,18952.62,200,ok
medium,30.1233,9955.06,429,shed
medium,40.0854,3.29,,error
low,40.0910,3.23,,error
high,40.1005,4.23,,error
medium,40.1025,2.57,,error
low,40.1033,2.05,,error
low,40.1105,3.46,,error
medium,40.1171,4.31,,error
low,40.1214,5.30,,error
medium,28.4031,11737.40,200,ok
high,30.7006,9439.96,429,shed
low,30.6037,9605.16,429,shed
high,22.8506,17374.98,200,ok
medium,29.0519,11173.73,200,ok
medium,27.7808,12453.90,200,ok
medium,30.7840,9450.65,429,shed
medium,28.9341,11300.60,200,ok
low,21.1611,19073.58,200,ok
low,21.0709,19163.86,200,ok
high,23.9512,16283.59,200,ok
medium,29.1528,11082.01,200,ok
low,21.2411,19002.07,200,ok
low,21.2027,19040.45,200,ok
low,21.0813,19164.10,200,ok
low,21.1808,19064.60,200,ok
low,40.2231,22.76,,error
low,40.2239,22.28,,error
low,40.2246,21.87,,error
medium,40.2406,9.00,,error
low,40.2468,4.52,,error
high,40.2519,4.90,,error
medium,40.2532,3.93,,error
low,40.2543,3.17,,error
low,40.2606,2.86,,error
medium,40.2674,6.20,,error
low,40.2704,3.58,,error
low,21.2112,19066.33,200,ok
low,21.2911,18986.41,200,ok
medium,30.9225,9413.29,429,shed
low,21.1105,19228.47,200,ok
low,21.0612,19278.41,200,ok
medium,40.3298,10.41,,error
low,40.3305,10.08,,error
low,40.3311,9.76,,error
low,40.3317,9.44,,error
low,40.3323,9.12,,error
high,40.3348,6.92,,error
medium,30.9171,9425.69,429,shed
low,20.9299,19414.25,200,ok
low,30.8984,9445.81,429,shed
low,20.9190,19425.23,200,ok
low,20.3612,19985.91,200,ok
low,22.3036,18044.29,200,ok
low,22.4530,17917.54,200,ok
medium,27.4843,12896.71,200,ok
medium,40.3837,1.91,,error
low,40.3912,2.09,,error
low,30.9409,9453.20,429,shed
low,20.8733,19521.38,200,ok
low,21.1709,19226.14,200,ok
low,20.9706,19427.37,200,ok
low,23.6306,16769.17,200,ok
low,22.3704,18190.18,200,ok
low,21.9602,18600.41,200,ok
medium,30.1350,10425.63,429,shed
low,21.7561,18804.58,200,ok
low,22.4702,18090.46,200,ok
low,20.3028,20257.94,200,ok
low,21.9305,18630.25,200,ok
high,31.0065,9554.24,429,shed
high,30.7508,9832.96,429,shed
high,31.0752,9508.62,429,shed
medium,29.0028,11581.02,200,ok
high,27.7819,12801.97,200,ok
low,21.3024,19281.47,200,ok
low,29.5402,11043.73,429,shed
medium,30.3335,10250.40,429,shed
medium,30.2183,10365.66,429,shed
low,30.1045,10479.48,429,shed
low,29.6606,10923.42,429,shed
low,29.6103,10973.68,429,shed
low,29.5813,11002.77,429,shed
low,30.1136,10470.47,429,shed
low,30.2548,10329.27,429,shed
low,30.1406,10443.50,429,shed
medium,31.1672,9416.92,429,shed
low,30.3027,10281.42,429,shed
low,21.9033,18680.90,200,ok
low,30.2707,10314.82,429,shed
medium,40.5582,28.73,,error
high,40.5595,27.75,,error
low,40.5384,49.22,,error
low,30.7636,9832.45,429,shed
low,30.3608,10235.29,429,shed
low,30.7272,9868.91,429,shed
low,30.4102,10185.89,429,shed
medium,29.4834,11112.70,200,ok
low,30.4612,10134.98,429,shed
low,30.9625,9662.22,429,shed
high,31.2008,9428.49,429,shed
low,30.7824,9846.91,429,shed
low,30.9146,9714.71,429,shed
low,30.9218,9707.55,429,shed
medium,31.1175,9511.84,429,shed
high,31.1509,9478.48,429,shed
medium,28.9671,11676.49,429,shed
low,19.9530,20703.77,200,ok
low,40.6706,7.31,,error
low,40.6814,3.76,,error
medium,40.6852,2.43,,error
low,40.6912,2.70,,error
low,19.9709,20735.65,200,ok
medium,29.0335,11674.91,429,shed
low,40.7055,3.24,,error
high,40.7021,6.97,,error
low,20.1915,20527.86,200,ok
low,20.2108,20509.48,200,ok
low,20.3236,20396.68,200,ok
low,20.2902,20441.42,200,ok
low,21.0040,19728.55,200,ok
medium,29.2023,11539.06,429,shed
low,20.3535,20392.45,200,ok
medium,31.2336,9512.38,429,shed
medium,31.0773,9673.12,429,shed
medium,28.2285,12536.47,200,ok
medium,31.0170,9748.57,429,shed
low,20.3307,20450.46,200,ok
low,21.0909,19691.93,200,ok
medium,31.2526,9530.32,429,shed
low,21.1037,19680.36,200,ok
low,20.4111,20372.88,200,ok
low,21.2709,19521.06,200,ok
low,20.3107,20481.44,200,ok
low,20.9538,19838.33,200,ok
low,20.2708,20521.37,200,ok
medium,31.2678,9524.39,429,shed
medium,31.2835,9508.67,429,shed
low,20.0704,20722.68,200,ok
medium,29.2334,11561.38,429,shed
low,21.1912,19620.12,200,ok
low,31.2415,9569.77,429,shed
low,21.3902,19421.09,200,ok
low,21.1314,19680.74,200,ok
medium,31.3172,9498.77,429,shed
low,21.3809,19438.42,200,ok
low,21.4037,19415.62,200,ok
low,21.2617,19564.55,200,ok
low,21.4109,19415.39,200,ok
medium,29.5670,11278.74,429,shed
high,22.3010,18544.73,200,ok
medium,31.2026,9643.09,429,shed
medium,31.1342,9711.58,429,shed
medium,31.0908,9754.91,429,shed
low,20.2530,20610.79,200,ok
high,29.3508,11515.08,200,ok
medium,29.7177,11148.89,429,shed
medium,28.2320,12661.38,200,ok
low,21.5106,19410.51,200,ok
low,20.3703,20552.41,200,ok
medium,30.1154,10809.42,200,ok
low,21.5309,19416.12,200,ok
low,21.5907,19372.09,200,ok
low,40.9808,3.88,,error
low,31.1112,9878.99,429,shed
medium,40.9848,5.81,,error
low,21.5703,19425.50,200,ok
medium,29.3026,11697.25,200,ok
high,41.0010,3.77,,error
low,41.0103,3.28,,error
medium,30.3192,10700.81,200,ok
medium,30.2846,10735.41,200,ok
low,41.0310,3.69,,error
medium,41.0350,2.48,,error
low,41.0405,3.05,,error
medium,41.0530,4.64,,error
low,41.0546,3.36,,error
high,41.0508,7.54,,error
low,41.0604,3.12,,error
medium,41.0677,4.73,,error
low,41.0724,2.35,,error
high,27.8503,13236.16,200,ok
low,41.0810,6.87,,error
low,41.0904,3.37,,error
high,41.1021,6.43,,error
medium,41.1044,4.68,,error
low,41.1060,3.71,,error
low,41.1108,2.12,,error
medium,30.3536,10763.56,200,ok
low,41.1209,2.67,,error
high,27.9007,13229.87,200,ok
medium,41.1342,2.90,,error
low,41.1402,5.73,,error
high,41.1514,6.62,,error
medium,41.1536,4.80,,error
low,41.1550,3.67,,error
high,31.4511,9708.99,429,shed
medium,28.9869,12173.71,200,ok
low,41.1703,3.32,,error
low,41.1810,6.80,,error
medium,41.1839,4.22,,error
low,41.1903,5.66,,error
high,41.2012,10.96,,error
medium,41.2033,9.26,,error
low,41.2052,7.82,,error
high,29.6503,11562.75,200,ok
high,30.1513,11079.91,200,ok
medium,41.2168,20.04,,error
low,41.2280,9.39,,error
medium,41.2344,4.21,,error
medium,28.8673,12376.20,200,ok
low,22.5605,18684.81,200,ok
low,22.4578,18793.25,200,ok
high,28.5510,12700.13,200,ok
low,41.2612,5.51,,error
low,21.3312,19936.79,200,ok
medium,31.4336,9856.50,429,shed
low,21.2807,20010.82,200,ok
high,28.6011,12693.48,200,ok
medium,31.6545,9640.09,429,shed
low,21.2202,20075.32,200,ok
medium,29.1676,12133.76,200,ok
high,41.3023,12.78,,error
low,41.3120,4.87,,error
medium,41.3169,3.91,,error
high,29.2005,12127.18,200,ok
low,41.3308,3.02,,error
medium,41.3339,3.41,,error
low,41.3404,4.19,,error
low,21.4225,19936.03,200,ok
high,41.3506,9.76,,error
low,41.3559,4.90,,error
low,41.3609,3.47,,error
medium,41.3675,4.24,,error
low,41.3718,7.15,,error
low,41.3811,3.66,,error
medium,41.3848,3.41,,error
low,41.3904,6.49,,error
low,22.4639,18945.40,200,ok
low,21.3535,20055.84,200,ok
low,22.5209,18888.38,200,ok
low,41.4102,4.44,,error
medium,41.4178,3.48,,error
low,22.0705,19353.02,200,ok
low,21.3701,20054.00,200,ok
low,21.3211,20112.57,200,ok
low,41.4411,3.50,,error
low,21.9203,19525.85,200,ok
low,41.4539,5.16,,error
high,41.4503,9.01,,error
low,41.4608,3.72,,error
medium,32.0670,9398.73,429,shed
low,41.4705,2.00,,error
high,31.7003,9774.47,429,shed
low,22.6325,18842.75,200,ok
low,22.7909,18691.69,200,ok
low,21.9805,19515.37,200,ok
low,31.7546,9741.26,429,shed
medium,29.7840,11712.72,200,ok
medium,31.6672,9831.58,429,shed
medium,29.8177,11703.13,200,ok
medium,41.5178,3.89,,error
medium,31.8847,9637.00,429,shed
low,22.1407,19381.39,200,ok
medium,29.7016,11836.60,200,ok
low,31.6447,9893.48,429,shed
low,22.5904,18951.53,200,ok
low,25.6852,15870.60,200,ok
low,31.5312,10024.62,429,shed
low,41.5703,3.33,,error
medium,41.5677,6.16,,error
medium,32.6525,8931.52,429,shed
low,41.5811,6.69,,error
low,41.5902,3.50,,error
low,24.5210,17097.62,200,ok
low,23.9433,17675.36,200,ok
low,41.6039,18.02,,error
low,41.6167,5.55,,error
medium,41.6188,3.76,,error
low,41.6207,2.88,,error
low,41.6311,2.86,,error
medium,41.6340,2.53,,error
high,22.4607,19182.44,200,ok
high,31.3009,10343.90,429,shed
low,31.6384,10007.45,429,shed
low,26.7604,14889.57,200,ok
low,32.0911,9564.90,429,shed
medium,41.6678,3.09,,error
low,41.6710,2.14,,error
medium,30.1534,11520.70,429,shed
low,32.6204,9063.22,429,shed
low,31.6463,10048.75,429,shed
low,27.4811,14214.01,200,ok
low,27.1638,14532.15,200,ok
medium,30.4842,11211.79,200,ok
high,31.6550,10050.75,429,shed
medium,30.3021,11405.88,429,shed
medium,32.5336,9175.94,429,shed
high,32.7012,9014.30,429,shed
medium,30.0999,11616.73,200,ok
medium,30.9341,10803.68,429,shed
low,32.5311,9206.73,429,shed
medium,32.7033,9034.49,429,shed
medium,30.4528,11291.51,200,ok
medium,30.5170,11227.33,200,ok
low,27.5607,14183.63,200,ok
medium,31.3335,10413.45,429,shed
medium,32.8206,8926.35,429,shed
medium,31.4030,10356.06,429,shed
medium,27.4670,14292.72,200,ok
medium,33.3356,8440.45,429,shed
low,27.6104,14179.15,200,ok
medium,33.4335,8357.07,429,shed
low,32.6907,9102.26,429,shed
medium,32.7528,9043.28,429,shed
medium,41.8172,5.61,,error
low,41.8312,4.97,,error
medium,41.8338,4.13,,error
low,41.8412,7.40,,error
low,22.2704,19590.90,200,ok
high,41.8508,11.17,,error
medium,41.8528,11.30,,error
low,41.8544,10.26,,error
medium,41.8670,2.65,,error
low,41.8703,4.97,,error
low,33.1223,8758.12,429,shed
low,20.0611,21909.80,200,ok
low,20.8308,21140.15,200,ok
low,20.5311,21439.83,200,ok
low,19.7605,22210.49,200,ok
low,20.6704,21300.62,200,ok
low,20.4991,21471.88,200,ok
low,21.4605,20510.58,200,ok
low,20.2403,21730.73,200,ok
low,20.8105,21160.55,200,ok
low,20.1926,21778.45,200,ok
low,20.4704,21500.68,200,ok
low,20.2308,21740.37,200,ok
low,20.7202,21250.99,200,ok
low,20.6410,21330.19,200,ok
low,20.1554,21815.75,200,ok
low,20.1024,21868.78,200,ok
low,20.9178,21053.39,200,ok
low,20.7033,21267.99,200,ok
low,20.9612,21010.05,200,ok
medium,28.2298,13741.53,200,ok
medium,33.7336,8237.67,429,shed
medium,33.8343,8137.02,429,shed
medium,34.1023,7869.00,429,shed
medium,33.9175,8053.83,429,shed
medium,34.0016,7969.74,429,shed
medium,30.8978,11073.59,429,shed
medium,34.1354,7836.01,429,shed
low,28.2202,13751.27,429,shed
medium,41.8851,87.66,,error
medium,33.2669,8708.96,429,shed
low,33.2623,8713.62,429,shed
low,24.6204,17355.55,200,ok
high,33.7009,8282.91,429,shed
low,25.1104,16873.39,200,ok
medium,30.6849,11311.14,200,ok
medium,31.1842,10845.93,429,shed
low,27.1608,14869.32,200,ok
low,31.6516,10381.04,429,shed
low,31.6742,10365.68,429,shed
low,25.2804,16821.15,200,ok
low,33.4305,8691.41,429,shed
low,31.3810,10740.95,429,shed
medium,29.0170,13104.96,200,ok
high,42.1200,8.69,,error
medium,30.7175,11427.01,200,ok
low,42.1356,11.31,,error
low,42.1470,2.32,,error
medium,31.7528,10405.49,429,shed
high,42.1515,20.16,,error
low,42.1552,17.04,,error
low,33.7605,8428.70,429,shed
low,33.8811,8308.14,429,shed
low,25.7309,16458.36,200,ok
low,42.1604,29.74,,error
medium,42.1936,5.78,,error
medium,42.1757,24.89,,error
low,21.8102,20391.73,200,ok
low,21.8622,20339.70,200,ok
low,21.7412,20460.69,200,ok
low,21.8052,20403.34,200,ok
low,21.7906,20424.57,200,ok
high,29.1514,13068.60,200,ok
low,21.8908,20336.03,200,ok
low,21.9707,20256.16,200,ok
low,42.2405,4.29,,error
low,21.9112,20338.26,200,ok
high,30.2528,12005.23,200,ok
low,21.9410,20317.06,200,ok
low,26.7528,15518.59,200,ok
medium,34.3043,7967.10,429,shed
medium,29.9782,12297.16,200,ok
low,26.6409,15634.45,200,ok
low,26.3607,15916.21,200,ok
low,22.0906,20200.36,200,ok
medium,33.3529,8938.05,429,shed
low,27.1615,15129.52,200,ok
low,42.3039,1.85,,error
low,42.3104,5.48,,error
low,42.3210,1.85,,error
medium,42.3187,4.52,,error
low,42.3304,8.04,,error
medium,42.3359,2.83,,error
low,42.3408,3.78,,error
medium,29.8027,12547.58,200,ok
medium,42.3517,3.42,,error
high,42.3503,5.10,,error
low,42.3609,2.65,,error
high,30.1082,12261.11,200,ok
low,26.8911,15480.12,200,ok
low,33.6905,8680.68,429,shed
low,22.1202,20251.01,200,ok
low,22.1911,20184.89,200,ok
medium,30.3836,12032.08,200,ok
medium,42.4035,13.35,,error
low,42.4053,11.81,,error
low,42.4125,4.93,,error
medium,42.4175,2.97,,error
low,33.8111,8611.56,429,shed
low,22.1110,20311.68,200,ok
low,33.7526,8672.30,429,shed
low,42.4403,3.29,,error
high,42.4508,5.78,,error
medium,42.4527,4.18,,error
low,42.4541,3.12,,error
low,33.8203,8639.67,429,shed
medium,35.3528,7110.54,429,shed
low,22.2407,20223.11,200,ok
low,22.2036,20272.73,200,ok
low,33.8309,8653.24,429,shed
low,42.4906,4.15,,error
medium,42.5032,2.96,,error
low,42.5041,2.42,,error
high,42.5010,5.74,,error
low,42.5110,3.75,,error
medium,42.5179,3.75,,error
low,42.5217,2.91,,error
low,42.5307,3.93,,error
medium,42.5347,2.82,,error
low,42.5407,3.35,,error
low,34.0023,8544.27,429,shed
low,34.2034,8343.18,429,shed
low,33.9204,8627.33,429,shed
low,33.8708,8676.87,429,shed
medium,42.5668,3.67,,error
low,42.5705,2.94,,error
low,42.5806,4.78,,error
medium,42.5855,3.50,,error
low,42.5919,5.22,,error
medium,42.6025,4.96,,error
low,42.6040,3.89,,error
high,42.6003,7.90,,error
low,42.6105,7.72,,error
medium,42.6183,4.71,,error
low,42.6206,3.13,,error
medium,42.6335,7.05,,error
low,42.6309,10.34,,error
low,42.6413,3.48,,error
low,34.2911,8357.13,429,shed
low,34.2813,8367.83,429,shed
low,34.2105,8438.99,429,shed
low,34.4439,8206.22,429,shed
medium,42.6669,2.91,,error
low,42.6711,3.85,,error
medium,42.6866,2.41,,error
low,42.6812,8.19,,error
low,42.6905,3.05,,error
high,42.7007,6.04,,error
medium,42.7026,4.38,,error
low,42.7034,3.91,,error
low,31.2610,11447.48,429,shed
medium,42.7178,3.25,,error
low,22.2308,20492.06,200,ok
low,35.0626,7661.52,429,shed
low,34.8308,7894.50,429,shed
low,34.6278,8097.48,429,shed
low,34.7315,7993.85,429,shed
low,35.2342,7502.25,429,shed
low,35.3805,7355.98,429,shed
low,35.2116,7526.01,429,shed
medium,35.5844,7153.14,429,shed
low,22.6432,20112.01,200,ok
low,24.9322,17840.94,200,ok
low,31.3708,11405.36,429,shed
low,23.9602,18816.00,200,ok
low,24.5604,18215.82,200,ok
low,31.3239,11452.32,429,shed
medium,30.0019,12774.29,200,ok
low,24.9802,17829.81,200,ok
low,22.8545,19957.91,200,ok
low,22.7833,20029.13,200,ok
medium,42.8341,2.48,,error
low,42.8318,5.07,,error
medium,29.6355,13202.00,200,ok
medium,42.8528,3.21,,error
low,42.8536,2.80,,error
high,42.8507,5.94,,error
low,42.8608,2.98,,error
medium,42.8669,3.67,,error
low,42.8706,3.99,,error
low,22.5302,20345.67,200,ok
low,27.1632,15712.66,200,ok
low,42.8911,2.88,,error
low,33.1608,9740.12,429,shed
low,32.1731,10727.79,429,shed
low,28.2251,14677.36,200,ok
low,33.3341,9568.37,429,shed
low,33.6405,9261.99,429,shed
medium,33.7519,9150.54,429,shed
low,24.5312,18378.22,200,ok
low,25.0108,17899.24,200,ok
low,31.4804,11430.36,429,shed
low,25.0028,17910.52,200,ok
low,31.4539,11460.06,429,shed
low,24.6314,18283.15,200,ok
high,30.3523,12571.66,200,ok
low,21.9533,20981.74,200,ok
low,22.0612,20876.03,200,ok
low,42.9807,3.14,,error
medium,42.9839,2.01,,error
low,42.9919,3.51,,error
low,23.2807,19748.96,200,ok
low,25.3415,17694.19,200,ok
medium,30.1160,12919.76,200,ok
medium,31.6866,11349.13,429,shed
low,31.5411,11494.62,429,shed
medium,43.0257,10.62,,error
low,43.0278,8.83,,error
medium,43.0366,2.61,,error
low,43.0432,2.62,,error
high,43.0510,4.36,,error
low,43.0531,2.54,,error
medium,43.0524,3.53,,error
low,43.0611,3.62,,error
low,31.6497,11416.98,429,shed
medium,35.6175,7449.20,429,shed
medium,30.7529,12314.24,200,ok
medium,43.0836,2.85,,error
low,43.0909,3.68,,error
low,35.7426,7356.92,429,shed
low,43.1040,4.01,,error
high,43.1006,7.77,,error
low,43.1109,3.73,,error
medium,43.1178,2.87,,error
low,43.1207,1.91,,error
low,43.1308,3.02,,error
medium,43.1339,31.83,,error
low,43.1406,26.42,,error
high,43.1507,16.79,,error
low,43.1544,13.45,,error
low,43.1612,6.92,,error
medium,43.1528,19.20,,error
medium,43.1682,4.27,,error
low,43.1702,2.58,,error
medium,43.1842,2.65,,error
low,43.1817,5.68,,error
medium,30.5848,12609.76,200,ok
high,43.2007,26.24,,error
medium,43.2029,24.48,,error
low,43.2200,7.78,,error
medium,34.2835,8949.44,429,shed
medium,29.9614,13271.61,200,ok
medium,33.8173,9415.64,429,shed
low,43.2335,3.41,,error
medium,43.2346,2.64,,error
high,30.4009,12837.72,200,ok
medium,35.0872,8159.77,429,shed
medium,34.9932,8257.01,429,shed
low,30.9909,12272.12,429,shed
low,43.2613,2.44,,error
medium,43.2679,11.03,,error
low,43.2728,6.48,,error
low,25.2027,18077.74,200,ok
medium,43.2841,2.56,,error
high,33.2512,10038.57,200,ok
medium,35.3836,7912.94,429,shed
low,43.3034,2.22,,error
high,43.3008,5.21,,error
low,27.4037,15909.74,200,ok
low,27.7713,15542.98,200,ok
medium,43.3188,6.19,,error
low,43.3305,2.94,,error
low,27.5111,15824.71,200,ok
low,27.4108,15925.45,200,ok
medium,30.2335,13110.76,200,ok
high,30.3012,13043.51,200,ok
low,26.3806,16969.56,200,ok
low,25.4523,17897.80,200,ok
medium,30.5523,12804.60,200,ok
medium,30.8965,12463.63,200,ok
medium,31.5532,11812.88,200,ok
medium,43.3846,4.05,,error
low,43.3908,3.84,,error
high,43.4008,4.73,,error
medium,43.4026,3.20,,error
low,43.4034,2.72,,error
low,24.9906,18416.36,200,ok
low,22.5832,20825.43,200,ok
medium,30.6179,12794.54,200,ok
medium,31.6528,11759.66,200,ok
medium,30.8182,12619.46,200,ok
low,27.6218,15815.96,200,ok
low,27.3406,16097.19,200,ok
medium,43.4341,4.04,,error
low,43.4574,6.43,,error
low,43.4612,5.33,,error
low,27.1596,16320.33,200,ok
medium,43.4682,15.58,,error
low,43.4839,2.75,,error
medium,43.4854,2.13,,error
low,27.1589,16333.77,200,ok
medium,35.4843,8009.43,429,shed
low,43.5068,5.82,,error
medium,43.5052,7.75,,error
low,43.5107,3.06,,error
medium,43.5183,2.48,,error
low,43.5208,2.07,,error
low,26.5903,16940.72,200,ok
medium,43.5335,46.42,,error
low,31.1309,12465.25,429,shed
low,27.7734,15822.73,200,ok
low,26.8203,16775.87,200,ok
high,30.5510,13045.23,200,ok
low,27.5309,16065.28,200,ok
medium,31.5179,12078.37,200,ok
medium,36.1342,7462.01,429,shed
medium,31.4844,12111.90,200,ok
medium,30.4340,13166.77,200,ok
low,26.6540,16946.76,200,ok
medium,43.6025,3.47,,error
low,43.6032,3.12,,error
high,43.6015,5.09,,error
low,43.6104,3.11,,error
medium,43.6176,2.65,,error
medium,36.1523,7470.41,429,shed
medium,30.5678,13067.17,200,ok
medium,31.0744,12560.61,200,ok
low,43.6308,7.87,,error
low,27.6030,16037.21,200,ok
low,26.7030,16966.86,200,ok
medium,30.4671,13202.77,200,ok
low,26.7017,16968.12,200,ok
low,27.1602,16511.85,200,ok
medium,43.6708,4.52,,error
low,43.6807,3.00,,error
medium,43.6837,2.73,,error
low,43.6905,3.02,,error
medium,31.3525,12341.82,200,ok
medium,43.7024,2.63,,error
low,43.7030,2.28,,error
low,43.7112,3.71,,error
medium,43.7171,2.74,,error
low,43.7213,3.28,,error
low,43.7308,2.99,,error
medium,43.7338,2.54,,error
low,28.5226,15221.04,200,ok
high,43.7506,4.84,,error
medium,43.7526,3.15,,error
low,43.7534,2.67,,error
low,32.1859,11570.62,429,shed
medium,43.7674,3.34,,error
low,43.7708,1.86,,error
low,27.7669,16012.02,200,ok
low,27.7767,16008.18,200,ok
low,27.6407,16144.27,200,ok
low,27.7581,16026.83,200,ok
low,27.6310,16157.88,200,ok
high,43.8008,5.64,,error
low,43.8111,2.61,,error
medium,43.8179,3.24,,error
low,27.7727,16051.09,200,ok
medium,31.3835,12440.31,200,ok
low,28.6701,15154.16,200,ok
low,28.2273,15597.38,200,ok
high,43.8509,5.33,,error
medium,43.8534,3.20,,error
low,43.8545,2.39,,error
medium,36.9339,6924.33,429,shed
low,34.8815,8976.68,429,shed
low,32.6583,11204.93,429,shed
medium,36.4027,7461.53,429,shed
medium,43.8836,4.19,,error
low,43.8909,2.71,,error
high,43.9009,4.72,,error
medium,43.9030,2.93,,error
low,43.9039,2.33,,error
low,43.9103,4.16,,error
medium,43.9177,3.25,,error
low,43.9210,2.20,,error
low,43.9304,3.70,,error
medium,31.4178,12516.74,200,ok
high,36.4518,7488.58,429,shed
low,32.8311,11116.59,429,shed
medium,43.9529,2.72,,error
low,43.9539,2.03,,error
low,43.9605,3.54,,error
medium,43.9672,3.43,,error
low,43.9707,3.96,,error
low,43.9808,3.74,,error
medium,43.9846,2.91,,error
low,43.9907,3.26,,error
high,44.0011,4.63,,error
medium,44.0032,2.86,,error
low,44.0041,2.25,,error
low,44.0112,2.61,,error
high,37.0521,6965.15,429,shed
medium,30.8952,13127.84,200,ok
low,27.7740,16260.29,200,ok
medium,44.0343,2.52,,error
low,44.0403,2.19,,error
high,44.0507,4.12,,error
medium,44.0527,2.44,,error
low,44.0535,2.65,,error
low,44.0603,2.60,,error
low,34.4705,9599.20,429,shed
low,44.0704,3.83,,error
low,35.0822,8992.71,429,shed
medium,30.6517,13426.10,200,ok
medium,30.9523,13134.73,200,ok
low,36.4306,7671.44,429,shed
low,36.7109,7391.17,429,shed
medium,30.1669,13945.49,200,ok
low,28.2128,15899.68,200,ok
low,27.7779,16334.59,200,ok
medium,30.2669,13845.63,200,ok
low,36.1312,7997.51,429,shed
low,36.1810,7947.74,429,shed
low,35.4241,8704.66,429,shed
low,28.2207,15918.78,200,ok
medium,30.9862,13154.55,200,ok
high,34.3008,9839.89,429,shed
low,44.1609,3.77,,error
medium,44.1678,3.57,,error
low,44.1714,2.08,,error
low,44.1807,3.98,,error
medium,44.1847,2.84,,error
low,44.1907,2.92,,error
low,28.8435,15362.42,200,ok
low,44.2039,2.97,,error
high,44.2009,6.27,,error
low,36.9928,7216.04,429,shed
low,37.1922,7020.19,429,shed
low,44.2210,3.96,,error
low,44.2313,8.82,,error
low,28.2163,16026.54,200,ok
low,44.2402,5.96,,error
high,44.2507,9.08,,error
medium,44.2532,7.10,,error
low,44.2556,5.05,,error
low,44.2607,4.03,,error
medium,44.2669,3.36,,error
low,44.2703,2.69,,error
low,44.2823,5.33,,error
medium,44.2852,3.49,,error
high,35.6513,8639.33,429,shed
low,28.2196,16088.01,200,ok
low,44.3047,9.32,,error
high,44.3004,14.05,,error
low,44.3115,3.97,,error
medium,44.3176,3.94,,error
low,44.3216,49.77,,error
low,27.5915,16779.88,200,ok
low,28.2184,16152.97,200,ok
medium,30.3685,14002.94,200,ok
low,44.3539,23.40,,error
low,28.8903,15489.93,200,ok
low,28.9718,15408.73,200,ok
low,44.3718,11.52,,error
low,44.3732,10.52,,error
medium,44.3844,3.66,,error
low,44.3811,7.39,,error
medium,44.3784,10.37,,error
low,44.3909,3.60,,error
high,44.4007,5.59,,error
medium,44.4028,3.85,,error
low,44.4043,2.71,,error
low,29.0210,15395.58,200,ok
medium,44.4184,7.38,,error
low,44.4203,5.84,,error
medium,35.5675,8865.67,429,shed
medium,44.4344,3.26,,error
low,44.4408,3.80,,error
high,44.4507,5.05,,error
medium,44.4526,3.50,,error
low,44.4539,2.47,,error
low,29.0044,15454.36,200,ok
medium,31.1529,13314.09,200,ok
low,28.2262,16242.72,200,ok
low,28.2239,16245.53,200,ok
low,29.0410,15431.69,200,ok
low,29.0812,15392.66,200,ok
medium,31.2178,13286.55,200,ok
medium,37.6036,6901.36,429,shed
high,44.5003,6.52,,error
low,44.5108,3.90,,error
medium,44.5178,3.54,,error
low,44.5214,3.13,,error
low,44.5307,4.01,,error
medium,44.5348,1.87,,error
medium,31.0078,13529.44,200,ok
medium,30.8032,13735.44,200,ok
medium,44.5530,43.01,,error
low,44.5540,42.32,,error
high,30.9504,13648.50,200,ok
low,44.5911,15.51,,error
medium,44.5918,15.08,,error
medium,44.5924,14.77,,error
low,44.5968,10.74,,error
low,44.5877,20.05,,error
medium,33.2530,11355.83,200,ok
medium,44.6045,4.83,,error
high,44.6026,7.07,,error
low,44.6054,4.63,,error
medium,37.0057,7710.78,429,shed
low,36.5706,8145.96,429,shed
medium,44.7027,18.54,,error
medium,44.7047,16.86,,error
medium,44.7061,15.73,,error
low,44.7072,14.89,,error
low,44.7082,14.29,,error
low,44.7091,13.70,,error
low,44.7099,13.18,,error
low,44.7106,12.74,,error
low,44.7114,12.30,,error
low,44.7120,11.90,,error
low,44.7127,11.52,,error
high,44.7133,11.18,,error
high,44.7170,34.92,,error
medium,44.7180,34.37,,error
low,44.7188,33.97,,error
low,44.7195,33.54,,error
medium,44.7245,36.76,,error
low,44.7493,12.54,,error
medium,30.7337,14080.95,200,ok
medium,37.9605,6854.19,429,shed
medium,30.4028,14413.79,200,ok
low,28.5392,16293.57,200,ok
medium,37.9577,6875.10,429,shed
low,35.5804,9252.42,429,shed
medium,31.6587,13174.10,200,ok
low,36.9952,7837.66,429,shed
low,37.1106,7722.24,429,shed
medium,44.7737,60.46,,error
medium,44.7760,58.52,,error
high,44.7886,46.18,,error
medium,44.8280,11.07,,error
medium,44.8294,9.99,,error
medium,44.8301,9.59,,error
medium,44.8307,9.26,,error
high,44.8313,11.17,,error
low,44.8350,7.85,,error
low,44.8359,7.25,,error
medium,44.8378,6.17,,error
low,44.8449,3.15,,error
medium,44.8516,2.23,,error
low,44.8524,1.82,,error
high,44.8503,4.19,,error
low,44.8610,3.35,,error
medium,44.8674,3.44,,error
low,44.8709,4.81,,error
low,44.8803,3.25,,error
low,28.5239,16360.33,200,ok
low,35.9090,8978.66,429,shed
high,44.9010,4.46,,error
medium,44.9030,2.76,,error
low,44.9037,2.34,,error
low,28.5819,16327.83,200,ok
low,37.6607,7249.07,429,shed
low,44.9209,3.42,,error
low,44.9305,3.38,,error
medium,44.9339,2.12,,error
low,44.9418,3.17,,error
medium,44.9533,4.35,,error
low,44.9548,3.27,,error
high,44.9512,7.19,,error
medium,31.4531,13506.17,200,ok
low,28.3611,16601.22,200,ok
low,44.9708,3.89,,error
low,44.9808,3.75,,error
medium,44.9846,1.86,,error
medium,31.0736,13915.56,200,ok
low,28.6111,16378.06,200,ok
low,27.7773,17216.02,200,ok
low,27.7746,17219.41,200,ok
low,45.0102,2.38,,error
high,38.0529,6962.59,429,shed
high,37.9705,7046.16,429,shed
low,28.9606,16056.70,200,ok
low,27.7761,17247.77,200,ok
low,45.0405,3.02,,error
low,37.9818,7066.64,429,shed
low,37.9682,7080.82,429,shed
low,45.0532,3.16,,error
low,28.9105,16152.60,200,ok
low,37.9834,7082.89,429,shed
low,45.0702,4.33,,error
low,45.0807,3.02,,error
medium,45.0838,1.63,,error
low,38.0604,7026.19,429,shed
low,28.9811,16105.53,200,ok
medium,31.1044,13982.87,200,ok
low,27.8808,17226.25,200,ok
low,45.1107,2.17,,error
medium,38.1680,6945.55,429,shed
low,28.2179,16902.04,200,ok
low,45.1312,3.80,,error
medium,45.1350,3.53,,error
low,45.1406,2.86,,error
low,38.0812,7074.07,429,shed
high,31.2507,13904.99,200,ok
low,45.1537,3.76,,error
low,45.1611,2.47,,error
medium,45.1680,2.57,,error
low,45.1706,1.91,,error
medium,38.2345,6946.05,429,shed
medium,45.1839,1.98,,error
high,33.7506,11438.41,200,ok
low,27.9222,17271.44,200,ok
low,28.2141,16987.07,200,ok
high,45.2013,5.54,,error
medium,30.9669,14241.71,200,ok
low,37.4035,7805.97,429,shed
medium,31.3021,13910.24,200,ok
medium,45.2338,1.71,,error
low,45.2317,4.16,,error
low,45.2410,2.56,,error
high,45.2508,4.77,,error
medium,45.2527,3.15,,error
low,45.2536,2.62,,error
low,45.2606,3.39,,error
low,28.5233,16743.48,200,ok
low,27.9540,17318.72,200,ok
low,45.2806,3.29,,error
medium,37.6176,7668.34,429,shed
low,28.9310,16362.25,200,ok
high,45.3010,11.93,,error
medium,45.3036,13.59,,error
low,45.3067,11.05,,error
low,45.3130,5.13,,error
medium,45.3182,2.53,,error
low,29.1239,16198.88,200,ok
low,45.3309,3.95,,error
medium,45.3349,4.06,,error
low,45.3411,3.49,,error
high,45.3507,6.98,,error
medium,45.3527,5.35,,error
low,45.3541,4.32,,error
high,37.8011,7559.08,429,shed
low,28.2233,17136.84,200,ok
low,28.2190,17143.45,200,ok
medium,30.5337,14828.76,200,ok
low,28.2256,17136.85,200,ok
low,28.2245,17138.00,200,ok
high,30.6009,14785.49,200,ok
low,45.4077,4.74,,error
low,29.1308,16282.65,200,ok
high,45.4010,13.08,,error
low,45.4202,3.39,,error
medium,45.4184,5.57,,error
low,45.4312,7.64,,error
medium,45.4353,3.82,,error
low,45.4427,3.00,,error
medium,45.4540,5.33,,error
low,45.4560,3.75,,error
high,45.4514,8.71,,error
low,29.6202,15840.56,200,ok
medium,45.4670,3.45,,error
low,45.4705,3.11,,error
medium,31.6522,13831.39,200,ok
medium,38.5179,6968.44,429,shed
low,28.2228,17264.03,200,ok
medium,30.6027,14884.97,200,ok
low,28.6210,16866.72,200,ok
low,28.5715,16916.62,200,ok
low,45.5105,3.18,,error
medium,38.6617,6855.18,429,shed
medium,30.6344,14885.57,200,ok
high,37.9755,7554.15,429,shed
medium,38.5345,6996.00,429,shed
medium,30.7018,14830.67,200,ok
high,45.5513,7.54,,error
low,45.5555,4.20,,error
medium,45.5537,6.31,,error
low,37.5131,8050.40,429,shed
medium,38.7021,6866.15,429,shed
low,37.7412,7829.95,429,shed
low,45.5811,6.58,,error
medium,45.5836,4.43,,error
low,45.5911,2.13,,error
low,38.8600,6763.96,429,shed
low,38.2310,7392.99,429,shed
low,45.6225,2.45,,error
medium,45.6178,8.59,,error
medium,45.6233,3.41,,error
high,45.6005,26.55,,error
low,45.6313,124.28,,error
low,28.6406,17114.96,200,ok
high,31.1023,14655.37,200,ok
low,38.8606,6923.50,429,shed
high,30.6503,15133.83,200,ok
low,28.6907,17093.54,200,ok
high,30.8010,14983.24,200,ok
low,38.6650,7119.26,429,shed
low,38.3605,7423.77,429,shed
low,29.6403,16143.99,200,ok
medium,30.6677,15116.56,200,ok
low,28.7205,17063.82,200,ok
low,38.6808,7117.81,429,shed
medium,38.8624,6936.26,429,shed
low,38.8575,6941.17,429,shed
low,38.8531,6945.58,429,shed
medium,30.7675,15031.18,200,ok
medium,38.8641,6934.57,429,shed
low,45.7699,29.88,,error
low,45.7705,29.52,,error
low,45.7712,29.22,,error
low,45.7718,28.92,,error
low,45.7725,28.53,,error
low,45.7731,28.25,,error
low,45.7738,27.80,,error
low,45.7745,27.42,,error
high,45.7752,27.08,,error
high,45.7758,26.78,,error
high,45.7825,20.30,,error
medium,45.7862,21.37,,error
high,45.8040,5.78,,error
low,38.9607,6850.06,429,shed
medium,45.8053,11.38,,error
medium,45.8177,3.05,,error
low,45.8142,6.85,,error
low,45.8211,3.40,,error
low,38.9305,6898.67,429,shed
medium,45.8335,2.05,,error
low,45.8407,2.55,,error
medium,45.8528,4.06,,error
low,45.8541,3.07,,error
high,45.8506,8.30,,error
low,45.8610,3.57,,error
medium,45.8677,3.61,,error
low,45.8714,2.14,,error
low,29.2313,16652.04,200,ok
medium,45.8854,6.71,,error
low,45.8921,3.58,,error
high,45.9009,6.05,,error
medium,45.9034,3.82,,error
low,45.9047,2.92,,error
medium,32.4670,13443.19,200,ok
medium,45.9174,3.44,,error
low,45.9209,3.68,,error
low,45.9308,3.95,,error
medium,45.9348,2.75,,error
low,45.9407,4.03,,error
high,45.9509,4.41,,error
medium,45.9530,2.61,,error
low,45.9539,1.95,,error
high,30.9165,15041.33,200,ok
medium,45.9668,3.93,,error
low,45.9708,3.87,,error
low,45.9808,4.01,,error
medium,45.9849,2.95,,error
high,30.9027,15090.77,200,ok
high,32.5503,13444.42,200,ok
medium,34.6291,11365.65,200,ok
low,46.0036,3.46,,error
low,46.0107,4.02,,error
medium,46.0178,3.19,,error
low,46.0211,2.85,,error
medium,46.0338,2.98,,error
low,46.0311,6.01,,error
low,46.0403,2.28,,error
medium,32.6018,13453.26,200,ok
low,46.0543,1.71,,error
high,46.0520,5.54,,error
low,46.0607,3.96,,error
medium,46.0678,3.59,,error
low,46.0714,4.37,,error
low,46.0809,2.57,,error
medium,46.0835,1.44,,error
low,46.0912,3.50,,error
medium,46.1030,2.20,,error
low,46.1038,1.72,,error
high,46.1009,4.90,,error
low,46.1109,16.48,,error
low,46.1308,1.74,,error
low,46.1294,3.39,,error
medium,46.1275,5.63,,error
medium,46.1342,1.22,,error
low,46.1406,3.28,,error
high,46.1511,4.16,,error
medium,46.1531,2.38,,error
low,46.1539,1.89,,error
low,46.1610,4.78,,error
medium,46.1668,3.75,,error
low,46.1706,2.87,,error
low,46.1807,2.70,,error
medium,46.1845,3.16,,error
low,46.1908,2.47,,error
low,46.2035,2.77,,error
medium,46.2025,4.03,,error
high,46.2004,6.42,,error
low,46.2110,3.72,,error
medium,46.2168,2.12,,error
low,46.2211,3.02,,error
low,46.2302,3.33,,error
medium,46.2336,2.97,,error
low,46.2407,4.02,,error
high,46.2502,5.38,,error
low,46.2537,6.33,,error
medium,46.2527,7.66,,error
low,46.2604,1.92,,error
medium,46.2675,3.76,,error
low,46.2713,1.87,,error
low,46.2803,3.53,,error
medium,46.2839,2.73,,error
low,46.2908,3.50,,error
medium,46.3029,4.62,,error
low,46.3046,3.19,,error
high,46.3005,7.62,,error
low,46.3102,3.14,,error
medium,31.3670,14947.59,200,ok
low,46.3211,4.60,,error
medium,33.7671,12559.80,200,ok
low,38.6143,7723.05,429,shed
low,46.3403,3.84,,error
medium,46.3527,8.28,,error
high,46.3504,11.04,,error
low,46.3576,4.25,,error
high,38.6598,7735.38,429,shed
low,46.3619,34.42,,error
low,28.8106,17593.36,200,ok
medium,30.8972,15506.90,200,ok
low,46.4000,13.92,,error
medium,46.4027,11.57,,error
high,46.4078,9.54,,error
medium,46.4095,8.20,,error
low,46.4108,7.27,,error
low,46.4125,5.90,,error
medium,46.4184,2.22,,error
low,46.4207,2.87,,error
low,46.4307,3.60,,error
medium,46.4344,2.24,,error
low,46.4407,3.16,,error
medium,46.4534,4.35,,error
low,46.4550,3.13,,error
high,46.4511,10.57,,error
low,46.4617,3.05,,error
medium,46.4669,2.18,,error
low,46.4705,2.11,,error
medium,34.9841,11502.27,200,ok
low,46.4808,7.56,,error
low,46.4911,6.30,,error
low,29.4609,17046.92,200,ok
low,46.5053,4.61,,error
high,46.5009,9.42,,error
low,46.5104,2.15,,error
high,31.3506,15178.60,200,ok
medium,35.7524,10782.34,200,ok
medium,35.0148,11519.91,200,ok
low,29.2910,17243.76,200,ok
low,46.5403,2.30,,error
medium,37.7835,8765.88,200,ok
medium,46.5528,12.74,,error
low,46.5541,11.76,,error
low,46.5626,3.64,,error
low,29.3606,17209.70,200,ok
medium,46.5690,3.87,,error
low,46.5804,4.49,,error
medium,46.5850,2.56,,error
low,46.5909,2.43,,error
low,29.2205,17373.56,200,ok
medium,31.6539,14946.42,200,ok
low,46.6056,3.65,,error
low,46.6108,1.82,,error
medium,46.6175,3.12,,error
low,46.6206,1.71,,error
low,46.6312,4.64,,error
medium,46.6338,2.69,,error
low,46.6406,2.68,,error
high,46.6513,7.42,,error
medium,46.6546,4.49,,error
low,46.6564,3.03,,error
low,46.6615,2.43,,error
medium,46.6670,2.74,,error
medium,39.2684,7401.91,429,shed
low,46.6812,3.92,,error
high,34.2014,12485.99,200,ok
low,46.6907,2.88,,error
medium,46.7031,4.05,,error
low,46.7047,2.87,,error
high,46.7008,7.07,,error
low,46.7110,2.22,,error
medium,46.7174,2.36,,error
low,46.7209,2.01,,error
low,38.9803,7745.88,429,shed
medium,46.7335,2.23,,error
low,46.7409,3.05,,error
high,34.0002,12744.59,200,ok
low,39.2804,7477.00,429,shed
low,46.7561,2.39,,error
low,46.7612,2.53,,error
medium,46.7679,2.63,,error
low,46.7705,2.30,,error
low,39.3410,7432.75,429,shed
high,31.4011,15373.27,200,ok
low,40.0512,6738.36,429,shed
low,30.0152,16784.22,200,ok
high,39.7517,7047.74,429,shed
medium,37.3170,9491.08,200,ok
high,39.7008,7112.73,429,shed
medium,36.3544,10462.86,200,ok
low,46.8209,2.43,,error
medium,32.4525,14384.76,200,ok
medium,46.8344,3.50,,error
medium,40.2179,6622.05,429,shed
high,46.8509,7.25,,error
medium,46.8532,5.36,,error
low,46.8548,4.16,,error
low,46.8611,2.63,,error
medium,46.8678,3.51,,error
low,46.8714,3.32,,error
low,30.1057,16804.03,200,ok
medium,46.9062,9.47,,error
low,46.9070,8.94,,error
low,46.9077,8.59,,error
high,46.9083,8.27,,error
low,46.8812,35.67,,error
low,46.9137,5.87,,error
medium,39.7338,7186.62,429,shed
low,39.7407,7179.75,429,shed
medium,46.9170,5.00,,error
low,39.7111,7212.09,429,shed
low,40.0812,6845.15,429,shed
medium,38.8653,8286.11,429,shed
low,40.1425,7008.98,429,shed
medium,38.3669,8784.55,429,shed
medium,36.8170,10334.47,200,ok
medium,36.5846,10566.92,200,ok
low,40.0492,7102.36,429,shed
low,39.9306,7220.97,429,shed
low,40.0524,7099.16,429,shed
high,31.5512,15600.38,200,ok
low,39.7538,7397.87,429,shed
high,31.5009,15650.75,200,ok
low,40.0504,7124.15,429,shed
low,40.0733,7101.31,429,shed
medium,31.5338,15650.35,200,ok
medium,35.9539,11230.24,200,ok
medium,35.8524,11331.78,200,ok
low,30.2995,16884.72,200,ok
low,47.1469,38.26,,error
high,47.1043,81.22,,error
low,47.1576,28.60,,error
low,47.1583,28.24,,error
low,47.1589,27.91,,error
low,47.1597,27.38,,error
low,47.1604,26.97,,error
low,47.1610,26.66,,error
low,47.1651,22.84,,error
low,47.1666,21.67,,error
low,47.1672,21.31,,error
medium,47.1678,20.98,,error
medium,47.1684,20.66,,error
medium,47.1690,20.37,,error
medium,47.1696,20.07,,error
medium,47.1703,19.62,,error
medium,47.1709,19.34,,error
medium,47.1715,19.03,,error
medium,47.1721,18.74,,error
high,47.1727,19.33,,error
high,47.1733,19.09,,error
high,47.1738,18.81,,error
low,47.1816,14.01,,error
medium,47.1834,12.57,,error
low,47.1828,13.51,,error
low,47.1928,8.25,,error
medium,47.1941,7.28,,error
low,47.1973,4.44,,error
medium,47.2026,2.89,,error
low,47.2032,2.58,,error
high,47.2017,4.34,,error
low,47.2105,2.14,,error
medium,47.2178,2.88,,error
low,47.2207,3.86,,error
high,35.6004,11633.65,200,ok
medium,47.2342,2.54,,error
low,39.3704,7869.62,429,shed
medium,36.1178,11124.16,200,ok
medium,47.2526,4.55,,error
low,47.2534,4.05,,error
low,47.2609,3.71,,error
medium,47.2678,3.11,,error
low,47.2709,2.55,,error
medium,38.6674,8609.94,429,shed
medium,47.2835,1.97,,error
low,47.2905,2.42,,error
medium,36.3178,10981.51,200,ok
medium,40.5545,6750.68,429,shed
medium,47.3022,3.62,,error
low,47.3104,2.71,,error
medium,47.3173,2.29,,error
low,47.3206,2.31,,error
low,47.3312,3.15,,error
medium,47.3343,2.17,,error
low,47.3407,2.73,,error
low,29.9440,17410.92,200,ok
low,47.3534,2.68,,error
high,47.3506,7.02,,error
medium,38.8636,8499.85,429,shed
medium,47.3677,3.53,,error
low,47.3712,1.96,,error
low,39.4404,7936.81,429,shed
medium,31.4671,15910.78,200,ok
low,30.2203,17158.35,200,ok
low,29.2603,18119.10,200,ok
low,29.4304,17949.00,200,ok
low,29.2806,18101.80,200,ok
low,29.3308,18052.14,200,ok
medium,40.3278,7088.46,429,shed
medium,47.4168,11.78,,error
low,47.4307,3.55,,error
medium,47.4344,2.38,,error
low,40.5520,6887.31,429,shed
medium,34.2028,13238.91,200,ok
low,28.8707,18573.50,200,ok
low,27.8108,19635.50,200,ok
low,28.7701,18676.26,200,ok
medium,36.9979,10448.51,200,ok
low,28.2802,19166.18,200,ok
medium,40.3537,7093.73,429,shed
low,30.3206,17152.37,200,ok
medium,35.4678,12005.84,200,ok
low,30.3544,17123.41,200,ok
medium,40.5529,6927.14,429,shed
medium,40.5760,6904.85,429,shed
medium,40.3675,7174.78,429,shed
high,35.8504,11691.87,200,ok
medium,40.5743,6968.03,429,shed
low,29.9648,17577.57,200,ok
low,28.9083,18634.01,200,ok
medium,35.1024,12439.93,200,ok
medium,35.6027,11941.38,200,ok
medium,35.0619,12484.91,200,ok
medium,39.6027,7944.08,429,shed
low,47.5607,1.73,,error
medium,47.5679,4.78,,error
low,47.5703,6.51,,error
low,47.5810,2.83,,error
medium,47.5838,2.05,,error
low,47.5911,5.94,,error
low,28.9915,18609.49,200,ok
medium,39.5339,8072.70,429,shed
low,47.6054,2.49,,error
medium,39.5827,8037.92,429,shed
medium,37.5836,10053.61,200,ok
low,47.6207,19.03,,error
low,47.6304,10.11,,error
medium,47.6344,6.52,,error
high,32.7514,14892.44,200,ok
low,28.7113,18937.56,200,ok
low,47.6555,2.60,,error
low,47.6412,17.82,,error
low,47.6634,2.26,,error
low,47.6829,10.81,,error
medium,47.6871,6.88,,error
low,47.6905,4.10,,error
low,47.6703,24.62,,error
medium,47.6677,27.51,,error
medium,40.5905,7116.54,429,shed
low,29.7023,18005.97,200,ok
medium,39.7176,7997.33,429,shed
medium,38.0174,9697.50,200,ok
high,35.5004,12214.48,200,ok
low,47.7204,2.34,,error
low,47.7309,5.88,,error
medium,47.7338,3.77,,error
low,47.7407,3.29,,error
high,47.7513,108.46,,error
medium,47.7537,106.45,,error
low,47.7576,102.84,,error
medium,35.4339,12440.51,200,ok
medium,39.7531,8121.32,429,shed
high,36.0011,11873.30,200,ok
medium,40.6039,7270.52,429,shed
medium,36.1030,11771.41,200,ok
high,36.1505,11724.01,200,ok
medium,37.1173,10757.22,200,ok
medium,37.0544,10820.13,200,ok
low,29.8132,18061.35,200,ok
medium,40.6533,7221.25,429,shed
low,29.7602,18114.34,200,ok
medium,40.2189,7657.05,429,shed
medium,37.5196,10362.15,200,ok
medium,40.5918,7290.05,429,shed
low,39.2407,8641.16,429,shed
medium,40.7169,7164.93,429,shed
low,30.3716,17510.24,200,ok
medium,37.1845,10697.33,200,ok
medium,40.6678,7222.46,429,shed
low,29.7906,18099.64,200,ok
low,29.7412,18149.09,200,ok
medium,47.8838,91.05,,error
low,47.8616,114.01,,error
low,30.3406,17652.27,200,ok
medium,40.7859,7207.02,429,shed
medium,36.4345,11558.46,200,ok
low,30.2607,17732.32,200,ok
low,39.5935,8399.50,429,shed
medium,40.0716,7921.38,429,shed
low,47.8950,99.94,,error
low,30.4407,17561.27,200,ok
low,47.9872,18.88,,error
low,47.9878,18.60,,error
low,47.9884,18.29,,error
low,47.9890,17.99,,error
low,47.9895,17.72,,error
low,47.9901,17.42,,error
low,47.9907,17.12,,error
low,47.9914,17.08,,error
low,47.9983,16.21,,error
high,48.0030,11.85,,error
medium,48.0040,11.08,,error
low,48.0047,10.71,,error
medium,47.9989,16.88,,error
low,47.9970,20.89,,error
low,48.0162,3.31,,error
medium,48.0179,1.84,,error
low,48.0209,2.40,,error
low,48.0305,4.49,,error
low,29.9423,18095.39,200,ok
low,29.7703,18267.40,200,ok
medium,48.0350,3.02,,error
high,40.4009,7647.15,429,shed
medium,40.3377,7710.85,429,shed
low,29.8036,18257.37,200,ok
low,39.6807,8380.28,429,shed
low,29.8428,18218.26,200,ok
low,48.0810,3.04,,error
medium,48.0840,2.74,,error
low,40.0471,8058.74,429,shed
low,29.9446,18181.42,200,ok
low,38.8544,9271.64,429,shed
medium,31.5029,16623.14,200,ok
low,48.1231,5.09,,error
low,48.1245,4.01,,error
medium,48.1252,3.56,,error
low,48.1306,3.04,,error
medium,48.1336,2.92,,error
low,40.2371,7902.02,429,shed
low,29.9903,18149.39,200,ok
high,40.8507,7293.84,429,shed
medium,40.6272,7528.83,429,shed
low,48.1603,2.55,,error
medium,48.1670,3.27,,error
low,48.1703,2.41,,error
medium,48.1835,2.96,,error
low,48.1809,5.83,,error
low,48.1909,2.90,,error
medium,48.2060,7.09,,error
low,48.2076,6.13,,error
high,48.2033,10.94,,error
low,48.2143,2.27,,error
low,40.7132,7507.03,429,shed
medium,40.9026,7318.18,429,shed
medium,37.7173,10503.94,200,ok
low,48.2312,5.71,,error
low,48.2412,4.52,,error
low,30.0226,18232.46,200,ok
low,30.4807,17775.34,200,ok
high,48.2522,4.71,,error
low,48.2611,2.50,,error
medium,48.2677,3.14,,error
low,48.2709,1.86,,error
low,48.2809,3.57,,error
medium,40.7341,7550.88,429,shed
low,48.2912,2.90,,error
high,48.3003,5.79,,error
medium,48.3022,4.20,,error
low,48.3030,3.70,,error
low,48.3108,3.01,,error
medium,48.3170,2.74,,error
low,48.3208,2.69,,error
medium,31.6534,16671.67,200,ok
low,48.3312,5.80,,error
low,48.3406,4.13,,error
medium,40.8028,7542.74,429,shed
medium,40.8525,7495.83,429,shed
high,37.6013,10747.61,200,ok
low,48.3610,3.65,,error
medium,48.3678,2.86,,error
low,48.3707,1.84,,error
low,48.3807,2.95,,error
medium,48.3837,1.84,,error
low,48.3906,4.13,,error
high,48.4010,5.57,,error
medium,48.4033,3.56,,error
low,48.4043,2.90,,error
medium,35.7023,12710.65,200,ok
medium,48.4178,3.73,,error
low,48.4216,3.00,,error
medium,37.7021,10727.19,200,ok
low,39.5922,8840.99,429,shed
low,29.9464,18490.34,200,ok
high,48.4510,9.79,,error
medium,48.4531,8.29,,error
low,48.4578,5.59,,error
low,48.4615,2.24,,error
medium,48.4678,3.71,,error
low,48.4716,5.21,,error
low,48.4809,2.69,,error
medium,48.4836,2.87,,error
low,48.4906,4.07,,error
high,48.5009,4.01,,error
medium,48.5029,2.33,,error
low,48.5036,1.88,,error
low,48.5106,4.04,,error
medium,48.5178,2.81,,error
low,48.5206,2.19,,error
low,48.5310,3.83,,error
medium,48.5349,2.64,,error
low,48.5406,2.20,,error
high,48.5510,5.54,,error
medium,48.5531,4.76,,error
low,48.5539,4.19,,error
low,48.5603,2.25,,error
medium,48.5677,2.95,,error
low,48.5706,2.89,,error
low,48.5807,4.04,,error
medium,48.5847,1.82,,error
low,48.5907,2.88,,error
medium,36.2671,12333.27,200,ok
medium,38.0545,10549.29,200,ok
high,48.6010,4.42,,error
low,48.6110,3.67,,error
medium,48.6178,2.93,,error
low,48.6207,3.31,,error
medium,48.6335,9.57,,error
low,48.6410,2.51,,error
low,48.6313,12.56,,error
medium,48.6546,2.94,,error
low,48.6560,1.82,,error
high,48.6513,6.87,,error
high,31.6580,17004.03,200,ok
medium,48.6671,5.62,,error
low,48.6703,2.71,,error
low,48.6812,2.65,,error
low,48.6903,8.82,,error
medium,48.6838,15.61,,error
medium,40.5753,8128.92,429,shed
low,48.7027,5.32,,error
high,48.7006,7.74,,error
low,48.7108,2.76,,error
medium,48.7177,2.88,,error
low,48.7206,1.42,,error
low,48.7306,3.83,,error
medium,48.7345,3.10,,error
high,36.6003,12138.99,200,ok
medium,40.7040,8035.26,429,shed
medium,40.7521,7987.15,429,shed
low,30.3807,18375.07,200,ok
low,30.4037,18417.67,200,ok
low,30.4307,18407.69,200,ok
high,40.9007,7937.69,429,shed
low,40.2200,8618.49,429,shed
medium,40.7669,8071.57,429,shed
low,40.2209,8617.58,429,shed
medium,40.8836,7957.58,429,shed
low,48.8350,9.67,,error
low,48.8356,9.40,,error
low,48.8362,9.13,,error
low,48.8368,8.83,,error
high,48.8377,8.24,,error
low,48.8399,6.33,,error
medium,48.8406,5.95,,error
low,48.8415,5.25,,error
high,48.8528,6.99,,error
medium,48.8551,5.11,,error
low,48.8568,3.80,,error
low,48.8606,2.04,,error
medium,41.1672,7700.48,429,shed
low,40.3452,8524.54,429,shed
low,40.3604,8509.27,429,shed
low,40.5413,8329.71,429,shed
low,40.2809,8590.10,429,shed
high,40.9504,7924.52,429,shed
low,40.7706,8128.16,429,shed
low,30.6309,18276.91,200,ok
medium,37.9599,10950.05,200,ok
low,30.3305,18579.41,200,ok
high,40.8007,8109.21,429,shed
medium,41.2527,7661.92,429,shed
medium,38.5873,10335.80,200,ok
low,40.5469,8418.07,429,shed
low,40.8122,8152.87,429,shed
low,40.6285,8336.54,429,shed
low,41.2313,7733.80,429,shed
low,40.5788,8386.31,429,shed
medium,38.3520,10613.11,200,ok
medium,40.8180,8159.69,429,shed
medium,41.2680,7709.75,429,shed
medium,36.6611,12316.62,200,ok
medium,36.9037,12074.04,200,ok
low,30.4203,18557.50,200,ok
low,40.4035,8574.29,429,shed
low,40.0498,8928.03,429,shed
low,40.8074,8170.45,429,shed
medium,40.9677,8010.13,429,shed
medium,41.2928,7697.05,429,shed
low,30.4905,18499.34,200,ok
medium,37.1023,11888.01,200,ok
low,49.0406,3.01,,error
medium,40.9177,8138.18,429,shed
low,40.1382,8917.74,429,shed
medium,37.9768,11081.34,200,ok
high,36.9024,12155.83,200,ok
low,40.5794,8478.80,429,shed
medium,40.8336,8224.62,429,shed
low,40.2384,8820.77,429,shed
low,30.5403,18530.11,200,ok
low,49.0912,4.60,,error
low,30.5530,18544.63,200,ok
high,38.0005,11097.18,200,ok
low,30.5704,18527.33,200,ok
low,30.5307,18566.98,200,ok
low,30.5831,18521.52,200,ok
high,41.2512,7854.58,429,shed
low,49.1312,5.41,,error
medium,49.1335,3.46,,error
low,40.9104,8232.19,429,shed
low,40.9312,8215.06,429,shed
low,40.5499,8599.76,429,shed
medium,41.4524,7706.19,429,shed
low,49.1542,5.83,,error
low,41.2867,7873.34,429,shed
low,40.3545,8819.66,429,shed
medium,32.8344,16339.85,200,ok
low,40.6541,8526.65,429,shed
low,40.8533,8329.43,429,shed
low,40.5970,8586.51,429,shed
low,40.5812,8604.09,429,shed
low,41.4308,7762.60,429,shed
high,41.5009,7693.10,429,shed
medium,38.0673,11129.09,200,ok
low,49.2202,2.43,,error
low,41.4812,7754.03,429,shed
low,49.2309,4.87,,error
low,49.2404,3.39,,error
low,40.8612,8396.97,429,shed
low,40.5456,8713.30,429,shed
high,49.2515,8.16,,error
medium,38.0835,11176.58,200,ok
low,40.9215,8338.60,429,shed
medium,49.2538,6.63,,error
low,49.2554,5.34,,error
low,30.4704,18807.37,200,ok
low,30.5203,18758.34,200,ok
low,30.7104,18568.82,200,ok
low,30.4536,18826.01,200,ok
low,41.4047,7968.79,429,shed
low,30.6525,18721.09,200,ok
low,30.6709,18702.70,200,ok
medium,40.9335,8445.69,429,shed
high,37.0045,12374.69,200,ok
medium,37.8175,11562.33,200,ok
medium,49.3717,14.72,,error
high,49.3723,14.43,,error
high,49.3729,14.15,,error
low,49.3765,10.84,,error
low,49.3775,10.16,,error
medium,49.3782,9.76,,error
low,49.3805,11.79,,error
low,49.3665,26.18,,error
medium,49.3847,8.62,,error
low,49.3934,3.21,,error
high,49.4008,5.90,,error
low,49.4035,3.95,,error
medium,49.4027,5.07,,error
low,49.4109,2.70,,error
medium,49.4177,3.01,,error
low,49.4208,2.11,,error
medium,36.9971,12437.04,200,ok
low,49.4311,5.71,,error
low,49.4403,4.46,,error
medium,38.2845,11163.40,200,ok
low,49.4534,5.67,,error
medium,49.4553,4.11,,error
low,49.4609,3.86,,error
medium,49.4679,3.68,,error
low,49.4716,2.96,,error
low,39.7209,9759.76,429,shed
medium,49.4836,3.02,,error
low,49.4908,3.62,,error
high,49.5006,6.09,,error
medium,49.5028,4.30,,error
low,49.5036,3.81,,error
low,30.6105,18897.71,200,ok
low,30.7310,18778.99,200,ok
low,49.5204,4.52,,error
low,30.8204,18707.22,200,ok
low,30.7026,18825.63,200,ok
low,30.7536,18775.02,200,ok
high,37.1007,12428.91,200,ok
low,49.5538,2.64,,error
high,49.5505,6.27,,error
low,49.5603,2.71,,error
medium,49.5672,4.19,,error
low,49.5714,1.86,,error
low,49.5804,3.33,,error
medium,49.5838,2.96,,error
low,49.5909,4.95,,error
medium,39.2034,10404.19,200,ok
high,49.6006,7.32,,error
medium,49.6028,5.55,,error
low,49.6038,4.83,,error
medium,39.3534,10261.37,200,ok
low,40.6045,9049.10,429,shed
low,40.5778,9075.85,429,shed
medium,39.2519,10401.83,200,ok
medium,39.2839,10405.13,200,ok
medium,39.4171,10274.47,200,ok
low,30.6607,19037.52,200,ok
medium,38.8647,10833.52,200,ok
low,30.7707,18927.55,200,ok
high,39.2502,10448.07,200,ok
medium,37.2675,12430.74,200,ok
low,49.6957,13.83,,error
medium,49.6965,13.30,,error
medium,49.6972,12.92,,error
high,49.7024,8.00,,error
medium,49.7039,6.78,,error
low,49.7047,6.28,,error
low,49.7114,2.61,,error
medium,49.7175,1.91,,error
low,49.7205,1.52,,error
low,30.7911,18939.23,200,ok
medium,49.7337,1.96,,error
low,49.7408,2.81,,error
medium,49.7534,3.51,,error
low,49.7550,2.26,,error
high,49.7514,6.16,,error
low,40.6112,9147.57,429,shed
medium,41.0024,8756.35,429,shed
low,40.7326,9026.24,429,shed
low,49.7811,2.83,,error
medium,49.7839,2.10,,error
medium,36.0173,13769.80,200,ok
high,49.8009,5.00,,error
medium,49.8030,3.24,,error
low,49.8045,1.99,,error
low,31.3413,18471.18,200,ok
low,31.4038,18410.40,200,ok
low,49.8208,3.16,,error
low,49.8312,3.71,,error
medium,49.8349,1.54,,error
low,49.8406,2.25,,error
low,40.8708,8984.30,429,shed
medium,41.7037,8154.17,429,shed
low,40.8807,8977.23,429,shed
low,40.8304,9027.51,429,shed
low,40.7603,9097.62,429,shed
medium,49.8536,4.74,,error
low,49.8544,4.29,,error
medium,37.9592,11900.80,200,ok
low,49.8905,2.81,,error
medium,49.9034,2.32,,error
low,49.9043,1.69,,error
high,49.9014,5.00,,error
low,49.9105,2.42,,error
medium,49.9171,2.49,,error
low,49.9207,1.73,,error
low,40.9908,8936.06,429,shed
low,40.9528,8974.90,429,shed
low,41.7458,8187.89,429,shed
high,49.9506,4.88,,error
medium,49.9526,3.16,,error
low,49.9535,2.58,,error
low,49.9603,3.10,,error
medium,49.9675,2.36,,error
low,49.9710,1.58,,error
low,49.9808,3.15,,error
medium,49.9839,1.47,,error
low,49.9906,3.04,,error
low,50.0040,2.60,,error
medium,50.0032,3.71,,error
high,50.0011,6.04,,error
low,50.0103,2.82,,error
low,30.5041,19516.59,200,ok
low,50.0209,1.95,,error
low,50.0303,3.47,,error
medium,50.0339,2.54,,error
low,50.0405,2.11,,error
high,50.0509,5.23,,error
medium,50.0531,3.38,,error
low,50.0543,2.50,,error
low,50.0609,3.07,,error
medium,50.0672,2.43,,error
high,38.7007,11369.93,200,ok
low,50.0806,4.02,,error
low,30.9159,19171.20,200,ok
low,30.8310,19257.48,200,ok
medium,39.3354,10754.69,200,ok
medium,50.1030,3.26,,error
low,50.1042,2.38,,error
low,50.1104,2.46,,error
medium,50.1170,2.70,,error
low,50.1208,1.74,,error
low,50.1304,4.02,,error
medium,50.1345,2.17,,error
low,50.1408,2.66,,error
low,30.8047,19341.55,200,ok
low,50.1541,2.32,,error
high,50.1504,6.31,,error
low,50.1603,2.32,,error
medium,50.1677,2.82,,error
low,50.1706,2.06,,error
medium,38.6838,11489.64,200,ok
low,31.6601,18513.92,200,ok
low,31.0212,19154.48,200,ok
medium,39.5617,10617.82,200,ok
medium,50.2032,5.11,,error
low,50.2050,3.65,,error
low,41.1306,9079.33,429,shed
medium,41.4678,8748.82,429,shed
medium,37.9889,12227.79,200,ok
high,35.9516,14265.11,200,ok
low,41.0213,9195.37,429,shed
medium,37.6684,12554.18,200,ok
low,30.9021,19334.14,200,ok
medium,50.2532,4.80,,error
low,50.2542,4.70,,error
low,50.2610,1.65,,error
medium,35.1682,15095.27,200,ok
low,50.2703,1.90,,error
low,30.9702,19312.61,200,ok
medium,50.2846,1.95,,error
low,50.2907,4.04,,error
low,30.5909,19708.17,200,ok
low,30.5615,19739.21,200,ok
high,50.3008,5.20,,error
low,50.3114,2.84,,error
medium,50.3190,3.46,,error
low,50.3224,2.28,,error
medium,37.8670,12459.89,200,ok
medium,50.3336,2.32,,error
medium,36.0030,14340.66,200,ok
low,41.3209,9025.09,429,shed
low,41.2539,9092.07,429,shed
low,41.2885,9057.49,429,shed
low,50.3612,2.79,,error
medium,50.3675,2.22,,error
low,50.3704,6.62,,error
low,30.6415,19737.26,200,ok
medium,50.3836,4.12,,error
low,31.0930,19299.98,200,ok
low,31.0085,19384.53,200,ok
low,31.6914,18704.16,200,ok
medium,38.8630,11533.08,200,ok
low,30.9847,19421.81,200,ok
low,31.0727,19333.90,200,ok
low,31.1617,19245.63,200,ok
medium,39.6843,10731.44,200,ok
low,31.7665,18652.71,200,ok
high,39.2010,11218.69,200,ok
high,42.0003,8433.90,429,shed
low,50.4550,1.70,,error
high,50.4521,4.89,,error
low,50.4604,2.37,,error
medium,39.4684,10995.53,200,ok
low,30.6806,19784.48,200,ok
high,38.8612,11604.23,200,ok
medium,50.4835,1.60,,error
low,50.4902,2.45,,error
medium,39.3669,11138.74,200,ok
high,38.8691,11636.49,200,ok
medium,39.0669,11440.45,200,ok
low,50.5035,4.17,,error
medium,50.5172,3.45,,error
low,50.5207,1.97,,error
low,31.0116,19519.45,200,ok
low,30.9312,19604.66,200,ok
low,31.2310,19305.85,200,ok
low,31.0698,19468.91,200,ok
low,30.9208,19618.31,200,ok
low,30.7404,19803.50,200,ok
low,30.9010,19645.02,200,ok
medium,50.5669,2.39,,error
low,31.5037,19071.93,200,ok
low,50.5716,4.41,,error
high,42.2020,8376.72,429,shed
low,50.5909,2.17,,error
high,50.6003,5.03,,error
medium,50.6022,3.39,,error
low,50.6030,2.92,,error
low,50.6110,2.35,,error
medium,50.6175,2.16,,error
medium,42.2182,8404.82,429,shed
medium,40.8669,9762.47,429,shed
medium,50.6339,1.90,,error
low,31.2056,19431.29,200,ok
high,50.6505,4.72,,error
medium,50.6525,3.03,,error
low,50.6538,1.95,,error
low,50.6609,2.06,,error
medium,50.6671,3.44,,error
low,50.6706,2.91,,error
low,50.6807,2.71,,error
medium,50.6834,3.09,,error
medium,42.1446,8545.99,429,shed
low,31.2211,19472.63,200,ok
low,31.1904,19506.42,200,ok
low,31.1426,19554.18,200,ok
low,31.2102,19486.63,200,ok
medium,50.7172,5.89,,error
low,50.7231,2.79,,error
low,31.1054,19630.55,200,ok
low,50.7311,12.89,,error
low,50.7415,4.52,,error
medium,50.7540,15.34,,error
low,50.7549,14.82,,error
high,50.7512,18.82,,error
low,50.7701,8.68,,error
medium,50.7715,7.61,,error
low,50.7750,4.33,,error
low,50.7805,3.11,,error
medium,50.7837,1.90,,error
low,50.7908,3.00,,error
high,50.8010,4.66,,error
medium,50.8032,2.79,,error
low,50.8043,5.56,,error
low,50.8110,2.63,,error
low,50.8224,3.45,,error
medium,50.8203,5.92,,error
low,50.8306,3.76,,error
low,31.3110,19525.44,200,ok
low,31.1708,19666.55,200,ok
medium,42.3679,8469.81,429,shed
low,31.4112,19439.29,200,ok
medium,42.4677,8386.62,429,shed
low,50.8602,4.61,,error
medium,50.8669,3.80,,error
low,42.4714,8401.65,429,shed
medium,50.8835,2.22,,error
low,50.8812,4.81,,error
medium,36.8336,14053.00,200,ok
high,50.9010,4.57,,error
medium,50.9030,2.80,,error
low,50.9038,2.32,,error
medium,40.2396,10674.26,200,ok
medium,50.9178,3.44,,error
low,50.9212,2.25,,error
low,50.9307,3.89,,error
medium,50.9346,2.92,,error
low,50.9407,2.95,,error
medium,39.6674,11280.96,200,ok
medium,50.9525,3.64,,error
low,50.9535,2.96,,error
low,50.9610,4.86,,error
medium,50.9670,2.57,,error
low,50.9707,2.99,,error
high,42.5509,8433.09,429,shed
medium,50.9840,3.80,,error
low,50.9906,3.01,,error
high,51.0008,5.74,,error
medium,51.0029,3.99,,error
low,51.0041,3.08,,error
low,51.0106,4.08,,error
medium,51.0170,3.62,,error
low,51.0207,2.81,,error
low,51.0307,3.92,,error
medium,51.0346,2.85,,error
low,51.0406,3.64,,error
medium,51.0526,2.94,,error
high,51.0505,5.45,,error
low,51.0537,2.62,,error
low,31.2702,19790.16,200,ok
medium,51.0675,3.26,,error
low,51.0708,1.92,,error
medium,51.0836,1.99,,error
low,51.0810,4.94,,error
low,51.0911,3.57,,error
high,51.1008,5.76,,error
medium,51.1029,4.01,,error
low,51.1039,3.35,,error
low,31.2910,19822.27,200,ok
medium,51.1178,3.05,,error
low,51.1208,2.66,,error
low,51.1307,3.89,,error
medium,51.1346,2.89,,error
low,51.1406,4.00,,error
low,51.1537,2.86,,error
high,51.1508,6.04,,error
medium,51.1529,4.32,,error
low,51.1603,2.22,,error
medium,39.7029,11464.53,200,ok
low,51.1711,3.47,,error
low,51.1807,2.86,,error
medium,51.1836,1.83,,error
medium,38.6135,12579.51,200,ok
low,31.3311,19862.50,200,ok
low,51.2035,2.35,,error
high,51.2006,5.49,,error
low,31.3030,19903.99,200,ok
medium,51.2172,3.46,,error
low,31.6809,19542.18,200,ok
low,51.2308,3.89,,error
medium,51.2347,2.77,,error
low,51.2406,2.90,,error
medium,51.2526,3.97,,error
low,51.2533,3.52,,error
high,51.2507,6.49,,error
medium,38.9670,12292.75,200,ok
medium,51.2678,2.84,,error
low,51.2706,1.95,,error
low,51.2808,3.76,,error
medium,51.2846,2.96,,error
low,51.2906,3.94,,error
low,31.6432,19656.88,200,ok
low,30.6906,20615.17,200,ok
low,30.9004,20405.48,200,ok
low,51.3109,2.69,,error
medium,51.3177,2.91,,error
low,51.3207,1.97,,error
low,31.3533,19969.79,200,ok
high,38.8618,12471.27,200,ok
low,51.3406,4.09,,error
medium,40.5718,10918.59,200,ok
medium,42.2759,9214.45,429,shed
low,42.0547,9435.67,429,shed
low,31.7685,19721.95,200,ok
medium,39.1033,12387.14,200,ok
medium,42.7841,8706.35,429,shed
low,42.1239,9366.57,429,shed
low,42.2644,9226.07,429,shed
low,42.2914,9199.16,429,shed
low,32.7041,18786.43,200,ok
low,42.2045,9286.00,429,shed
low,42.7408,8749.75,429,shed
high,51.3509,140.01,,error
medium,51.3529,138.31,,error
low,51.3539,137.69,,error
high,42.3012,9195.77,429,shed
low,31.7650,19732.07,200,ok
high,39.3509,12149.64,200,ok
low,32.8241,18676.48,200,ok
low,51.4838,17.15,,error
medium,51.4880,13.23,,error
high,51.4894,12.20,,error
low,51.4944,7.46,,error
low,51.4956,6.55,,error
medium,51.4963,6.14,,error
medium,51.4874,15.27,,error
high,51.4888,14.23,,error
medium,51.4850,18.29,,error
low,31.6475,19862.22,200,ok
low,31.6593,19850.38,200,ok
low,51.5101,1.68,,error
low,31.3605,20159.30,200,ok
low,32.4704,19052.54,200,ok
medium,51.5354,2.10,,error
low,51.5332,4.62,,error
low,33.5417,17997.22,200,ok
low,32.6030,18935.85,200,ok
low,31.3907,20155.65,200,ok
medium,42.7678,8781.45,429,shed
high,39.5594,12001.22,200,ok
medium,39.5175,12045.05,200,ok
low,51.5711,2.45,,error
medium,41.0186,10560.92,429,shed
medium,51.5835,3.07,,error
low,51.5907,2.85,,error
medium,51.6028,2.81,,error
high,51.6008,6.14,,error
low,51.6037,3.57,,error
medium,41.0835,10525.89,429,shed
medium,51.6178,2.93,,error
low,51.6208,2.75,,error
medium,41.1172,10517.68,429,shed
high,35.7007,15934.25,200,ok
low,51.6307,4.64,,error
low,31.4307,20207.27,200,ok
low,51.6557,2.36,,error
high,51.6503,12.80,,error
low,51.6612,2.52,,error
low,43.0327,8638.10,429,shed
low,51.6708,2.76,,error
low,31.4406,20244.32,200,ok
low,31.4203,20264.66,200,ok
medium,39.9026,11782.40,200,ok
low,31.4612,20223.74,200,ok
medium,41.9678,9726.50,429,shed
medium,42.0341,9661.30,429,shed
medium,42.9679,8737.06,429,shed
high,40.2134,11492.21,200,ok
low,51.7211,2.18,,error
high,40.2117,11512.26,200,ok
medium,43.0348,8694.64,429,shed
low,51.7405,2.58,,error
medium,43.3026,8444.84,429,shed
low,51.7535,2.32,,error
high,51.7507,5.52,,error
low,51.7607,2.95,,error
medium,51.7678,3.51,,error
low,51.7713,1.77,,error
low,38.6303,13146.65,429,shed
medium,43.3673,8410.60,429,shed
medium,40.3291,11449.37,200,ok
medium,38.6340,13155.79,200,ok
high,51.8003,5.98,,error
low,51.8038,2.84,,error
low,51.8104,2.91,,error
medium,51.8172,2.92,,error
low,51.8202,1.97,,error
low,51.8303,3.09,,error
medium,51.8335,2.02,,error
low,51.8407,3.48,,error
low,42.7606,9096.91,429,shed
low,51.8542,4.57,,error
high,51.8504,9.10,,error
low,43.3105,8549.49,429,shed
medium,51.8673,3.04,,error
low,51.8704,2.18,,error
low,33.8404,18033.65,200,ok
low,51.8812,6.82,,error
medium,39.5942,12295.13,200,ok
medium,51.9028,3.70,,error
low,51.9036,3.27,,error
high,51.9008,6.35,,error
medium,43.4178,8491.16,429,shed
medium,40.9522,10963.64,200,ok
low,43.3209,8599.59,429,shed
low,51.9307,2.88,,error
medium,51.9336,2.01,,error
medium,41.9779,9965.60,429,shed
low,27.5408,24403.39,200,ok
medium,35.9033,16041.35,200,ok
low,51.9543,6.22,,error
low,51.9607,2.38,,error
medium,43.5954,8382.83,429,shed
high,35.7510,16227.28,200,ok
medium,41.3528,10630.63,200,ok
medium,51.9836,2.74,,error
low,51.9911,2.68,,error
high,43.5940,8412.88,429,shed
low,42.4216,9585.28,429,shed
low,52.0045,3.39,,error
low,52.0105,3.00,,error
medium,52.0177,2.93,,error
high,43.7005,8322.05,429,shed
low,52.0304,2.84,,error
medium,52.0343,3.16,,error
low,52.0406,3.96,,error
medium,41.9685,10087.28,200,ok
medium,52.0525,4.23,,error
high,52.0507,6.39,,error
low,52.0605,5.83,,error
low,43.3526,8714.29,429,shed
medium,36.2026,15872.08,200,ok
medium,43.6351,8439.66,429,shed
low,27.5806,24494.16,200,ok
low,52.0710,4.06,,error
medium,43.6536,8445.58,429,shed
medium,40.2150,11884.13,200,ok
medium,43.8035,8300.59,429,shed
low,52.1106,3.94,,error
low,40.0518,12063.95,429,shed
medium,44.0173,8098.52,429,shed
medium,37.9809,14134.90,200,ok
medium,41.6534,10462.91,200,ok
low,40.7840,11340.95,429,shed
low,40.6405,11484.53,429,shed
low,40.5935,11531.47,429,shed
low,40.7415,11383.55,429,shed
low,40.9404,11190.38,429,shed
low,40.9602,11170.64,429,shed
high,38.3009,13829.89,200,ok
low,43.7405,8394.88,429,shed
medium,44.0838,8065.83,429,shed
low,34.6402,17515.72,200,ok
low,42.2807,9883.65,429,shed
low,43.3601,8805.20,429,shed
medium,41.7187,10459.85,200,ok
low,43.3703,8815.92,429,shed
low,43.8310,8358.07,429,shed
medium,43.5948,8604.92,429,shed
medium,42.3843,9816.31,429,shed
medium,44.1177,8090.09,429,shed
medium,41.9871,10239.11,200,ok
low,43.4111,8815.15,429,shed
low,43.4757,8750.60,429,shed
low,43.4211,8829.61,429,shed
high,43.9509,8303.97,429,shed
medium,52.2677,4.09,,error
low,52.2718,1.91,,error
low,43.8704,8418.01,429,shed
medium,52.2863,3.42,,error
low,52.2911,2.38,,error
medium,52.3024,3.06,,error
low,52.3032,2.62,,error
high,52.3005,5.62,,error
low,44.0312,8281.92,429,shed
low,44.0809,8236.03,429,shed
low,52.3204,3.15,,error
low,30.9543,21378.38,200,ok
low,28.8539,23481.50,200,ok
low,44.0912,8244.23,429,shed
medium,44.2170,8118.35,429,shed
low,28.2268,24120.30,200,ok
low,31.0895,21258.14,200,ok
low,31.0685,21281.23,200,ok
low,28.9409,23408.85,200,ok
low,30.2303,22119.41,200,ok
low,29.1042,23245.54,200,ok
low,36.0905,16278.67,200,ok
low,31.0709,21313.18,200,ok
low,31.1543,21237.93,200,ok
low,29.3806,23011.63,200,ok
low,31.1206,21271.72,200,ok
low,29.3042,23088.11,200,ok
low,29.0603,23339.49,200,ok
high,40.5818,11818.79,200,ok
low,31.2807,21120.67,200,ok
low,30.8147,21586.61,200,ok
high,40.6028,11804.02,200,ok
low,32.8410,19571.88,200,ok
low,30.9015,21517.80,200,ok
low,31.1813,21238.11,200,ok
low,31.2534,21165.98,200,ok
low,35.9318,16487.61,200,ok
low,43.5923,8827.14,429,shed
medium,40.1407,12293.60,200,ok
low,44.4608,7999.88,429,shed
medium,44.3620,8098.77,429,shed
medium,44.4670,7993.72,429,shed
medium,44.4840,7976.79,429,shed
low,44.3604,8100.33,429,shed
low,44.1539,8306.85,429,shed
medium,41.7838,10683.45,200,ok
high,40.5823,11893.67,200,ok
high,40.6513,11853.57,200,ok
medium,52.5335,4.26,,error
low,52.5409,3.73,,error
medium,52.5529,2.59,,error
low,52.5538,2.01,,error
high,52.5509,5.27,,error
low,43.8805,8676.44,429,shed
medium,52.5678,2.96,,error
low,52.5708,3.77,,error
low,52.5810,2.73,,error
medium,52.5837,2.83,,error
low,52.5913,3.38,,error
high,52.6004,8.32,,error
low,52.6063,3.01,,error
medium,52.6026,7.02,,error
low,52.6108,1.86,,error
medium,52.6182,7.24,,error
low,52.6233,3.41,,error
low,36.1410,16486.49,200,ok
low,36.0312,16596.34,200,ok
low,36.1901,16439.45,200,ok
medium,41.7526,10876.95,200,ok
medium,52.6530,2.91,,error
low,52.6538,2.43,,error
low,34.4432,18214.74,200,ok
low,31.6505,21008.01,200,ok
low,52.6708,2.27,,error
high,43.5008,9185.43,429,shed
medium,52.6847,4.15,,error
low,31.0781,21610.86,200,ok
low,34.4458,18247.25,200,ok
medium,43.4542,9242.92,429,shed
high,52.7002,7.01,,error
low,52.7108,2.57,,error
high,40.7505,11963.75,200,ok
low,33.9111,18803.18,200,ok
low,52.7308,3.01,,error
medium,52.7338,2.72,,error
low,34.6264,18117.42,200,ok
medium,52.7529,2.45,,error
low,52.7536,2.00,,error
high,52.7509,5.06,,error
low,43.0335,9726.62,429,shed
medium,44.8842,7877.77,429,shed
low,52.7703,2.21,,error
low,31.4702,21302.88,200,ok
medium,52.7836,2.93,,error
low,52.7905,2.60,,error
high,52.8004,4.10,,error
medium,52.8024,2.43,,error
low,52.8032,1.90,,error
low,34.4445,18363.88,200,ok
low,35.8535,16955.34,200,ok
low,52.8205,1.98,,error
low,52.8306,2.96,,error
medium,52.8336,1.76,,error
low,52.8410,2.42,,error
high,52.8507,4.23,,error
medium,52.8526,2.63,,error
low,52.8534,2.08,,error
medium,39.8358,13020.30,200,ok
low,42.8101,10047.30,429,shed
low,52.8709,5.11,,error
low,35.4305,17452.82,200,ok
low,36.2705,16613.88,200,ok
low,52.8912,3.45,,error
high,52.9009,4.08,,error
medium,52.9028,2.51,,error
low,52.9036,2.00,,error
low,52.9107,2.99,,error
medium,41.5529,11362.38,200,ok
low,31.5209,21394.39,200,ok
low,52.9306,3.21,,error
low,37.5212,15415.43,200,ok
high,41.5508,11385.84,200,ok
low,35.2090,17728.82,200,ok
low,36.8409,16096.89,200,ok
low,52.9554,3.45,,error
low,52.9608,17.62,,error
medium,43.5992,9387.35,429,shed
medium,41.4849,11501.64,200,ok
medium,40.2167,12769.92,200,ok
medium,52.9879,4.57,,error
low,52.9909,2.33,,error
medium,53.0031,4.56,,error
low,53.0045,3.50,,error
high,53.0010,7.33,,error
low,53.0105,3.07,,error
medium,53.0177,3.30,,error
low,53.0210,3.54,,error
low,53.0307,2.73,,error
medium,53.0335,2.13,,error
low,42.8410,10202.57,429,shed
medium,41.6838,11366.22,200,ok
low,31.4908,21565.13,200,ok
high,53.0511,6.66,,error
low,53.0604,2.82,,error
medium,53.0674,3.20,,error
low,53.0707,3.34,,error
low,53.0812,6.63,,error
medium,53.0838,4.58,,error
low,53.0905,3.29,,error
high,53.1010,6.74,,error
medium,53.1034,4.72,,error
low,53.1051,3.42,,error
low,53.1107,3.01,,error
low,53.1206,4.27,,error
medium,53.1179,7.56,,error
low,53.1306,3.35,,error
low,43.6000,9536.96,429,shed
medium,53.1340,3.46,,error
high,45.0042,8134.32,429,shed
low,43.5906,9548.94,429,shed
low,43.5311,9609.23,429,shed
medium,42.0169,11127.16,200,ok
medium,53.1669,4.27,,error
low,53.1712,3.49,,error
high,40.3522,12832.38,200,ok
medium,43.8343,9352.92,429,shed
low,53.1910,3.74,,error
medium,53.2034,4.36,,error
low,53.2049,3.21,,error
high,53.2010,7.51,,error
low,53.2110,3.74,,error
medium,53.2170,2.60,,error
low,53.2208,4.99,,error
low,53.2309,4.00,,error
medium,45.1176,8120.40,429,shed
medium,40.5537,12685.08,200,ok
medium,53.2349,4.30,,error
medium,53.2530,4.05,,error
low,53.2544,3.05,,error
low,53.2611,3.61,,error
low,34.4425,18828.43,200,ok
low,43.7810,9489.95,429,shed
low,43.6203,9652.53,429,shed
medium,53.2835,3.10,,error
low,31.6511,21642.68,200,ok
low,31.6488,21644.95,200,ok
high,41.7511,11545.38,200,ok
low,53.3033,3.58,,error
low,53.3105,3.22,,error
medium,53.3169,2.99,,error
low,53.3210,1.79,,error
medium,40.4023,12923.00,200,ok
low,43.0808,10245.25,429,shed
low,36.1111,17218.09,200,ok
low,37.2402,16088.97,200,ok
high,45.1507,8178.56,429,shed
low,37.5910,15738.21,200,ok
low,35.5709,17792.93,200,ok
low,53.3608,3.49,,error
medium,45.0173,8352.97,429,shed
high,41.8003,11570.52,200,ok
medium,53.3844,3.66,,error
low,53.3902,3.65,,error
low,43.8211,9575.12,429,shed
low,43.9404,9456.77,429,shed
medium,45.2175,8188.99,429,shed
medium,45.3836,8022.85,429,shed
low,31.7676,21639.39,200,ok
medium,45.1027,8311.60,429,shed
low,44.8229,8612.26,429,shed
low,53.4307,9.99,,error
low,45.1034,8342.38,429,shed
low,45.4608,7985.00,429,shed
low,44.7630,8682.81,429,shed
low,45.4913,7954.61,429,shed
low,45.0034,8442.51,429,shed
low,44.8262,8619.68,429,shed
medium,40.5731,12898.07,200,ok
low,43.2908,10180.40,429,shed
low,53.4807,12.88,,error
low,53.4904,4.80,,error
medium,44.1335,9367.28,429,shed
low,44.0210,9488.32,429,shed
low,53.5068,6.24,,error
low,53.5107,4.91,,error
medium,53.5177,3.04,,error
low,53.5208,2.72,,error
low,53.5307,4.57,,error
medium,53.5353,2.52,,error
low,53.5410,3.73,,error
high,53.5509,6.83,,error
medium,53.5530,5.22,,error
low,53.5544,4.13,,error
low,53.5607,3.16,,error
medium,44.2339,9332.78,429,shed
low,53.5708,3.41,,error
low,53.5804,5.75,,error
medium,53.5862,4.66,,error
low,53.5909,2.89,,error
low,43.7607,9849.62,429,shed
low,43.5894,10020.94,429,shed
low,53.6054,10.57,,error
low,53.6104,6.10,,error
medium,53.6171,3.35,,error
low,53.6205,4.22,,error
low,53.6313,8.83,,error
medium,53.6364,13.16,,error
low,53.6406,10.44,,error
medium,53.6528,6.22,,error
low,53.6541,5.30,,error
high,53.6512,8.61,,error
low,53.6609,3.55,,error
medium,43.3517,10313.43,200,ok
high,41.9670,11707.30,200,ok
low,53.6704,4.42,,error
medium,53.6836,4.22,,error
medium,42.4842,11208.70,200,ok
high,53.7009,6.77,,error
medium,53.7032,4.81,,error
low,53.7048,3.60,,error
low,53.7105,3.07,,error
low,45.3812,8333.87,429,shed
low,45.2714,8443.68,429,shed
low,31.5102,22206.48,200,ok
low,45.2936,8423.11,429,shed
low,45.4105,8306.17,429,shed
medium,53.7525,2.53,,error
low,53.7533,2.16,,error
high,53.7505,5.25,,error
low,53.7609,3.28,,error
medium,53.7669,2.94,,error
low,53.7709,3.54,,error
low,53.7807,3.08,,error
medium,53.7838,2.70,,error
low,53.7906,2.40,,error
low,32.5710,21227.89,200,ok
medium,53.8022,3.65,,error
low,53.8035,2.68,,error
low,53.8107,4.28,,error
medium,53.8182,3.48,,error
low,53.8217,3.90,,error
low,53.8308,2.55,,error
medium,53.8350,5.80,,error
low,53.8409,3.42,,error
medium,53.8528,4.93,,error
low,53.8554,2.71,,error
high,53.8505,8.02,,error
low,53.8602,3.83,,error
medium,53.8673,3.85,,error
low,53.8712,3.42,,error
low,53.8808,5.17,,error
medium,53.8860,2.68,,error
low,53.8908,3.97,,error
high,53.9010,5.64,,error
medium,53.9030,3.97,,error
low,53.9038,3.44,,error
low,53.9104,2.72,,error
medium,53.9173,3.40,,error
low,35.8776,18045.56,200,ok
medium,41.5841,12339.13,200,ok
low,36.8202,17113.26,200,ok
low,53.9407,2.94,,error
medium,42.2626,11691.72,200,ok
medium,53.9529,4.07,,error
low,53.9537,3.67,,error
medium,40.6343,13324.01,200,ok
medium,53.9672,2.40,,error
low,53.9707,1.91,,error
medium,53.9837,7.21,,error
low,53.9813,10.19,,error
low,53.9915,3.13,,error
medium,45.0525,8955.51,429,shed
high,54.0009,7.71,,error
medium,54.0031,6.75,,error
low,54.0103,3.34,,error
medium,54.0184,5.91,,error
low,54.0206,4.19,,error
high,44.1508,9876.60,429,shed
medium,54.0335,6.70,,error
low,54.0406,2.88,,error
medium,54.0532,7.69,,error
low,54.0548,6.56,,error
high,54.0507,10.96,,error
low,54.0617,2.09,,error
medium,45.7508,8315.19,429,shed
low,54.0712,3.01,,error
low,32.7102,21383.86,200,ok
low,35.9122,18191.17,200,ok
medium,45.2026,8900.75,429,shed
high,54.1036,6.79,,error
medium,54.1050,5.85,,error
low,54.1061,5.04,,error
low,54.1113,4.06,,error
medium,54.1177,3.71,,error
low,54.1215,5.37,,error
low,54.1310,10.00,,error
low,54.1410,2.58,,error
medium,54.1382,5.69,,error
low,45.0204,9136.90,429,shed
medium,54.1526,6.03,,error
high,54.1506,8.76,,error
medium,44.3613,9801.01,429,shed
low,36.8912,17271.96,200,ok
low,54.1702,2.25,,error
low,54.1806,3.34,,error
medium,54.1840,2.62,,error
medium,42.8177,11376.64,200,ok
high,54.2005,5.86,,error
medium,54.2026,4.16,,error
low,54.2039,3.09,,error
low,54.2112,2.53,,error
medium,54.2178,2.37,,error
low,54.2203,3.70,,error
low,34.0112,20218.48,200,ok
medium,54.2335,3.33,,error
low,54.2410,2.88,,error
low,36.1539,18093.31,200,ok
medium,54.2525,3.94,,error
low,54.2540,2.78,,error
low,36.9941,17265.78,200,ok
low,45.7966,8464.15,429,shed
low,36.1039,18166.05,200,ok
low,35.8791,18406.32,200,ok
low,35.4907,18794.81,200,ok
low,35.8453,18443.57,200,ok
low,36.9962,17300.89,200,ok
low,36.9309,17366.22,200,ok
low,37.1811,17115.98,200,ok
medium,41.4031,12894.08,200,ok
low,36.8307,17466.46,200,ok
low,54.3208,3.91,,error
low,54.3308,3.24,,error
medium,54.3341,5.71,,error
low,54.3410,2.87,,error
high,54.3510,8.36,,error
medium,54.3529,6.85,,error
low,54.3564,3.60,,error
low,54.3614,5.54,,error
medium,54.3670,3.58,,error
low,54.3706,3.04,,error
medium,46.0024,8377.04,429,shed
low,43.7910,10593.88,429,shed
medium,45.0344,9350.47,429,shed
medium,54.4033,27.57,,error
low,54.4078,23.46,,error
low,54.4236,8.01,,error
low,54.4259,5.99,,error
medium,54.4275,4.70,,error
high,54.4008,31.68,,error
low,37.1211,17314.65,200,ok
low,36.9045,17531.25,200,ok
medium,44.3028,10132.95,429,shed
medium,46.0535,8393.08,429,shed
low,35.6110,18838.05,200,ok
low,35.2105,19239.39,200,ok
low,35.6065,18843.92,200,ok
low,35.1703,19280.88,200,ok
low,54.4703,3.69,,error
low,35.7030,18782.13,200,ok
low,35.1111,19374.08,200,ok
low,35.0904,19395.60,200,ok
medium,46.4850,8003.50,429,shed
low,37.4994,17008.31,200,ok
medium,54.5033,6.65,,error
low,54.5103,2.42,,error
medium,54.5169,3.22,,error
low,37.2609,17260.50,200,ok
low,37.3908,17131.87,200,ok
high,46.0003,8522.39,429,shed
low,37.2310,17293.99,200,ok
medium,46.5039,8021.92,429,shed
high,41.4010,13125.37,200,ok
low,34.4452,20100.27,200,ok
low,35.6210,18935.21,200,ok
low,35.7302,18829.71,200,ok
high,46.5509,8019.52,429,shed
low,54.5809,3.35,,error
medium,54.5842,2.51,,error
medium,45.0677,9520.16,429,shed
low,43.8411,10748.01,429,shed
medium,41.4337,13156.12,200,ok
high,54.6010,7.06,,error
low,38.6407,15972.81,200,ok
low,38.8569,15757.79,200,ok
high,41.9767,12643.06,200,ok
low,54.6305,4.47,,error
medium,54.6350,2.69,,error
low,54.6414,4.05,,error
medium,54.6530,8.09,,error
low,54.6550,6.71,,error
high,54.6507,11.57,,error
low,54.6623,2.29,,error
medium,54.6674,2.61,,error
low,54.6719,5.66,,error
low,37.5718,17107.19,200,ok
medium,44.9170,9762.93,429,shed
low,54.6902,4.77,,error
medium,54.7033,4.39,,error
low,54.7047,3.29,,error
high,54.7012,7.22,,error
low,44.9109,9799.99,429,shed
low,44.1080,10602.92,429,shed
low,44.2110,10499.89,429,shed
low,44.8241,9886.83,429,shed
low,44.4714,10241.94,429,shed
low,44.5898,10123.55,429,shed
low,39.1041,15617.13,200,ok
low,38.8557,15865.54,200,ok
low,45.9610,8775.89,429,shed
high,46.6004,8156.93,429,shed
low,54.7703,3.52,,error
medium,54.7679,6.34,,error
medium,45.0013,9777.22,429,shed
medium,54.7843,4.51,,error
low,54.7905,2.45,,error
medium,41.5024,13298.15,200,ok
medium,46.3343,8472.27,429,shed
low,36.9412,17865.40,200,ok
low,54.8110,4.95,,error
medium,54.8171,2.71,,error
low,54.8209,2.75,,error
low,54.8308,3.63,,error
medium,54.8345,2.23,,error
low,54.8408,2.59,,error
medium,54.8530,5.87,,error
low,54.8547,4.74,,error
high,54.8507,9.12,,error
low,54.8609,3.32,,error
medium,42.2033,12666.63,200,ok
low,54.8701,3.25,,error
low,54.8810,3.26,,error
medium,54.8843,2.25,,error
low,54.8907,3.00,,error
high,54.9009,6.76,,error
medium,54.9033,5.61,,error
low,54.9049,4.39,,error
low,54.9104,3.34,,error
medium,54.9169,3.92,,error
low,54.9209,2.23,,error
medium,42.1535,12774.94,200,ok
medium,42.0531,12875.34,200,ok
medium,41.5353,13393.09,200,ok
low,37.0067,17944.58,200,ok
medium,42.9176,12033.68,200,ok
medium,45.7871,9176.43,429,shed
low,54.9624,2.83,,error
medium,54.9670,2.06,,error
low,54.9712,4.11,,error
low,54.9804,2.89,,error
medium,54.9852,2.51,,error
medium,42.1192,12869.55,200,ok
medium,42.2347,12755.77,200,ok
low,37.9674,17024.20,200,ok
medium,43.7850,11206.66,200,ok
low,39.3339,15659.45,200,ok
high,42.2591,12798.83,200,ok
low,55.0200,38.79,,error
low,55.0382,25.71,,error
medium,55.0508,16.95,,error
low,55.0527,15.46,,error
high,55.0594,9.00,,error
medium,55.0610,7.74,,error
low,55.0623,6.76,,error
low,55.0652,4.18,,error
high,41.7019,13370.02,200,ok
low,55.0705,3.17,,error
low,55.0812,3.51,,error
high,46.7526,8334.13,429,shed
low,55.0907,3.91,,error
high,55.1009,5.74,,error
medium,55.1029,4.05,,error
low,55.1037,3.56,,error
low,55.1103,3.23,,error
medium,55.1177,2.56,,error
low,55.1203,2.18,,error
low,55.1306,4.13,,error
high,41.6518,13485.31,200,ok
low,55.1408,2.79,,error
high,55.1508,4.67,,error
low,55.1536,2.25,,error
medium,55.1529,3.71,,error
medium,46.9040,8259.09,429,shed
high,47.1058,8061.02,429,shed
low,55.1707,2.88,,error
low,55.1806,3.99,,error
medium,47.1324,8054.96,429,shed
low,55.1908,2.89,,error
high,55.2008,6.83,,error
medium,55.2028,5.24,,error
low,55.2047,3.64,,error
medium,46.5364,8673.03,429,shed
low,45.7972,9413.29,429,shed
medium,42.7527,12457.85,200,ok
low,55.2307,4.20,,error
medium,55.2349,3.75,,error
low,55.2408,2.84,,error
low,45.7958,9462.70,429,shed
low,45.9920,9266.57,429,shed
low,35.7530,19505.52,200,ok
low,55.2603,4.90,,error
medium,55.2674,7.49,,error
medium,41.3044,13981.73,200,ok
medium,42.6516,12634.55,200,ok
medium,42.5528,12733.31,200,ok
low,46.3311,8955.08,429,shed
medium,55.3034,5.83,,error
low,55.3053,4.17,,error
high,55.3013,8.55,,error
low,55.3109,1.80,,error
medium,55.3170,2.64,,error
low,37.9611,17364.44,200,ok
low,37.6116,17713.95,200,ok
low,37.8811,17445.37,200,ok
low,55.3411,8.30,,error
low,36.1203,19234.60,200,ok
low,36.0122,19342.69,200,ok
low,35.7911,19563.85,200,ok
low,55.3611,2.59,,error
high,43.0015,12364.24,200,ok
low,55.3706,3.26,,error
medium,41.6031,13781.83,200,ok
low,55.3813,7.31,,error
low,35.5904,19800.45,200,ok
medium,55.4034,5.24,,error
low,55.4056,3.48,,error
high,55.4010,8.45,,error
low,55.4106,2.24,,error
medium,55.4170,3.30,,error
low,55.4204,3.67,,error
low,55.4313,6.67,,error
medium,55.4338,4.66,,error
low,55.4406,4.20,,error
medium,55.4534,4.16,,error
low,55.4550,2.86,,error
medium,44.1530,11305.38,200,ok
high,55.4510,7.72,,error
medium,55.4671,3.76,,error
low,55.4709,1.84,,error
medium,55.4856,2.03,,error
low,55.4833,4.64,,error
low,55.4910,2.54,,error
high,55.5008,5.26,,error
medium,55.5029,3.50,,error
low,55.5043,2.34,,error
low,36.3111,19196.01,200,ok
medium,55.5176,8.15,,error
low,55.5215,4.69,,error
low,37.5807,17948.49,200,ok
low,36.3426,19234.18,200,ok
medium,55.5345,49.90,,error
low,55.5712,14.42,,error
high,55.5727,13.44,,error
medium,55.5739,12.59,,error
medium,55.5768,10.07,,error
low,55.5779,9.23,,error
low,55.5667,20.73,,error
medium,55.5889,3.73,,error
low,55.5875,7.04,,error
low,55.5904,4.46,,error
high,55.6010,6.58,,error
medium,55.6030,4.93,,error
low,55.6044,3.83,,error
low,55.6103,1.93,,error
medium,43.2315,12385.85,200,ok
low,55.6204,3.11,,error
low,55.6307,3.67,,error
low,39.5633,16076.86,200,ok
low,55.6405,3.16,,error
high,55.6509,6.49,,error
medium,55.6531,4.62,,error
low,55.6547,3.40,,error
low,37.9824,17676.71,200,ok
medium,43.3335,12330.10,200,ok
low,38.0421,17723.83,200,ok
medium,42.4336,13332.35,200,ok
medium,42.9531,12812.87,200,ok
medium,55.7577,14.86,,error
medium,55.7583,14.52,,error
low,55.7589,14.23,,error
low,55.7595,13.88,,error
low,55.7602,13.55,,error
low,55.7608,13.22,,error
low,55.7616,12.71,,error
low,55.7622,12.37,,error
low,55.7628,12.06,,error
low,55.7634,11.74,,error
low,55.7640,11.69,,error
high,55.7646,11.39,,error
high,55.7652,11.10,,error
low,55.7669,9.75,,error
medium,55.7676,9.31,,error
low,55.7711,88.46,,error
low,38.0725,17803.63,200,ok
low,38.2814,17594.73,200,ok
low,38.0111,17865.11,200,ok
medium,42.1171,13759.11,200,ok
medium,42.8836,12992.63,200,ok
low,37.1031,18773.15,200,ok
high,43.6513,12224.97,200,ok
high,41.6010,14279.56,200,ok
low,37.9879,17892.71,200,ok
low,45.9102,9970.39,429,shed
medium,55.8728,12.14,,error
medium,55.8734,11.86,,error
medium,55.8740,11.56,,error
high,55.8746,11.24,,error
high,55.8752,10.94,,error
medium,55.8789,7.60,,error
low,55.8798,6.99,,error
low,55.8807,6.33,,error
low,55.8642,23.09,,error
medium,55.8873,3.69,,error
low,55.8911,2.48,,error
low,37.2105,18697.37,200,ok
high,55.9011,7.24,,error
low,55.9053,4.46,,error
low,55.9101,4.90,,error
medium,55.9172,4.04,,error
low,55.9213,3.70,,error
medium,41.7430,14182.78,200,ok
medium,55.9350,3.02,,error
low,55.9422,2.48,,error
low,38.2109,17737.88,200,ok
low,38.2907,17658.06,200,ok
low,55.9538,2.71,,error
medium,46.6042,9395.11,429,shed
high,42.7508,13249.23,200,ok
low,38.0210,17983.01,200,ok
medium,55.9952,9.37,,error
low,55.9966,8.31,,error
low,55.9975,7.69,,error
low,55.9982,7.31,,error
low,56.0033,4.75,,error
high,56.0015,6.89,,error
low,56.0108,1.99,,error
low,37.3311,18684.81,200,ok
medium,47.5566,8462.57,429,shed
medium,41.8023,14219.96,200,ok
low,43.6722,12350.90,429,shed
low,37.5415,18502.39,200,ok
low,56.0408,3.83,,error
medium,56.0530,5.68,,error
high,56.0509,8.10,,error
low,56.0604,2.10,,error
low,38.4607,17609.22,200,ok
low,56.0703,2.41,,error
low,56.0809,4.34,,error
medium,56.0853,3.79,,error
low,56.0902,2.48,,error
low,56.1060,2.55,,error
medium,56.1052,3.74,,error
high,56.1022,7.01,,error
low,56.1104,4.58,,error
low,37.6702,18449.48,200,ok
low,56.1224,2.79,,error
low,56.1306,3.39,,error
medium,56.1340,1.77,,error
high,42.6501,13495.18,200,ok
high,56.1512,4.10,,error
medium,56.1532,2.46,,error
low,56.1540,1.91,,error
low,56.1620,2.74,,error
medium,56.1682,2.12,,error
low,56.1703,1.32,,error
low,47.6122,8568.98,429,shed
medium,56.1835,2.21,,error
low,39.2705,16923.87,200,ok
low,56.1911,3.59,,error
medium,42.7336,13471.77,200,ok
low,56.2038,2.16,,error
low,56.2105,5.39,,error
medium,56.2170,1.86,,error
low,56.2209,2.05,,error
low,47.8660,8369.68,429,shed
low,38.1307,18105.00,200,ok
medium,42.8031,13432.60,200,ok
low,47.7135,8522.24,429,shed
medium,41.7671,14476.84,200,ok
high,56.2506,4.49,,error
low,56.2608,2.55,,error
medium,56.2676,2.71,,error
low,56.2704,1.47,,error
medium,47.8712,8402.16,429,shed
medium,56.2865,4.38,,error
low,56.2909,1.83,,error
medium,47.8700,8434.85,429,shed
low,56.3042,1.79,,error
high,56.3017,6.45,,error
low,56.3118,4.82,,error
medium,56.3177,22.88,,error
low,45.8819,10464.31,429,shed
low,56.3438,4.59,,error
medium,56.3451,3.68,,error
low,56.3215,27.50,,error
medium,41.9691,14392.20,200,ok
medium,47.8684,8492.86,429,shed
low,37.6078,18807.70,200,ok
low,38.1703,18245.21,200,ok
medium,47.8706,8559.53,429,shed
low,38.2540,18176.14,200,ok
medium,47.8718,8558.41,429,shed
low,38.6631,17767.16,200,ok
medium,56.3867,44.39,,error
low,56.4100,21.58,,error
low,56.4139,17.98,,error
medium,56.3853,46.96,,error
medium,47.9866,8449.99,429,shed
medium,48.0524,8384.12,429,shed
low,38.8563,17582.29,200,ok
low,38.6730,17765.91,200,ok
low,38.3414,18097.56,200,ok
low,38.5203,17920.44,200,ok
medium,42.9038,13540.19,200,ok
medium,42.0021,14443.14,200,ok
high,47.9814,8467.78,429,shed
low,56.4605,6.67,,error
high,48.1064,8367.55,429,shed
medium,45.7849,10694.10,200,ok
low,56.4815,13.90,,error
medium,56.4859,9.87,,error
low,56.4926,3.46,,error
low,37.6822,18815.63,200,ok
low,38.0559,18450.93,200,ok
low,46.3754,10132.65,429,shed
medium,43.2529,13255.11,200,ok
low,36.9112,19604.82,200,ok
low,56.5208,1.98,,error
medium,56.5336,2.35,,error
low,56.5308,5.44,,error
low,46.9205,9622.09,429,shed
low,46.8106,9732.73,429,shed
medium,42.1247,14421.66,200,ok
medium,48.0677,8480.61,429,shed
low,56.5606,3.93,,error
low,39.3551,17215.41,200,ok
low,56.5723,7.49,,error
low,38.9703,17612.64,200,ok
low,39.0309,17553.74,200,ok
low,47.1464,9438.28,429,shed
high,48.3511,8233.58,429,shed
low,47.1445,9442.52,429,shed
low,38.8551,17732.76,200,ok
medium,42.1182,14480.38,200,ok
medium,46.3178,10307.39,200,ok
low,56.6228,3.53,,error
low,56.6308,2.70,,error
medium,56.6336,2.17,,error
medium,48.2335,8405.36,429,shed
medium,42.2846,14361.46,200,ok
medium,56.6523,3.50,,error
low,56.6530,3.06,,error
low,56.6606,3.14,,error
low,47.3034,9362.80,429,shed
low,47.8666,8987.37,429,shed
low,38.3307,18523.36,200,ok
high,42.4013,14452.77,200,ok
medium,48.6023,8251.77,429,shed
medium,47.3525,9501.56,429,shed
low,48.2544,8599.75,429,shed
low,48.1539,8700.23,429,shed
high,42.9025,13951.67,200,ok
low,39.1808,17673.40,200,ok
low,39.1109,17743.29,200,ok
low,48.7614,8092.86,429,shed
low,39.0604,17793.82,200,ok
low,39.1903,17663.97,200,ok
medium,42.9351,13919.20,200,ok
medium,48.8306,8023.76,429,shed
medium,42.3032,14551.13,200,ok
low,40.3811,16473.26,200,ok
medium,47.5347,9319.68,429,shed
low,38.1811,18673.34,200,ok
medium,47.4030,9451.40,429,shed
medium,44.6985,12155.90,200,ok
low,39.6354,17219.04,200,ok
low,39.6704,17195.30,200,ok
medium,47.5449,9320.77,429,shed
high,44.1021,12764.88,200,ok
low,56.8590,16.75,,error
low,56.8602,15.90,,error
low,56.8612,15.17,,error
low,56.8621,14.52,,error
medium,56.8631,13.84,,error
medium,56.8638,13.46,,error
medium,56.8644,13.12,,error
high,56.8650,12.81,,error
low,56.8670,11.12,,error
medium,56.8680,10.34,,error
low,56.8356,43.10,,error
medium,45.5169,11361.77,200,ok
low,39.2906,17590.09,200,ok
high,42.9509,13929.78,200,ok
medium,43.0671,13821.97,200,ok
high,48.9045,7995.70,429,shed
medium,43.1025,13806.08,200,ok
low,39.3602,17622.25,200,ok
medium,48.9178,8080.23,429,shed
high,43.3503,13647.73,200,ok
low,40.5806,16417.46,200,ok
medium,48.8256,8172.48,429,shed
medium,48.9730,8025.13,429,shed
medium,48.8710,8136.12,429,shed
low,56.9909,138.51,,error
low,56.9915,138.32,,error
low,56.9921,138.07,,error
medium,56.9937,136.75,,error
medium,56.9944,136.39,,error
medium,56.9950,136.07,,error
medium,56.9956,135.90,,error
high,56.9973,134.57,,error
high,43.4508,13706.51,200,ok
medium,45.7536,11403.81,200,ok
medium,45.7523,11405.07,200,ok
low,40.8203,16337.10,200,ok
low,57.0056,153.34,,error
high,57.1242,35.11,,error
medium,57.1265,33.11,,error
low,57.0039,156.03,,error
medium,44.9673,12198.97,200,ok
low,40.7535,16412.78,200,ok
low,57.1397,30.16,,error
low,57.1403,29.86,,error
low,57.1409,29.56,,error
low,57.1447,26.07,,error
low,57.1454,25.66,,error
low,57.1460,27.39,,error
low,57.1468,26.86,,error
medium,57.1475,26.53,,error
medium,57.1481,26.23,,error
medium,57.1487,25.90,,error
medium,57.1493,25.59,,error
medium,57.1499,26.31,,error
medium,57.1505,26.03,,error
medium,57.1511,25.72,,error
medium,57.1550,22.15,,error
high,57.1556,21.79,,error
high,57.1564,21.33,,error
low,57.1605,17.56,,error
low,57.1613,18.06,,error
high,57.1619,17.73,,error
medium,57.1625,17.42,,error
low,57.1652,15.01,,error
medium,57.1686,12.37,,error
medium,48.9842,8203.11,429,shed
low,57.1820,7.75,,error
medium,57.1882,2.05,,error
low,57.1904,1.30,,error
high,57.2020,5.32,,error
medium,57.2040,3.62,,error
low,57.2049,3.47,,error
medium,49.1533,8056.51,429,shed
medium,49.0336,8176.93,429,shed
low,57.2204,2.10,,error
low,57.2316,4.01,,error
medium,57.2339,2.05,,error
low,57.2542,13.28,,error
high,57.2606,7.20,,error
medium,57.2624,5.81,,error
low,57.2645,4.04,,error
low,57.2518,16.97,,error
medium,57.2720,3.61,,error
low,57.2736,2.29,,error
medium,57.2835,2.95,,error
low,57.2811,5.76,,error
medium,47.3836,9905.65,200,ok
medium,57.3032,4.57,,error
high,57.3009,7.63,,error
low,57.3051,3.72,,error
low,57.3119,3.77,,error
medium,57.3179,6.95,,error
low,57.3218,4.83,,error
low,57.3308,3.29,,error
medium,57.3342,3.61,,error
low,57.3403,3.55,,error
high,48.7515,8597.50,429,shed
medium,57.3524,5.05,,error
low,57.3540,3.84,,error
low,57.3604,4.22,,error
medium,57.3678,3.68,,error
low,57.3715,3.16,,error
low,57.3809,4.03,,error
medium,57.3850,3.07,,error
low,57.3912,3.10,,error
low,57.4054,3.41,,error
high,57.4014,7.81,,error
medium,57.4037,5.87,,error
low,57.4107,2.56,,error
medium,57.4176,3.25,,error
low,57.4209,3.64,,error
low,57.4321,31.17,,error
low,39.5405,17923.86,200,ok
medium,57.4574,8.29,,error
low,57.4608,7.67,,error
high,57.4622,6.64,,error
medium,57.4536,16.70,,error
low,57.4645,12.07,,error
medium,57.4708,6.10,,error
low,57.4723,4.97,,error
medium,57.4843,3.59,,error
low,57.4813,7.67,,error
low,57.4911,3.47,,error
high,57.5012,7.90,,error
medium,57.5035,5.97,,error
low,57.5065,3.37,,error
low,57.5110,7.29,,error
medium,57.5183,4.14,,error
low,57.5204,8.97,,error
medium,49.1835,8347.30,429,shed
low,41.5105,16028.51,200,ok
low,57.5420,17.08,,error
high,57.5534,6.00,,error
medium,57.5556,4.14,,error
low,57.5565,3.55,,error
low,57.5602,3.78,,error
low,38.8594,18705.62,200,ok
low,57.5719,4.15,,error
low,57.5812,6.59,,error
medium,57.5841,4.16,,error
low,57.5904,2.17,,error
high,57.6008,8.74,,error
medium,57.6030,6.85,,error
low,57.6058,4.47,,error
low,57.6103,1.81,,error
medium,57.6173,3.46,,error
low,57.6208,3.08,,error
medium,49.2357,8395.58,429,shed
high,45.0511,12580.22,200,ok
medium,47.1346,10496.72,200,ok
low,39.5794,18065.48,200,ok
medium,44.1068,13538.83,200,ok
medium,43.8677,13779.23,200,ok
low,57.6610,2.94,,error
medium,57.6671,2.34,,error
low,57.6706,1.86,,error
medium,49.2678,8411.65,429,shed
medium,57.6839,2.99,,error
low,57.6910,2.66,,error
high,57.7009,4.62,,error
medium,57.7032,2.64,,error
low,57.7039,2.19,,error
low,57.7102,3.39,,error
medium,57.7177,3.17,,error
low,57.7209,2.54,,error
low,57.7306,3.42,,error
medium,57.7341,2.68,,error
low,57.7409,3.69,,error
high,57.7512,5.35,,error
medium,57.7532,3.65,,error
low,57.7543,2.90,,error
low,57.7603,3.24,,error
medium,57.7677,2.87,,error
low,57.7706,2.43,,error
low,57.7812,3.05,,error
medium,57.7843,2.50,,error
low,57.7910,2.55,,error
medium,57.8026,3.24,,error
low,57.8035,2.69,,error
high,57.8006,5.92,,error
low,57.8113,3.70,,error
low,40.3708,17444.82,200,ok
medium,44.0670,13749.10,200,ok
low,57.8307,5.00,,error
medium,57.8358,3.88,,error
low,57.8408,2.78,,error
medium,45.4837,12360.41,200,ok
high,42.8010,15047.12,200,ok
high,57.8503,4.47,,error
low,57.8604,2.72,,error
medium,57.8673,5.12,,error
low,57.8701,3.48,,error
low,57.8813,8.52,,error
medium,57.8866,3.53,,error
low,57.8902,2.38,,error
medium,57.9029,3.69,,error
low,57.9041,2.86,,error
high,57.9008,6.46,,error
low,57.9104,4.58,,error
medium,49.3692,8554.20,429,shed
low,40.5929,17330.58,200,ok
low,57.9311,3.87,,error
low,40.5510,17387.01,200,ok
low,40.5399,17398.14,200,ok
low,40.5772,17360.91,200,ok
low,57.9540,3.56,,error
high,57.9508,6.98,,error
low,57.9605,2.55,,error
low,57.9703,38.40,,error
medium,57.9682,41.21,,error
medium,49.0178,9001.13,429,shed
low,40.6609,17358.10,200,ok
low,40.7205,17298.48,200,ok
medium,49.1174,8901.62,429,shed
medium,49.4342,8584.89,429,shed
low,40.5800,17439.10,200,ok
high,42.0507,15969.60,200,ok
low,48.4304,9593.16,429,shed
medium,58.0228,3.26,,error
high,49.6902,8343.65,429,shed
low,58.0303,4.15,,error
low,48.8338,9202.86,429,shed
medium,49.6541,8386.22,429,shed
low,48.7544,9352.09,429,shed
low,40.5766,17543.30,200,ok
medium,58.0672,70.31,,error
low,58.0710,66.80,,error
low,58.0809,57.26,,error
medium,58.0845,53.93,,error
low,58.0907,48.08,,error
high,58.1009,38.07,,error
medium,58.1031,36.20,,error
low,58.1044,35.18,,error
low,58.1105,29.41,,error
medium,58.1184,21.72,,error
low,58.1211,19.32,,error
low,58.1307,10.01,,error
low,58.0403,100.70,,error
low,48.9113,9230.89,429,shed
medium,58.1352,7.54,,error
low,40.6309,17514.17,200,ok
medium,58.1533,3.59,,error
low,58.1540,3.16,,error
low,58.1606,2.39,,error
medium,58.1672,4.38,,error
low,58.1716,2.93,,error
low,58.1806,3.71,,error
medium,58.1844,2.09,,error
low,58.1906,3.04,,error
high,58.2008,4.62,,error
medium,58.2029,2.90,,error
low,58.2038,2.25,,error
low,48.9904,9216.15,429,shed
low,48.9635,9243.66,429,shed
medium,41.9799,16227.69,200,ok
low,58.2311,7.56,,error
medium,58.2343,4.64,,error
low,58.2404,12.61,,error
high,58.2531,11.32,,error
medium,58.2545,10.25,,error
low,58.2602,5.06,,error
low,58.2553,10.28,,error
low,58.2747,2.01,,error
medium,58.2684,8.65,,error
low,58.2812,24.99,,error
low,49.0704,9243.80,429,shed
low,49.1905,9123.73,429,shed
medium,47.6530,10661.32,200,ok
low,58.3124,9.78,,error
high,58.3134,9.21,,error
low,58.3146,8.29,,error
medium,58.3197,5.88,,error
low,58.3231,3.14,,error
low,58.3304,7.63,,error
medium,58.3355,2.98,,error
medium,49.9337,8412.30,429,shed
low,49.6875,8658.49,429,shed
medium,58.3542,9.23,,error
high,58.3511,12.69,,error
low,58.3609,4.46,,error
medium,58.3675,2.03,,error
low,58.3706,6.35,,error
low,58.3812,2.65,,error
medium,50.0846,8301.13,429,shed
low,58.3909,2.93,,error
medium,45.7516,12654.44,200,ok
medium,58.4033,3.60,,error
low,58.4042,3.09,,error
medium,49.8174,8591.00,429,shed
medium,58.4173,3.71,,error
low,58.4210,1.72,,error
medium,50.1523,8273.35,429,shed
low,49.8611,8574.90,429,shed
low,49.7609,8675.06,429,shed
high,43.2503,15185.69,200,ok
low,49.8709,8568.15,429,shed
medium,50.2169,8226.51,429,shed
low,58.4602,3.45,,error
medium,58.4678,2.32,,error
low,58.4701,4.43,,error
low,58.4807,3.56,,error
medium,58.4843,3.17,,error
low,58.4906,2.22,,error
low,39.3807,19117.31,200,ok
medium,43.9346,14564.00,200,ok
low,39.0708,19434.25,200,ok
low,49.2608,9244.25,429,shed
medium,58.5177,2.92,,error
low,58.5207,1.65,,error
low,58.5305,3.86,,error
medium,58.5344,1.55,,error
low,58.5406,3.02,,error
medium,58.5529,2.01,,error
low,58.5536,1.62,,error
high,58.5509,4.69,,error
low,58.5607,3.96,,error
medium,58.5678,3.55,,error
low,40.7935,17779.77,200,ok
medium,45.1526,13424.66,200,ok
medium,58.5840,3.12,,error
low,58.5913,2.07,,error
low,49.3566,9360.26,429,shed
low,39.0206,19696.28,200,ok
low,38.5304,20186.52,200,ok
medium,47.1301,11586.82,200,ok
low,38.8581,19858.89,200,ok
medium,44.2030,14513.96,200,ok
low,39.7304,18986.58,200,ok
low,49.3580,9359.02,429,shed
high,58.6005,117.86,,error
medium,58.6026,116.14,,error
low,58.6035,115.57,,error
medium,50.3023,8422.55,429,shed
medium,58.7127,15.54,,error
medium,58.7136,14.97,,error
medium,58.7143,14.58,,error
medium,58.7149,14.25,,error
medium,58.7156,13.92,,error
high,58.7162,13.59,,error
medium,47.4556,11274.23,200,ok
medium,46.7547,11975.19,200,ok
high,58.7203,10.21,,error
medium,58.7213,9.56,,error
medium,58.7221,9.04,,error
low,58.7229,8.55,,error
low,58.7237,8.08,,error
medium,58.7345,2.36,,error
low,58.7405,2.93,,error
high,58.7513,152.12,,error
low,39.7037,19205.41,200,ok
low,39.6039,19305.23,200,ok
low,58.7544,164.26,,error
medium,58.7534,165.58,,error
medium,46.5267,12418.36,200,ok
medium,50.3528,8592.42,429,shed
low,49.8809,9064.28,429,shed
low,40.0484,18896.78,200,ok
low,50.2311,8714.14,429,shed
medium,47.7175,11227.81,200,ok
medium,50.4021,8543.24,429,shed
medium,44.5023,14442.98,200,ok
low,39.6338,19311.56,200,ok
medium,50.5027,8442.67,429,shed
high,50.4003,8545.11,429,shed
medium,45.2847,13660.64,200,ok
medium,50.4542,8491.25,429,shed
low,50.3035,8641.90,429,shed
medium,45.5057,13441.36,200,ok
medium,58.9394,20.87,,error
medium,58.9400,20.57,,error
medium,58.9406,20.25,,error
medium,58.9412,19.96,,error
medium,58.9419,19.53,,error
medium,58.9425,19.22,,error
high,58.9431,18.92,,error
high,58.9437,18.63,,error
high,58.9443,18.32,,error
low,58.9280,34.96,,error
low,58.9481,32.25,,error
low,58.9488,31.87,,error
low,58.9495,31.55,,error
medium,58.9503,31.06,,error
medium,58.9509,30.76,,error
high,58.9557,26.25,,error
medium,58.9575,24.73,,error
low,58.9586,23.90,,error
low,58.9640,18.83,,error
medium,58.9674,15.83,,error
low,58.9709,12.59,,error
low,58.9472,36.64,,error
medium,58.9853,1.32,,error
low,58.9839,3.58,,error
medium,50.5531,8442.31,429,shed
high,44.3646,14638.08,200,ok
high,44.5509,14451.77,200,ok
high,59.0029,7.27,,error
low,59.0103,2.24,,error
medium,59.0178,5.96,,error
low,59.0219,3.58,,error
low,59.0307,4.00,,error
medium,59.0347,2.86,,error
medium,49.6555,9387.73,429,shed
high,59.0513,4.34,,error
medium,59.0534,2.53,,error
low,59.0543,2.00,,error
low,59.0612,7.10,,error
medium,59.0683,6.72,,error
low,59.0712,4.18,,error
medium,59.0857,3.97,,error
low,59.0805,9.46,,error
high,50.5512,8540.16,429,shed
low,49.2113,9880.07,429,shed
medium,59.1030,3.20,,error
low,59.1042,2.43,,error
low,59.1112,2.79,,error
medium,59.1171,2.30,,error
low,59.1205,4.06,,error
low,59.1307,3.80,,error
medium,59.1346,2.93,,error
low,59.1406,2.95,,error
medium,59.1529,2.41,,error
low,59.1538,1.82,,error
high,59.1508,5.11,,error
low,41.9619,17194.48,200,ok
medium,44.7010,14466.18,200,ok
low,59.1703,4.37,,error
medium,45.5695,13605.81,200,ok
low,41.0031,18177.11,200,ok
low,48.0612,11121.48,429,shed
medium,49.8836,9302.88,429,shed
low,59.2038,2.19,,error
high,59.2010,5.29,,error
high,50.5008,8707.08,429,shed
medium,59.2172,2.75,,error
low,59.2210,2.74,,error
low,41.2131,18012.18,200,ok
low,41.2408,17984.50,200,ok
low,48.0702,11155.06,429,shed
medium,50.2348,8991.20,429,shed
low,40.9708,18255.23,200,ok
low,48.6031,10628.20,429,shed
low,48.9070,10340.05,429,shed
low,48.7404,10507.59,429,shed
low,48.8811,10367.53,429,shed
medium,49.3710,9899.63,429,shed
medium,59.2844,2.32,,error
low,59.2902,16.63,,error
high,59.3020,5.24,,error
medium,59.3040,3.49,,error
low,59.3048,3.04,,error
medium,46.8021,12511.01,200,ok
medium,49.5178,9802.17,429,shed
low,59.3213,2.21,,error
low,59.3306,2.95,,error
medium,59.3336,2.89,,error
low,59.3406,6.10,,error
high,59.3509,5.42,,error
medium,59.3528,3.82,,error
low,59.3537,3.25,,error
low,59.3611,2.75,,error
medium,59.3670,2.33,,error
low,59.3704,2.20,,error
medium,50.5843,8796.09,429,shed
medium,59.3844,2.72,,error
low,38.5102,20882.34,200,ok
medium,50.7359,8657.46,429,shed
medium,50.4170,8978.00,429,shed
low,49.9309,9476.06,429,shed
low,49.3686,10038.40,429,shed
low,50.2829,9124.09,429,shed
low,50.0901,9316.84,429,shed
high,50.9505,8463.03,429,shed
medium,59.4335,2.16,,error
medium,51.2027,8234.40,429,shed
medium,50.8528,8590.84,429,shed
medium,59.4550,2.86,,error
low,59.4560,2.21,,error
low,59.4613,1.63,,error
medium,45.3676,14098.68,200,ok
low,59.4704,3.31,,error
low,59.4805,3.73,,error
medium,51.3016,8185.12,429,shed
low,49.6569,9835.98,429,shed
low,42.1096,17383.29,200,ok
low,41.9817,17517.22,200,ok
medium,46.3734,13142.16,200,ok
high,59.5009,18.25,,error
medium,59.5175,2.22,,error
medium,46.7897,12730.71,200,ok
low,41.5307,18020.07,200,ok
low,41.4213,18129.50,200,ok
high,45.1007,14450.17,200,ok
medium,46.6858,12865.10,200,ok
medium,47.1334,12417.48,200,ok
medium,46.8173,12733.58,200,ok
low,59.5610,4.02,,error
medium,47.8694,11696.68,200,ok
low,59.5709,6.03,,error
low,59.5811,4.15,,error
medium,59.5853,2.52,,error
low,59.5910,5.36,,error
medium,49.0538,10543.43,200,ok
low,50.7104,8888.68,429,shed
low,59.6032,3.64,,error
medium,59.6178,5.10,,error
low,59.6202,3.03,,error
low,59.6125,10.98,,error
low,59.6309,6.04,,error
medium,59.6334,3.95,,error
low,59.6405,4.24,,error
medium,59.6532,6.60,,error
low,59.6547,5.54,,error
high,59.6510,9.70,,error
low,59.6607,2.81,,error
medium,59.6677,3.31,,error
low,59.6710,3.60,,error
low,59.6808,2.97,,error
medium,59.6838,1.67,,error
high,47.4533,12234.99,200,ok
high,50.2512,9437.51,429,shed
high,45.5003,14189.16,200,ok
low,42.1124,17588.59,200,ok
medium,47.9859,11715.07,200,ok
medium,59.7170,2.79,,error
low,59.7208,3.71,,error
low,59.7308,3.99,,error
medium,59.7348,2.78,,error
medium,50.1852,9553.22,429,shed
medium,59.7546,5.21,,error
low,59.7566,3.58,,error
high,59.7513,9.22,,error
medium,47.5361,12225.03,200,ok
medium,59.7671,18.27,,error
low,59.7612,24.51,,error
low,59.7825,8.27,,error
medium,59.7859,7.77,,error
low,59.7918,4.14,,error
low,40.3370,19458.95,200,ok
medium,47.9842,11811.74,200,ok
low,40.2222,19573.76,200,ok
low,49.7903,10020.36,429,shed
low,51.4794,8340.64,429,shed
low,59.8213,2.27,,error
low,59.8307,8.86,,error
low,59.8412,3.81,,error
medium,59.8398,5.66,,error
medium,45.5336,14327.43,200,ok
medium,47.5370,12324.07,200,ok
low,59.8611,3.24,,error
low,59.8576,7.10,,error
low,59.8722,2.62,,error
medium,59.8700,5.28,,error
low,59.8807,3.23,,error
medium,59.8840,2.40,,error
high,51.5504,8336.98,429,shed
low,40.2357,19652.79,200,ok
low,59.9045,3.44,,error
high,59.9006,7.69,,error
high,47.6021,12307.62,200,ok
high,47.5410,12371.84,200,ok
low,59.9211,2.09,,error
low,59.9306,2.74,,error
medium,59.9345,3.22,,error
low,50.3418,9601.79,429,shed
medium,47.6190,12324.63,200,ok
medium,45.7529,14191.15,200,ok
low,42.1873,17759.69,200,ok
high,46.8004,13155.96,200,ok
low,41.5612,18395.95,200,ok
low,59.9703,1.62,,error
low,59.9821,14.71,,error
medium,59.9844,12.76,,error
low,59.9932,4.25,,error
medium,45.7542,14251.77,200,ok
medium,60.0033,4.58,,error
low,60.0042,3.98,,error
low,60.0107,2.86,,error
medium,47.6040,12413.11,200,ok
low,60.0212,2.28,,error
low,60.0306,2.92,,error
medium,60.0336,2.03,,error
low,60.0408,2.97,,error
medium,60.0531,2.40,,error
low,60.0540,1.85,,error
high,60.0510,5.11,,error
low,60.0603,3.51,,error
medium,60.0670,2.60,,error
low,60.0707,2.12,,error
medium,51.6539,8419.73,429,shed
medium,45.7494,14324.70,200,ok
medium,49.8672,10207.78,429,shed
high,47.6510,12443.40,200,ok
medium,60.1027,9.58,,error
low,60.1074,7.08,,error
low,60.1106,4.19,,error
low,60.1205,2.60,,error
medium,60.1169,6.59,,error
low,60.1332,6.37,,error
medium,60.1356,4.39,,error
low,60.1413,2.28,,error
high,60.1516,6.99,,error
medium,60.1541,4.85,,error
low,60.1557,3.57,,error
low,60.1612,4.45,,error
medium,46.9353,13239.33,200,ok
low,42.6609,17514.17,200,ok
low,42.5635,17612.14,200,ok
medium,48.8329,11353.71,200,ok
low,41.6911,18495.50,200,ok
low,41.6606,18526.52,200,ok
low,42.7210,17483.36,200,ok
low,50.3917,9813.85,429,shed
low,50.4327,9773.34,429,shed
medium,51.5673,8639.28,429,shed
high,51.3002,8912.59,429,shed
low,41.7049,18518.65,200,ok
medium,60.2336,2.96,,error
low,60.2407,2.86,,error
medium,47.9848,12271.50,200,ok
high,60.2508,5.85,,error
medium,60.2528,4.13,,error
low,60.2538,3.44,,error
low,42.7309,17533.12,200,ok
low,40.8907,19375.95,200,ok
medium,48.2537,12018.62,200,ok
medium,48.3525,11919.81,200,ok
low,60.2903,3.30,,error
low,41.6407,18656.03,200,ok
low,50.5402,9756.53,429,shed
low,50.4410,9855.73,429,shed
medium,47.8811,12423.60,200,ok
medium,47.9836,12321.94,200,ok
low,60.3210,3.57,,error
low,60.3308,3.85,,error
low,40.8407,19495.88,200,ok
low,60.3405,3.53,,error
low,41.2955,19051.53,200,ok
low,41.3058,19042.15,200,ok
low,41.5407,18807.26,200,ok
low,60.3605,3.06,,error
medium,60.3677,3.53,,error
medium,51.7344,8639.82,429,shed
low,50.5808,9793.40,429,shed
medium,60.3845,3.97,,error
low,60.3906,2.95,,error
high,60.4008,4.85,,error
medium,60.4032,2.78,,error
low,60.4041,2.19,,error
medium,51.1675,9240.41,429,shed
high,47.8724,12554.74,200,ok
medium,48.7536,11673.60,200,ok
low,41.8207,18606.52,200,ok
low,41.5537,18873.45,200,ok
low,51.5057,8921.47,429,shed
low,50.6208,9806.42,429,shed
low,42.1228,18304.48,200,ok
low,41.5032,18924.09,200,ok
low,51.4832,8944.08,429,shed
low,51.5805,8846.84,429,shed
low,50.8537,9577.45,429,shed
low,42.0312,18400.28,200,ok
medium,52.0669,8371.79,429,shed
low,51.6905,8748.72,429,shed
low,51.9110,8528.68,429,shed
medium,48.2177,12222.75,200,ok
low,51.7037,8738.44,429,shed
low,40.9033,19546.14,200,ok
low,52.1309,8353.67,429,shed
medium,48.1531,12335.25,200,ok
medium,48.2850,12220.38,200,ok
high,48.1511,12354.77,200,ok
low,41.7203,18799.63,200,ok
low,42.2724,18248.51,200,ok
high,47.3005,13222.19,200,ok
low,52.0908,8432.94,429,shed
medium,49.0856,11453.62,200,ok
low,42.1075,18431.70,200,ok
low,50.8908,9649.18,429,shed
medium,47.1340,13436.25,200,ok
low,49.6663,10904.04,429,shed
medium,51.3343,9237.79,429,shed
medium,48.8841,11693.98,200,ok
high,47.4008,13179.91,200,ok
low,41.8808,18712.03,200,ok
low,41.7703,18824.38,200,ok
low,41.7916,18803.08,200,ok
low,41.7415,18853.18,200,ok
low,41.7812,18814.01,200,ok
low,41.8104,18785.25,200,ok
low,42.4304,18191.43,200,ok
low,51.0604,9588.13,429,shed
low,41.4911,19158.31,200,ok
low,50.9809,9675.83,429,shed
low,49.6936,10968.67,429,shed
low,50.6906,9974.28,429,shed
low,60.6705,2.64,,error
medium,51.4856,9197.89,429,shed
low,41.9575,18729.73,200,ok
low,60.6806,6.92,,error
low,41.9830,18710.32,200,ok
low,41.8647,18829.04,200,ok
high,51.9513,8743.31,429,shed
low,50.8408,9955.11,429,shed
low,50.8708,9925.14,429,shed
medium,52.0835,8712.42,429,shed
low,42.2124,18583.49,200,ok
low,51.2111,9584.82,429,shed
high,51.5039,9292.12,429,shed
low,42.2738,18522.20,200,ok
low,42.1907,18605.29,200,ok
medium,51.5051,9290.96,429,shed
medium,45.2668,15529.25,200,ok
medium,49.6562,11139.85,200,ok
medium,48.8292,11966.88,200,ok
low,41.9588,18837.27,200,ok
medium,50.4676,10329.80,429,shed
low,51.4800,9318.62,429,shed
low,51.4806,9318.01,429,shed
medium,51.6354,9174.37,429,shed
low,41.9610,18848.75,200,ok
medium,51.6678,9151.60,429,shed
low,51.3024,9517.04,429,shed
low,51.4788,9340.71,429,shed
medium,52.1836,8635.90,429,shed
medium,52.2038,8615.73,429,shed
low,51.4781,9352.86,429,shed
medium,60.8512,5.18,,error
low,60.8533,3.39,,error
high,60.8543,2.72,,error
medium,48.1080,12752.46,200,ok
medium,60.8668,2.74,,error
low,60.8707,1.93,,error
medium,51.8527,9034.65,429,shed
medium,51.7030,9184.35,429,shed
low,41.6543,19233.00,200,ok
medium,52.3356,8557.26,429,shed
low,60.9043,1.79,,error
high,60.9009,5.50,,error
low,60.9109,3.92,,error
medium,60.9182,4.47,,error
low,60.9203,3.00,,error
low,60.9307,3.91,,error
medium,60.9346,2.40,,error
low,60.9415,6.56,,error
high,60.9502,7.46,,error
medium,60.9523,5.77,,error
low,60.9553,3.10,,error
low,60.9605,4.24,,error
low,39.6903,21275.36,200,ok
low,42.3811,18591.18,200,ok
low,60.9807,3.62,,error
medium,60.9844,2.80,,error
low,41.9627,19026.98,200,ok
low,39.7605,21318.50,200,ok
high,61.0696,19.70,,error
medium,61.0711,18.51,,error
medium,61.0726,17.32,,error
medium,61.0734,16.90,,error
medium,61.0740,16.57,,error
low,61.0746,16.25,,error
low,61.0752,15.93,,error
low,61.0758,15.61,,error
low,61.0770,14.70,,error
low,61.0776,14.39,,error
low,61.0782,14.09,,error
medium,61.0796,13.04,,error
low,61.0802,12.68,,error
low,61.0846,8.62,,error
medium,61.0860,7.52,,error
low,61.0764,17.34,,error
low,61.0940,5.95,,error
high,61.1011,4.40,,error
medium,61.1028,3.01,,error
low,61.1036,2.52,,error
low,61.1103,2.42,,error
medium,61.1169,2.86,,error
medium,47.4673,13655.55,200,ok
low,43.0716,18058.07,200,ok
low,43.2572,17873.28,200,ok
low,61.1407,3.96,,error
medium,61.1533,4.38,,error
low,61.1549,3.10,,error
high,61.1509,7.45,,error
low,61.1622,4.58,,error
medium,61.1668,6.25,,error
low,61.1708,2.77,,error
low,61.1822,5.45,,error
medium,61.1853,5.57,,error
low,61.1909,2.26,,error
high,61.2004,6.66,,error
medium,61.2028,4.65,,error
low,61.2045,3.23,,error
low,61.2109,2.36,,error
medium,61.2184,4.44,,error
low,61.2210,2.64,,error
low,61.2309,2.87,,error
medium,61.2338,1.70,,error
low,61.2407,3.00,,error
medium,61.2530,2.35,,error
low,61.2539,1.75,,error
high,61.2509,5.14,,error
low,61.2613,2.49,,error
medium,61.2669,2.58,,error
low,61.2706,1.96,,error
low,61.2807,3.31,,error
low,43.4402,17843.80,200,ok
low,43.5932,17694.13,200,ok
medium,61.3032,2.48,,error
low,61.3042,1.73,,error
high,61.3010,5.29,,error
low,61.3105,2.62,,error
medium,61.3176,4.43,,error
low,61.3205,4.44,,error
medium,61.3335,2.86,,error
low,61.3311,5.66,,error
low,61.3409,2.34,,error
high,47.7005,13650.01,200,ok
medium,61.3525,4.18,,error
low,61.3540,2.99,,error
low,61.3608,2.60,,error
medium,61.3675,3.10,,error
low,61.3707,4.07,,error
low,61.3807,3.84,,error
medium,61.3845,1.63,,error
low,61.3903,2.70,,error
low,43.6683,17738.03,200,ok
medium,61.4043,3.00,,error
low,61.4056,1.94,,error
low,61.4103,2.75,,error
medium,61.4172,2.45,,error
low,61.4208,1.94,,error
medium,45.4038,16022.12,200,ok
medium,61.4337,2.29,,error
low,61.4404,2.76,,error
high,61.4504,5.78,,error
medium,61.4527,3.81,,error
low,61.4543,2.60,,error
low,61.4610,2.73,,error
high,47.2506,14219.67,200,ok
medium,52.8169,8653.36,429,shed
low,42.3712,19102.69,200,ok
low,42.6524,18822.35,200,ok
low,61.4903,3.09,,error
low,42.5539,18946.29,200,ok
medium,61.5020,5.70,,error
low,61.5059,2.10,,error
low,52.5207,8991.59,429,shed
medium,61.5177,2.94,,error
low,61.5207,5.28,,error
low,61.5311,2.63,,error
medium,51.4862,10049.84,200,ok
low,61.5409,2.69,,error
high,61.5507,5.95,,error
medium,61.5528,4.14,,error
low,61.5537,3.60,,error
low,61.5604,4.30,,error
medium,61.5669,2.16,,error
low,61.5711,2.07,,error
low,61.5804,4.87,,error
medium,61.5837,1.98,,error
low,42.4809,19105.45,200,ok
low,42.7108,18877.51,200,ok
low,45.5713,16038.26,200,ok
low,61.6112,3.63,,error
low,61.6056,9.60,,error
medium,61.6177,8.26,,error
low,61.6202,6.36,,error
low,61.6312,6.86,,error
medium,61.6343,4.21,,error
low,61.6412,2.68,,error
medium,47.7040,13956.39,200,ok
low,42.1109,19553.05,200,ok
high,52.2517,9417.63,429,shed
low,41.5221,20147.29,200,ok
low,41.1606,20510.45,200,ok
high,52.9508,8720.36,429,shed
low,61.6804,3.70,,error
medium,61.6841,3.53,,error
low,61.6908,6.08,,error
high,48.0508,13648.28,200,ok
medium,61.7020,4.46,,error
low,61.7034,3.37,,error
low,41.7105,20002.45,200,ok
high,47.8730,13842.55,200,ok
high,53.1503,8569.63,429,shed
low,42.1148,19609.27,200,ok
low,52.6812,9043.28,429,shed
low,61.7407,2.93,,error
low,52.7407,9011.04,429,shed
low,41.9860,19765.73,200,ok
low,42.3906,19361.20,200,ok
low,52.9209,8834.47,429,shed
low,41.6803,20075.78,200,ok
low,61.7703,1.77,,error
low,42.4611,19320.07,200,ok
low,52.9868,8794.43,429,shed
medium,52.1528,9635.93,429,shed
medium,51.9169,9871.78,429,shed
low,52.1411,9664.03,429,shed
low,61.8035,2.44,,error
medium,53.2678,8545.24,429,shed
low,43.8604,17954.26,200,ok
low,61.8203,2.35,,error
medium,53.3025,8524.58,429,shed
high,49.4514,12375.74,200,ok
medium,51.5519,10290.94,200,ok
low,42.8039,19041.92,200,ok
low,42.9204,18925.98,200,ok
low,42.7809,19069.51,200,ok
medium,49.5526,12308.85,200,ok
high,47.5546,14306.87,200,ok
medium,48.9743,12889.38,200,ok
low,41.7538,20110.62,200,ok
low,53.1543,8712.97,429,shed
medium,49.5336,12339.39,200,ok
high,61.9006,7.06,,error
medium,61.9030,5.09,,error
low,61.9045,3.91,,error
low,61.9103,2.09,,error
medium,61.9176,3.10,,error
low,61.9207,2.10,,error
high,49.1017,12833.46,200,ok
high,49.0010,12934.15,200,ok
low,61.9310,6.06,,error
low,53.1825,8755.46,429,shed
low,41.7611,20187.97,200,ok
low,41.8037,20145.39,200,ok
low,52.3406,9614.40,429,shed
low,45.5068,16461.50,200,ok
medium,51.6851,10283.23,200,ok
low,45.7611,16207.20,200,ok
medium,61.9835,2.21,,error
low,61.9909,3.01,,error
medium,52.7176,9289.97,429,shed
low,62.0050,3.97,,error
medium,62.0034,5.93,,error
low,62.0108,2.90,,error
low,42.0034,20010.88,200,ok
medium,62.0192,5.26,,error
low,62.0310,3.94,,error
medium,62.0350,2.93,,error
low,62.0404,2.54,,error
low,41.9914,20154.80,200,ok
low,41.9600,20186.26,200,ok
medium,48.4338,13712.51,200,ok
medium,52.5174,9628.87,429,shed
low,50.4029,11743.40,429,shed
low,42.7535,19392.87,200,ok
high,62.0512,99.73,,error
medium,62.1259,25.41,,error
low,62.1282,23.40,,error
medium,51.7170,10437.20,200,ok
high,52.4014,9752.82,429,shed
medium,51.7523,10401.94,200,ok
medium,49.7670,12387.29,200,ok
medium,62.1439,19.69,,error
high,62.1445,19.40,,error
medium,62.1542,12.02,,error
medium,62.1562,10.41,,error
low,62.1574,9.49,,error
low,62.1582,9.06,,error
high,62.1590,8.49,,error
low,62.1359,31.91,,error
low,62.1621,14.92,,error
medium,62.1690,8.28,,error
low,62.1736,4.06,,error
high,49.8522,12327.19,200,ok
medium,62.1836,3.58,,error
low,62.1903,4.43,,error
low,62.2043,4.35,,error
medium,62.2031,5.88,,error
high,62.2009,8.31,,error
low,62.2104,2.12,,error
low,45.7688,16445.93,200,ok
medium,52.3525,9864.12,429,shed
low,42.7715,19448.94,200,ok
low,42.7909,19430.79,200,ok
medium,53.4529,8768.84,429,shed
high,62.2513,9.50,,error
medium,62.2537,7.59,,error
low,62.2576,4.10,,error
low,62.2617,2.26,,error
low,43.2421,19033.83,200,ok
medium,62.2692,7.30,,error
low,62.2719,5.08,,error
low,52.7806,9497.46,429,shed
low,62.2907,4.14,,error
medium,48.9060,13401.82,200,ok
medium,62.3046,5.30,,error
low,62.3063,4.06,,error
low,62.3105,2.21,,error
medium,62.3173,4.04,,error
low,62.3214,2.82,,error
low,62.3304,3.02,,error
low,42.8213,19516.05,200,ok
low,50.5540,11783.37,429,shed
low,45.1806,17159.52,200,ok
low,43.4307,18910.14,200,ok
low,43.3415,18999.78,200,ok
medium,53.4675,8895.89,429,shed
medium,48.7020,13664.78,200,ok
high,53.9514,8418.17,429,shed
low,51.4826,10887.80,429,shed
low,42.8811,19491.38,200,ok
low,42.9107,19462.15,200,ok
low,45.3207,17063.36,200,ok
low,45.0618,17325.13,200,ok
low,42.9045,19503.82,200,ok
low,51.5217,10887.36,429,shed
high,47.9828,14426.98,200,ok
low,51.7807,10629.60,429,shed
medium,49.3705,13062.55,200,ok
low,45.3905,17043.86,200,ok
low,52.9412,9493.17,429,shed
medium,52.2178,10218.28,200,ok
medium,53.9335,8504.72,429,shed
low,42.2205,20217.67,200,ok
medium,53.4858,8952.46,429,shed
medium,53.5668,8878.49,429,shed
medium,54.1673,8289.97,429,shed
low,52.4211,10036.84,429,shed
medium,49.2178,13248.41,200,ok
low,62.4908,2.95,,error
high,62.5004,6.02,,error
medium,62.5025,4.23,,error
low,62.5036,3.48,,error
low,42.9312,19577.59,200,ok
medium,54.0997,8409.84,429,shed
low,52.4708,10041.81,429,shed
medium,54.2858,8227.53,429,shed
low,53.4204,9100.07,429,shed
low,53.4445,9075.95,429,shed
low,53.2804,9242.08,429,shed
low,53.3709,9152.35,429,shed
high,54.2504,8276.71,429,shed
medium,51.4868,11041.25,200,ok
medium,52.2531,10274.99,200,ok
high,50.1009,12450.54,200,ok
medium,62.5835,4.35,,error
low,62.5811,7.32,,error
low,62.5905,4.22,,error
low,53.7203,8875.41,429,shed
low,53.3807,9217.14,429,shed
low,42.3525,20258.05,200,ok
high,62.6011,9.81,,error
medium,51.7840,10836.59,200,ok
low,54.2714,8354.14,429,shed
low,62.6311,27.15,,error
medium,62.6335,32.61,,error
low,62.6630,6.21,,error
high,62.6638,5.72,,error
medium,62.6645,5.31,,error
low,54.0815,8588.50,429,shed
low,53.7306,8939.39,429,shed
low,62.6609,10.46,,error
low,54.2608,8410.63,429,shed
low,54.1016,8569.81,429,shed
medium,62.6849,1.95,,error
low,42.9540,19746.91,200,ok
medium,54.3849,8316.02,429,shed
medium,48.3338,14367.18,200,ok
low,62.6908,10.55,,error
low,62.7106,2.46,,error
medium,62.7172,1.97,,error
low,42.9404,20020.85,200,ok
low,42.1922,20769.06,200,ok
medium,51.8837,11077.61,200,ok
low,43.4913,19469.98,200,ok
medium,48.9787,13982.66,200,ok
low,41.9808,20980.52,200,ok
low,54.3910,8570.34,429,shed
low,42.9603,20001.08,200,ok
low,42.0103,20951.15,200,ok
medium,54.4860,8475.41,429,shed
low,43.6402,19321.24,200,ok
low,44.1205,18840.96,200,ok
low,42.9705,19991.04,200,ok
medium,51.5173,11444.23,200,ok
low,44.2907,18670.89,200,ok
low,62.7203,249.46,,error
low,53.2404,9729.59,429,shed
high,49.0524,13917.53,200,ok
medium,53.3674,9602.59,429,shed
high,49.1509,13819.14,200,ok
low,53.3303,9639.69,429,shed
low,44.4906,18479.42,200,ok
low,44.1130,18857.10,200,ok
low,43.8045,19165.61,200,ok
low,42.0403,20929.75,200,ok
low,42.2322,20737.86,200,ok
low,42.0208,20949.38,200,ok
low,54.4552,8514.99,429,shed
high,49.2007,13783.29,200,ok
medium,49.0675,13918.20,200,ok
medium,62.9541,32.41,,error
medium,62.9548,32.07,,error
medium,62.9554,31.80,,error
medium,62.9560,31.49,,error
high,62.9566,31.16,,error
high,62.9573,30.84,,error
high,62.9578,30.67,,error
high,62.9584,30.38,,error
low,62.9743,21.08,,error
low,62.9753,20.41,,error
low,62.9762,19.83,,error
low,62.9770,19.37,,error
medium,62.9777,18.92,,error
medium,62.9789,18.02,,error
medium,62.9796,17.63,,error
high,62.9803,17.30,,error
low,62.9891,8.80,,error
medium,62.9926,10.13,,error
low,62.9983,6.49,,error
high,63.0068,8.61,,error
medium,63.0086,7.14,,error
low,63.0103,5.77,,error
low,63.0135,3.16,,error
medium,63.0192,3.60,,error
low,63.0210,2.33,,error
low,54.5227,8506.17,429,shed
low,43.6594,19392.62,200,ok
low,44.1302,18921.79,200,ok
medium,49.1031,13957.60,200,ok
medium,63.0540,9.51,,error
low,63.0552,8.65,,error
low,63.0607,3.46,,error
high,48.9770,14232.95,200,ok
medium,49.0031,14206.87,200,ok
medium,53.0528,10259.02,200,ok
low,54.5548,8757.01,429,shed
medium,50.8350,12476.90,200,ok
medium,50.7031,12608.83,200,ok
low,44.1408,19171.18,200,ok
medium,54.7338,8578.17,429,shed
medium,49.1721,14139.90,200,ok
low,43.2290,20083.01,200,ok
medium,54.9563,8355.78,429,shed
low,44.6111,18700.96,200,ok
low,44.5408,18806.32,200,ok
low,45.5409,17806.22,200,ok
medium,53.1857,10161.46,429,shed
high,54.5009,8846.26,429,shed
high,50.8514,12495.75,200,ok
medium,55.1351,8212.08,429,shed
low,63.3030,46.57,,error
low,63.3038,46.12,,error
low,63.3045,45.72,,error
high,63.3054,45.14,,error
high,63.3060,44.81,,error
high,63.3066,44.51,,error
medium,63.3074,43.99,,error
medium,63.3080,43.68,,error
medium,63.3086,43.37,,error
medium,63.3092,43.07,,error
medium,63.3098,42.79,,error
medium,63.3105,42.38,,error
medium,63.3111,42.04,,error
low,63.2193,134.21,,error
low,63.2179,135.86,,error
medium,55.0847,8275.26,429,shed
low,44.5030,18857.02,200,ok
medium,52.4523,10907.71,200,ok
medium,53.4352,9924.81,429,shed
low,54.9578,8406.98,429,shed
low,63.3427,29.17,,error
low,63.3433,28.89,,error
low,63.3439,28.60,,error
low,63.3445,28.27,,error
high,63.3452,27.93,,error
high,63.3458,27.69,,error
medium,63.3556,18.18,,error
medium,63.3569,17.12,,error
low,63.3577,16.59,,error
low,63.3584,16.22,,error
low,63.3590,15.90,,error
high,63.3616,13.65,,error
medium,63.3624,13.10,,error
low,63.3630,12.76,,error
low,63.3636,12.42,,error
medium,63.3335,42.84,,error
medium,63.3693,10.08,,error
medium,52.4835,10895.88,200,ok
medium,55.1846,8199.31,429,shed
medium,54.5344,8852.26,429,shed
medium,54.0672,9320.30,429,shed
medium,63.4033,3.32,,error
low,63.4042,2.72,,error
high,63.4012,6.02,,error
low,63.4112,5.70,,error
medium,63.4169,3.07,,error
low,63.4211,2.57,,error
low,63.4309,3.81,,error
low,46.5332,16903.66,200,ok
low,45.8060,17631.26,200,ok
medium,53.7343,9704.62,429,shed
medium,53.6682,9773.82,429,shed
high,63.4506,5.54,,error
low,63.4608,3.89,,error
medium,63.4678,3.05,,error
low,63.4708,2.63,,error
low,63.4806,3.62,,error
medium,63.4843,3.22,,error
low,63.4906,2.92,,error
high,63.5007,7.11,,error
medium,63.5025,5.56,,error
low,63.5033,5.51,,error
low,44.7657,18743.53,200,ok
low,44.8215,18687.74,200,ok
low,44.9903,18530.16,200,ok
low,63.5311,3.61,,error
medium,63.5347,1.96,,error
low,63.5409,3.89,,error
low,47.4045,16154.14,200,ok
medium,63.5528,6.77,,error
low,63.5541,5.78,,error
low,63.5610,2.78,,error
medium,63.5673,3.43,,error
low,63.5707,2.79,,error
low,44.8908,18686.44,200,ok
medium,51.9534,11625.65,200,ok
medium,54.2682,9310.88,429,shed
high,63.6010,8.85,,error
medium,63.6034,6.96,,error
low,63.6051,5.71,,error
low,63.6108,2.80,,error
low,44.8252,18798.11,200,ok
medium,63.6178,7.50,,error
low,63.6309,6.26,,error
medium,63.6335,4.21,,error
medium,55.3336,8306.58,429,shed
low,47.4809,16168.09,200,ok
low,52.9853,10665.77,429,shed
low,47.4204,16319.72,200,ok
low,63.7281,15.79,,error
low,63.7288,15.44,,error
low,63.7273,22.93,,error
low,63.7300,20.52,,error
low,63.7306,20.21,,error
low,63.7312,19.89,,error
medium,63.7318,19.59,,error
medium,63.7367,15.03,,error
medium,63.7380,14.04,,error
medium,63.7387,13.68,,error
high,63.7393,13.32,,error
low,63.7414,11.56,,error
low,63.7421,11.17,,error
medium,63.7427,10.82,,error
low,63.7294,24.43,,error
medium,63.7553,3.20,,error
low,63.7559,2.84,,error
high,63.7539,5.15,,error
low,63.7602,2.31,,error
medium,50.0193,13750.39,200,ok
low,63.7703,3.22,,error
medium,63.7837,2.93,,error
low,63.7807,6.17,,error
low,63.7910,3.58,,error
high,63.8008,5.78,,error
medium,63.8028,4.10,,error
low,63.8036,3.58,,error
low,63.8103,3.28,,error
medium,63.8178,3.03,,error
low,63.8208,2.56,,error
low,63.8306,3.21,,error
medium,63.8340,3.60,,error
low,63.8408,3.48,,error
medium,63.8523,3.20,,error
low,63.8531,2.74,,error
high,63.8504,5.73,,error
low,63.8602,3.12,,error
medium,63.8677,3.03,,error
low,63.8707,1.79,,error
low,63.8807,2.91,,error
medium,63.8836,1.85,,error
low,43.2303,20662.79,200,ok
low,43.0341,20858.99,200,ok
medium,51.4844,12415.90,200,ok
low,63.9026,2.54,,error
low,63.9108,2.80,,error
medium,63.9177,3.23,,error
low,63.9209,2.54,,error
medium,52.1174,11812.80,200,ok
medium,63.9337,2.79,,error
low,63.9406,2.90,,error
low,43.1905,20766.96,200,ok
low,43.2805,20677.03,200,ok
low,63.9544,4.35,,error
low,63.9604,3.17,,error
high,50.3508,13613.32,200,ok
low,63.9704,3.26,,error
medium,55.7564,8227.73,429,shed
medium,63.9842,2.73,,error
medium,55.6344,8358.64,429,shed
medium,64.0029,4.78,,error
low,64.0044,3.62,,error
high,64.0006,7.77,,error
low,64.0105,2.67,,error
high,55.9509,8063.13,429,shed
medium,53.1527,10863.13,200,ok
low,64.0312,5.36,,error
medium,64.0337,3.09,,error
low,64.0410,2.58,,error
high,64.0508,5.00,,error
low,45.7680,18288.47,200,ok
medium,64.0528,4.02,,error
low,64.0544,2.78,,error
low,55.8671,8192.29,429,shed
low,47.5577,16502.17,200,ok
low,55.8710,8189.52,429,shed
medium,55.1669,8920.46,429,shed
medium,64.0841,3.59,,error
high,50.2012,13906.87,200,ok
low,64.1061,3.77,,error
high,64.1009,9.22,,error
low,64.1103,1.93,,error
medium,64.1174,3.34,,error
low,64.1207,2.78,,error
low,64.1307,2.93,,error
medium,64.1337,1.93,,error
low,55.0077,9135.86,429,shed
medium,52.1677,11979.86,200,ok
medium,64.1533,2.60,,error
low,64.1542,2.47,,error
low,64.1608,4.02,,error
medium,64.1670,3.38,,error
low,64.1704,2.49,,error
medium,55.2535,8936.04,429,shed
low,52.7209,11471.18,429,shed
medium,64.1921,5.87,,error
low,47.2805,16925.82,200,ok
medium,64.2026,5.74,,error
low,64.2046,3.99,,error
low,64.2113,8.33,,error
medium,50.2678,13954.38,200,ok
low,54.2805,9954.69,429,shed
medium,55.2881,8947.16,429,shed
low,54.3815,9853.76,429,shed
low,64.2225,13.54,,error
medium,49.2026,15045.11,200,ok
medium,55.3569,8890.77,429,shed
medium,55.3849,8865.61,429,shed
low,55.2920,8958.56,429,shed
high,52.2007,12053.36,200,ok
medium,52.3842,11879.61,200,ok
low,46.5707,17706.14,200,ok
low,46.9305,17349.34,200,ok
low,54.7403,9539.58,429,shed
low,54.6202,9659.67,429,shed
low,54.5705,9709.40,429,shed
low,55.0351,9244.75,429,shed
medium,55.8716,8427.87,429,shed
medium,64.3171,2.44,,error
low,64.3205,1.97,,error
low,44.3562,19969.45,200,ok
medium,52.4195,11906.92,200,ok
low,64.3407,4.03,,error
medium,55.9934,8353.69,429,shed
low,46.8306,17524.12,200,ok
low,64.3525,4.23,,error
high,50.7010,13657.37,200,ok
medium,64.3669,2.67,,error
low,64.3707,2.84,,error
low,47.3810,17002.10,200,ok
medium,64.3845,3.05,,error
low,64.3906,2.89,,error
high,64.4014,4.37,,error
medium,64.4035,5.67,,error
low,64.4044,5.01,,error
medium,56.2358,8177.29,429,shed
low,55.8677,8546.18,429,shed
low,64.4203,3.22,,error
low,45.1911,19242.26,200,ok
low,44.9604,19474.29,200,ok
low,45.0904,19345.82,200,ok
low,47.3908,17058.49,200,ok
medium,64.4524,2.84,,error
low,64.4531,2.38,,error
low,64.4610,3.65,,error
medium,64.4678,2.82,,error
low,64.4706,2.89,,error
medium,56.2527,8224.83,429,shed
medium,64.4844,2.24,,error
low,64.4907,2.84,,error
low,44.4305,20067.50,200,ok
medium,53.3531,11145.36,200,ok
low,44.8272,19678.52,200,ok
low,47.4417,17076.32,200,ok
low,55.1607,9360.83,429,shed
low,64.5221,1.81,,error
low,64.5322,3.78,,error
medium,64.5345,1.83,,error
low,64.5405,3.00,,error
medium,56.4680,8076.82,429,shed
medium,64.5531,4.41,,error
low,64.5551,2.75,,error
low,64.5604,2.09,,error
medium,56.4394,8125.50,429,shed
medium,52.4026,12164.09,200,ok
high,51.7016,12874.18,200,ok
low,56.1407,8435.09,429,shed
low,64.5908,3.57,,error
low,45.2201,19379.63,200,ok
low,64.6080,11.52,,error
low,64.6121,8.11,,error
high,64.6009,19.76,,error
low,64.6225,4.70,,error
medium,64.6209,6.71,,error
low,45.8303,18799.89,200,ok
low,56.4352,8211.18,429,shed
low,45.4816,19169.61,200,ok
low,45.5305,19120.66,200,ok
low,55.9612,8690.00,429,shed
low,45.5620,19089.25,200,ok
low,45.6217,19029.54,200,ok
medium,56.5687,8100.58,429,shed
low,64.6703,3.90,,error
low,56.4746,8205.46,429,shed
medium,64.6835,45.22,,error
low,56.2535,8492.73,429,shed
low,56.4216,8324.67,429,shed
medium,56.4522,8294.12,429,shed
medium,50.4343,14312.01,200,ok
low,45.6190,19127.36,200,ok
low,45.0304,19716.00,200,ok
low,46.7805,17965.83,200,ok
low,56.5122,8234.21,429,shed
low,46.7303,18016.12,200,ok
low,46.7919,17954.53,200,ok
low,47.4703,17276.11,200,ok
medium,53.4168,11329.62,200,ok
low,46.8410,17906.33,200,ok
medium,56.4248,8329.35,429,shed
high,56.5026,8253.20,429,shed
low,64.7703,2.20,,error
low,64.7809,3.82,,error
medium,51.8024,12984.32,200,ok
low,47.1436,17644.21,200,ok
low,47.1546,17633.19,200,ok
low,64.8048,2.97,,error
high,64.8009,7.22,,error
low,64.8106,2.03,,error
low,45.2034,19609.92,200,ok
low,45.2106,19603.07,200,ok
medium,56.5528,8272.98,429,shed
low,45.7657,19060.12,200,ok
medium,53.7178,11109.83,200,ok
low,46.9413,17902.82,200,ok
low,46.8055,18042.28,200,ok
medium,51.9675,12887.27,200,ok
low,47.8654,16990.95,200,ok
medium,56.5175,8339.48,429,shed
medium,52.4673,12394.79,200,ok
high,52.0010,12864.50,200,ok
medium,56.5847,8280.85,429,shed
low,56.0203,8858.01,429,shed
medium,52.1017,12786.85,200,ok
low,47.8629,17040.34,200,ok
high,64.9033,10.44,,error
low,64.9118,2.93,,error
medium,52.9837,11936.07,200,ok
low,64.9204,2.71,,error
medium,64.9367,3.22,,error
low,64.9303,10.70,,error
low,64.9410,2.86,,error
medium,49.3698,15579.63,200,ok
medium,56.8509,8119.89,429,shed
low,64.9712,1.88,,error
high,64.9507,24.33,,error
medium,64.9701,5.28,,error
medium,64.9601,15.60,,error
low,64.9809,3.02,,error
low,45.3625,19623.98,200,ok
low,56.0305,8955.95,429,shed
medium,64.9839,3.00,,error
low,47.8678,17121.73,200,ok
medium,52.8844,12112.68,200,ok
low,47.1458,17859.13,200,ok
low,47.2327,17772.21,200,ok
medium,55.3669,9642.27,429,shed
medium,56.5045,8508.12,429,shed
medium,65.0341,2.57,,error
medium,56.8482,8191.76,429,shed
low,47.1353,17919.48,200,ok
low,47.8642,17190.52,200,ok
low,47.7053,17350.08,200,ok
low,65.0612,3.47,,error
medium,65.0677,3.06,,error
low,65.0708,2.80,,error
low,65.0808,2.75,,error
low,47.1570,17927.17,200,ok
low,47.1451,17940.96,200,ok
medium,56.6170,8484.20,429,shed
low,47.1558,17945.39,200,ok
high,53.2510,11853.77,200,ok
low,56.8902,8215.38,429,shed
low,47.4105,17698.24,200,ok
medium,52.9182,12191.01,200,ok
high,56.8527,8257.28,429,shed
medium,65.1344,2.41,,error
low,65.1409,2.10,,error
high,65.1513,4.53,,error
medium,65.1533,3.44,,error
low,65.1542,2.91,,error
medium,52.5035,12653.65,200,ok
medium,54.6845,10488.26,200,ok
low,65.1702,3.42,,error
medium,56.8501,8325.82,429,shed
low,55.2845,9893.45,429,shed
low,55.2867,9892.49,429,shed
high,65.2009,10.13,,error
medium,65.2032,8.14,,error
low,65.2045,7.12,,error
low,65.2117,2.85,,error
medium,65.2177,3.50,,error
low,65.2212,3.41,,error
medium,53.4022,11825.47,200,ok
medium,65.2335,3.06,,error
low,56.4203,8819.54,429,shed
low,55.3241,9917.36,429,shed
low,55.5103,9731.17,429,shed
low,47.2402,18175.45,200,ok
medium,52.6335,12782.17,200,ok
low,47.3617,18053.98,200,ok
low,56.5053,8910.47,429,shed
low,47.4573,17958.57,200,ok
low,56.8326,8583.23,429,shed
low,56.5913,8824.56,429,shed
medium,57.6342,7781.73,429,shed
low,57.1391,8276.81,429,shed
low,56.8447,8571.17,429,shed
low,56.8724,8543.53,429,shed
low,56.8424,8573.59,429,shed
high,57.6506,7765.36,429,shed
low,45.3705,20045.50,200,ok
low,47.1564,18259.58,200,ok
low,45.5203,19895.73,200,ok
low,47.8636,17570.62,200,ok
low,47.8648,17569.42,200,ok
medium,54.7529,10681.37,200,ok
low,65.4118,29.10,,error
low,65.4125,28.81,,error
low,65.4131,28.53,,error
low,65.4140,27.95,,error
low,65.4147,27.56,,error
medium,65.4323,11.43,,error
low,65.4203,24.17,,error
low,65.4215,23.25,,error
low,65.4226,22.47,,error
low,65.4358,10.01,,error
low,65.4374,8.75,,error
medium,65.4385,7.89,,error
medium,65.4309,18.91,,error
high,65.4286,21.57,,error
low,65.4464,5.49,,error
high,65.4535,5.63,,error
medium,65.4555,4.05,,error
low,65.4571,2.75,,error
low,65.4610,2.09,,error
medium,65.4682,6.31,,error
low,65.4718,3.05,,error
medium,52.0036,13473.91,200,ok
medium,52.8670,12611.35,200,ok
medium,57.5392,7946.76,429,shed
low,65.5042,3.63,,error
medium,65.5025,5.69,,error
high,65.5002,8.38,,error
low,65.5107,3.09,,error
low,47.1358,18384.58,200,ok
low,46.6704,18856.57,200,ok
medium,57.8522,7674.82,429,shed
medium,65.5170,10.57,,error
low,65.5419,3.18,,error
high,52.1003,13447.03,200,ok
medium,52.3170,13231.30,200,ok
low,47.8820,17667.39,200,ok
low,65.5607,3.81,,error
medium,65.5676,4.22,,error
low,65.5719,3.93,,error
high,58.0180,7558.95,429,shed
low,47.5376,18046.70,200,ok
medium,52.6670,12917.32,200,ok
high,65.6009,6.62,,error
medium,65.6032,4.70,,error
low,65.6049,3.38,,error
low,65.6109,4.31,,error
medium,65.6174,3.33,,error
low,65.6208,2.44,,error
low,47.8793,17748.55,200,ok
medium,65.6335,3.21,,error
low,65.6409,3.09,,error
medium,58.0345,7622.47,429,shed
low,65.6555,3.49,,error
high,65.6519,7.49,,error
low,65.6608,4.80,,error
medium,65.6677,2.78,,error
low,65.6705,2.96,,error
low,65.6807,3.22,,error
medium,52.7019,12984.34,200,ok
low,47.5404,18146.51,200,ok
medium,65.6839,3.65,,error
low,65.7056,2.49,,error
high,65.7023,6.04,,error
low,65.7111,2.68,,error
low,57.6535,8061.96,429,shed
low,57.1834,8532.14,429,shed
low,65.7310,3.72,,error
medium,65.7347,2.88,,error
low,65.7407,3.92,,error
low,58.2108,7563.91,429,shed
low,58.1434,7631.25,429,shed
high,65.7513,24.08,,error
medium,65.7533,22.41,,error
low,65.7641,11.97,,error
low,65.7776,2.24,,error
low,65.7804,1.68,,error
medium,65.7842,5.64,,error
low,65.7910,4.79,,error
high,65.8010,4.33,,error
medium,65.8029,2.73,,error
low,65.8039,2.04,,error
low,65.8111,2.80,,error
medium,65.8170,2.43,,error
low,65.8205,1.92,,error
low,65.8306,3.01,,error
medium,65.8337,2.20,,error
low,65.8410,3.22,,error
high,65.8505,5.76,,error
medium,65.8526,3.97,,error
low,65.8541,2.84,,error
low,65.8611,2.83,,error
medium,52.1341,13735.68,200,ok
low,47.8805,17990.54,200,ok
low,65.8806,2.85,,error
medium,65.8835,1.94,,error
low,65.8915,2.82,,error
high,65.9006,6.01,,error
medium,65.9027,4.19,,error
low,65.9037,3.55,,error
medium,55.2177,10690.06,200,ok
medium,65.9179,3.89,,error
low,65.9218,2.75,,error
low,65.9307,3.10,,error
medium,65.9338,1.49,,error
low,65.9405,2.81,,error
high,65.9505,4.28,,error
medium,65.9526,2.51,,error
low,65.9533,2.04,,error
low,65.9605,3.11,,error
medium,65.9678,2.76,,error
low,65.9706,1.82,,error
low,65.9806,2.81,,error
medium,65.9845,2.04,,error
low,65.9907,2.50,,error
medium,66.0025,4.13,,error
low,66.0038,3.23,,error
high,66.0004,6.88,,error
low,66.0106,3.07,,error
medium,66.0178,2.77,,error
low,66.0206,1.73,,error
low,66.0306,2.92,,error
medium,66.0335,1.65,,error
low,66.0404,3.31,,error
low,58.0149,8040.90,429,shed
medium,66.0530,3.40,,error
low,66.0539,2.80,,error
low,66.0602,2.44,,error
medium,66.0670,2.44,,error
low,66.0705,3.01,,error
low,66.0807,3.34,,error
medium,66.0841,3.38,,error
high,52.1508,13942.01,200,ok
medium,66.1027,2.62,,error
low,66.1036,2.05,,error
high,66.1006,5.32,,error
low,66.1111,2.67,,error
medium,66.1169,2.38,,error
low,56.9122,9210.67,429,shed
low,66.1204,4.11,,error
medium,66.1336,2.39,,error
low,66.1411,2.67,,error
medium,66.1534,2.24,,error
low,66.1544,1.63,,error
high,66.1510,5.33,,error
low,66.1605,3.35,,error
low,58.3560,7808.55,429,shed
medium,58.5022,7663.21,429,shed
medium,52.2337,13933.10,200,ok
medium,66.1838,3.25,,error
low,66.1906,3.91,,error
high,66.2008,6.20,,error
medium,66.2031,4.35,,error
low,66.2047,3.09,,error
low,66.2109,2.98,,error
low,57.1385,9081.96,429,shed
medium,66.2171,3.80,,error
low,66.2311,3.56,,error
medium,66.2347,2.06,,error
low,66.2409,3.01,,error
high,66.2512,4.56,,error
medium,66.2533,2.77,,error
low,66.2543,2.01,,error
low,66.2605,4.26,,error
medium,66.2669,2.23,,error
low,66.2702,2.35,,error
low,66.2807,3.52,,error
medium,56.8495,9435.20,429,shed
low,66.2907,2.58,,error
medium,66.3026,2.26,,error
high,66.3005,4.62,,error
low,66.3034,2.08,,error
low,58.4532,7857.26,429,shed
medium,66.3170,3.33,,error
low,66.3204,1.63,,error
medium,50.5346,15789.16,200,ok
medium,66.3336,5.33,,error
low,66.3411,3.57,,error
low,56.4340,9922.62,429,shed
medium,66.3528,5.04,,error
low,66.3542,4.00,,error
medium,56.8488,9510.54,429,shed
low,56.8342,9527.89,429,shed
low,66.3739,6.32,,error
low,66.3805,2.58,,error
medium,66.3842,2.02,,error
high,53.3006,13093.24,200,ok
medium,66.4032,2.60,,error
low,66.4039,2.20,,error
high,66.4012,5.20,,error
low,66.4106,3.46,,error
medium,66.4172,2.78,,error
low,66.4211,2.03,,error
low,48.4103,18020.37,200,ok
medium,66.4344,3.25,,error
low,66.4408,3.04,,error
medium,56.8861,9562.01,429,shed
medium,66.4519,3.23,,error
low,66.4527,2.78,,error
low,66.4609,3.76,,error
high,52.3511,14114.17,200,ok
medium,52.9529,13516.66,200,ok
medium,54.3170,12153.47,200,ok
medium,66.4846,3.34,,error
medium,53.3338,13193.52,200,ok
low,58.5112,8016.17,429,shed
high,53.4004,13131.52,200,ok
medium,52.3693,14162.65,200,ok
low,66.4911,41.92,,error
low,66.5310,18.52,,error
low,66.5331,16.73,,error
medium,66.5340,16.07,,error
low,66.5199,30.45,,error
high,66.5506,3.95,,error
medium,66.5516,3.24,,error
low,66.5523,3.87,,error
low,66.5468,9.73,,error
low,66.5607,2.95,,error
medium,66.5678,3.00,,error
low,66.5708,2.28,,error
low,66.5812,3.37,,error
medium,66.5846,1.63,,error
low,66.5903,2.20,,error
low,44.7645,21842.45,200,ok
low,43.3806,23226.32,200,ok
low,44.4806,22126.31,200,ok
low,43.5879,23019.04,200,ok
high,66.6007,6.63,,error
medium,66.6027,5.00,,error
low,66.6035,4.43,,error
low,45.7945,20831.07,200,ok
low,45.1204,21513.18,200,ok
low,58.5714,8065.19,429,shed
medium,54.3020,12355.01,200,ok
medium,54.5534,12104.70,200,ok
low,66.6604,3.27,,error
low,66.6722,3.41,,error
medium,66.6682,7.72,,error
low,47.5460,19135.16,200,ok
low,47.5388,19142.87,200,ok
low,47.8672,18816.40,200,ok
medium,54.4671,12219.89,200,ok
medium,56.9173,9771.58,429,shed
low,44.4121,22279.86,200,ok
low,58.5804,8116.92,429,shed
medium,66.7169,2.80,,error
low,66.7208,2.69,,error
low,66.7307,4.00,,error
medium,57.9530,8783.89,429,shed
low,66.7408,2.43,,error
medium,66.7525,2.28,,error
low,66.7534,1.72,,error
high,66.7505,4.99,,error
high,53.4510,13306.91,200,ok
medium,54.4525,12305.45,200,ok
medium,58.0170,8752.60,429,shed
low,46.5350,20238.20,200,ok
low,48.8727,17905.64,200,ok
high,54.5515,12228.84,200,ok
low,58.7055,8074.88,429,shed
low,58.7040,8076.34,429,shed
low,56.5536,10254.16,429,shed
medium,58.9382,7871.28,429,shed
medium,55.0267,11785.90,200,ok
low,66.8206,4.18,,error
medium,52.4343,14391.15,200,ok
medium,66.8338,3.38,,error
low,66.8404,4.64,,error
medium,66.8521,100.30,,error
low,66.8563,96.41,,error
high,66.8503,102.76,,error
low,48.9793,17973.73,200,ok
medium,59.2341,7719.02,429,shed
low,47.5382,19414.87,200,ok
medium,55.6174,11335.75,200,ok
low,46.3985,20554.64,200,ok
medium,59.2521,7720.79,429,shed
low,48.8344,18138.49,200,ok
low,47.4605,19512.41,200,ok
low,56.8577,10115.58,429,shed
low,48.8905,18085.36,200,ok
medium,66.9464,32.35,,error
high,66.9470,32.02,,error
low,66.9294,49.91,,error
low,66.9700,10.72,,error
low,66.9707,10.32,,error
medium,66.9719,9.35,,error
low,66.9678,13.78,,error
medium,66.9713,10.54,,error
low,57.8205,9167.26,429,shed
low,66.9828,9.18,,error
medium,66.9863,6.22,,error
medium,66.9760,17.03,,error
low,66.9769,234.13,,error
high,54.3003,12950.92,200,ok
high,52.4503,14801.03,200,ok
high,59.4005,7850.85,429,shed
low,48.9208,18330.51,200,ok
medium,53.5052,13746.20,200,ok
medium,54.4358,12815.59,200,ok
low,48.9758,18275.64,200,ok
high,52.5020,14749.40,200,ok
medium,52.7677,14483.75,200,ok
low,48.9751,18276.35,200,ok
medium,54.6034,12648.12,200,ok
low,66.9932,258.66,,error
low,58.9364,8315.48,429,shed
medium,54.6174,12634.46,200,ok
medium,53.6038,13648.10,200,ok
medium,59.5517,7700.19,429,shed
low,48.9821,18279.32,200,ok
medium,67.2362,34.47,,error
medium,67.2368,34.77,,error
low,67.2374,35.54,,error
low,67.2382,35.46,,error
low,67.2388,35.17,,error
low,67.2394,34.89,,error
low,67.2400,34.59,,error
low,67.2406,34.27,,error
low,67.2412,33.96,,error
low,67.2418,33.66,,error
low,67.2424,33.35,,error
low,67.2430,33.05,,error
low,67.2436,32.77,,error
low,67.2443,32.34,,error
low,67.2449,32.03,,error
low,67.2455,31.71,,error
low,67.2461,31.40,,error
low,67.2467,31.08,,error
low,67.2473,30.77,,error
low,67.2479,30.46,,error
low,67.2486,30.15,,error
low,67.2492,29.83,,error
low,67.2498,29.54,,error
low,67.2505,29.13,,error
low,67.2561,24.25,,error
low,67.2573,23.42,,error
low,67.2579,23.04,,error
low,67.2586,22.70,,error
medium,67.2592,22.37,,error
medium,67.2598,22.05,,error
high,67.2607,21.51,,error
low,67.2617,20.79,,error
medium,67.2288,53.98,,error
low,59.2622,8025.22,429,shed
medium,67.2828,11.00,,error
low,48.9764,18318.12,200,ok
high,59.7011,7593.47,429,shed
high,54.4511,12843.42,200,ok
low,49.0546,18240.02,200,ok
medium,59.6019,7695.93,429,shed
medium,55.7570,11550.43,200,ok
high,54.8025,12514.36,200,ok
medium,67.3170,2.73,,error
medium,59.8072,7516.02,429,shed
high,59.8533,7470.02,429,shed
low,49.0311,18292.18,200,ok
low,67.3201,4.04,,error
low,49.0040,18320.21,200,ok
low,49.6944,17685.09,200,ok
low,59.4107,7998.48,429,shed
high,53.5009,13908.32,200,ok
high,59.5511,7858.17,429,shed
low,67.3611,49.18,,error
medium,67.3675,43.36,,error
low,67.3715,42.94,,error
high,67.3510,63.93,,error
low,59.0914,8339.95,429,shed
low,58.9351,8497.96,429,shed
low,58.9325,8505.71,429,shed
low,49.0108,18427.45,200,ok
high,54.9514,12491.15,200,ok
medium,55.7557,11686.88,200,ok
medium,56.0338,11415.13,200,ok
low,67.4417,13.89,,error
low,67.4433,12.59,,error
high,67.4503,5.94,,error
medium,67.4518,4.70,,error
low,67.4530,3.79,,error
low,67.4604,5.39,,error
medium,67.4669,3.53,,error
low,67.4705,3.09,,error
low,59.5480,7936.14,429,shed
low,59.1803,8307.31,429,shed
low,59.2707,8216.88,429,shed
medium,67.5031,5.66,,error
low,67.5046,4.59,,error
high,67.5008,8.72,,error
low,50.3537,17159.27,200,ok
low,50.2202,17295.66,200,ok
low,67.5202,2.91,,error
low,58.7078,8823.95,429,shed
low,58.9190,8612.77,429,shed
low,67.5404,3.44,,error
low,59.9408,7626.34,429,shed
high,60.0013,7565.94,429,shed
low,59.5524,8014.88,429,shed
low,49.0810,18486.21,200,ok
low,59.9606,7606.72,429,shed
low,49.3552,18212.06,200,ok
medium,67.5535,14.29,,error
low,67.5563,11.79,,error
high,67.5510,17.37,,error
low,58.9292,8648.65,429,shed
medium,59.1672,8410.71,429,shed
medium,54.8682,12710.28,200,ok
medium,54.5671,13017.10,200,ok
low,59.2412,8354.78,429,shed
low,58.9370,8659.00,429,shed
medium,56.0179,11611.89,200,ok
medium,55.9525,11677.28,200,ok
low,67.6403,3.24,,error
high,67.6508,6.83,,error
medium,67.6530,4.90,,error
low,67.6545,3.78,,error
low,48.0413,19621.68,200,ok
medium,67.6672,3.62,,error
low,67.6708,2.79,,error
low,67.6808,3.86,,error
medium,67.6847,12.82,,error
low,67.6902,7.93,,error
medium,55.0032,12746.11,200,ok
low,48.1091,19640.33,200,ok
high,52.6510,15098.45,200,ok
low,48.3532,19396.23,200,ok
medium,54.8040,12979.16,200,ok
low,49.0212,18761.96,200,ok
low,67.7471,37.19,,error
low,67.7483,36.36,,error
low,49.0603,18724.34,200,ok
medium,60.0172,7774.69,429,shed
medium,55.0694,12722.52,200,ok
medium,59.2030,8588.91,429,shed
low,67.7992,33.54,,error
low,67.7887,54.51,,error
low,67.7894,54.11,,error
medium,67.7900,53.80,,error
medium,67.7910,53.06,,error
low,67.7874,57.01,,error
medium,56.4257,11420.03,200,ok
medium,67.8350,20.62,,error
low,67.8392,17.00,,error
low,67.8400,16.53,,error
low,67.8406,16.19,,error
low,67.8412,15.85,,error
medium,67.8459,11.46,,error
low,67.8471,10.56,,error
high,67.8328,25.22,,error
medium,67.8539,10.71,,error
low,67.8546,10.32,,error
low,67.8605,4.78,,error
high,67.8521,13.47,,error
low,47.5397,20332.94,200,ok
medium,67.8692,4.99,,error
medium,54.7197,13158.62,200,ok
medium,67.8836,2.08,,error
low,67.8908,5.12,,error
low,48.6608,19236.01,200,ok
low,60.2307,7667.61,429,shed
high,55.2508,12649.15,200,ok
low,49.1413,18765.48,200,ok
low,49.1039,18806.43,200,ok
low,67.9214,6.31,,error
low,67.9308,3.08,,error
medium,67.9339,2.57,,error
low,67.9411,2.64,,error
medium,67.9531,3.06,,error
low,67.9546,1.96,,error
high,67.9510,5.88,,error
low,67.9611,2.64,,error
medium,67.9678,2.57,,error
low,67.9705,1.78,,error
high,53.3510,14624.61,200,ok
medium,52.9352,15043.66,200,ok
low,67.9911,4.31,,error
medium,59.8559,8153.45,429,shed
medium,59.5501,8459.29,429,shed
medium,60.3353,7677.40,429,shed
high,68.0006,12.51,,error
medium,68.0177,6.64,,error
low,68.0205,4.25,,error
low,68.0309,8.77,,error
medium,68.0348,5.42,,error
low,68.0402,5.40,,error
medium,59.9177,8133.96,429,shed
low,59.6906,8369.82,429,shed
low,68.0570,7.02,,error
low,68.0605,3.98,,error
medium,59.9678,8111.31,429,shed
low,59.8114,8267.79,429,shed
low,68.0807,2.36,,error
medium,68.0847,2.83,,error
low,68.0906,3.98,,error
medium,68.1030,3.20,,error
low,68.1038,2.66,,error
high,68.1009,5.93,,error
low,68.1110,3.81,,error
medium,68.1169,3.90,,error
low,68.1208,2.92,,error
low,68.1314,5.14,,error
high,60.3513,7785.27,429,shed
medium,60.2836,7855.13,429,shed
medium,68.1528,2.70,,error
low,68.1536,2.25,,error
high,68.1507,5.41,,error
low,68.1603,3.30,,error
medium,68.1677,2.26,,error
low,68.1711,2.42,,error
low,68.1807,2.93,,error
medium,68.1836,1.84,,error
low,68.1906,2.96,,error
high,68.2008,5.80,,error
medium,68.2028,4.06,,error
low,68.2037,3.54,,error
low,68.2103,2.30,,error
medium,60.4522,7764.86,429,shed
low,60.2604,7956.70,429,shed
low,48.0918,20134.25,200,ok
low,68.2312,4.59,,error
low,68.2403,4.37,,error
high,68.2509,119.01,,error
medium,68.2530,117.30,,error
low,68.2538,116.78,,error
low,51.2207,17168.04,200,ok
medium,60.5029,7885.94,429,shed
low,51.1916,17197.21,200,ok
medium,56.3518,12037.06,200,ok
low,48.0533,20335.51,200,ok
low,49.1113,19277.56,200,ok
medium,60.5530,7835.95,429,shed
low,49.1613,19231.03,200,ok
low,59.2822,9110.13,429,shed
low,68.3813,16.72,,error
low,68.3819,16.45,,error
low,68.3826,16.14,,error
medium,68.3832,15.82,,error
medium,68.3838,15.52,,error
medium,68.3844,15.21,,error
medium,68.3851,14.79,,error
medium,68.3857,14.47,,error
medium,68.3863,14.16,,error
medium,68.3869,13.85,,error
high,68.3875,13.53,,error
high,68.3881,13.24,,error
low,68.3909,10.70,,error
medium,68.3917,10.24,,error
low,68.3925,9.71,,error
high,59.9512,8456.47,429,shed
high,68.4027,5.82,,error
low,68.4049,4.22,,error
low,49.1215,19291.03,200,ok
low,49.1815,19231.04,200,ok
low,68.4205,1.97,,error
low,59.5111,8916.44,429,shed
medium,68.4348,4.46,,error
low,68.4407,2.92,,error
medium,68.4534,2.58,,error
low,68.4544,1.91,,error
high,68.4513,5.35,,error
low,68.4643,3.57,,error
medium,68.4679,2.71,,error
low,68.4706,1.97,,error
low,68.4808,2.94,,error
low,49.1735,19312.11,200,ok
low,68.4911,3.62,,error
low,48.1410,20357.92,200,ok
low,68.5037,2.64,,error
high,68.5011,5.56,,error
low,50.4201,18088.63,200,ok
low,50.4143,18095.22,200,ok
low,49.2035,19307.05,200,ok
low,58.9358,9576.75,429,shed
low,50.5311,17982.01,200,ok
medium,60.5842,7942.81,429,shed
low,59.2313,9318.30,429,shed
medium,68.5528,3.22,,error
low,68.5537,2.64,,error
low,68.5603,2.20,,error
high,56.3506,12215.53,200,ok
low,68.5710,2.78,,error
low,49.3658,19209.56,200,ok
low,60.3713,8215.43,429,shed
high,60.2016,8387.31,429,shed
low,50.6411,17954.63,200,ok
medium,60.4275,8168.24,429,shed
high,68.6009,6.55,,error
low,50.9103,17704.32,200,ok
high,60.4506,8165.21,429,shed
low,49.2717,19352.00,200,ok
low,50.6305,17998.19,200,ok
low,60.4257,8203.02,429,shed
low,68.6412,8.49,,error
low,59.4940,9168.94,429,shed
medium,56.3031,12359.82,200,ok
low,68.6630,3.94,,error
high,68.6510,16.27,,error
medium,68.6674,3.70,,error
low,68.6712,2.39,,error
low,60.4704,8213.10,429,shed
medium,60.6529,8125.68,429,shed
high,53.6011,15177.54,200,ok
high,60.7008,8077.81,429,shed
low,59.7409,9037.77,429,shed
medium,56.8469,11931.81,200,ok
low,49.9407,18841.42,200,ok
low,50.0707,18711.43,200,ok
low,60.4317,8354.70,429,shed
low,68.7739,17.08,,error
low,68.7745,16.79,,error
low,68.7751,16.49,,error
low,68.7763,15.54,,error
high,68.7769,15.22,,error
high,68.7775,14.91,,error
medium,68.7802,12.52,,error
medium,68.7811,11.97,,error
medium,68.7897,6.96,,error
low,68.7934,3.51,,error
low,68.7878,9.60,,error
low,68.7864,11.33,,error
medium,68.8052,3.48,,error
low,68.8064,2.60,,error
high,68.8009,8.52,,error
low,59.8906,8922.59,429,shed
low,59.8091,9004.10,429,shed
low,49.6950,19131.97,200,ok
low,68.8310,3.41,,error
medium,68.8345,2.13,,error
medium,60.7923,8053.09,429,shed
high,53.8006,15044.83,200,ok
high,68.8509,7.12,,error
medium,68.8529,5.40,,error
low,68.8608,2.69,,error
medium,68.8677,5.10,,error
low,68.8728,2.70,,error
medium,58.0160,10860.12,200,ok
high,55.3550,13527.55,200,ok
low,68.8908,2.84,,error
low,60.6411,8258.37,429,shed
medium,54.9335,13970.88,200,ok
high,68.9006,5.17,,error
low,68.9104,3.17,,error
medium,68.9177,3.21,,error
low,68.9210,2.48,,error
low,68.9306,3.95,,error
medium,68.9346,2.00,,error
low,68.9407,3.87,,error
medium,60.7941,8161.38,429,shed
low,51.1104,17845.64,200,ok
high,68.9508,6.05,,error
low,68.9605,3.09,,error
medium,68.9677,2.90,,error
low,68.9706,1.91,,error
low,49.3574,19620.04,200,ok
low,49.4807,19497.25,200,ok
low,68.9906,3.06,,error
medium,69.0029,3.81,,error
low,69.0038,3.27,,error
high,69.0009,6.51,,error
low,69.0105,2.11,,error
medium,60.8161,8200.33,429,shed
low,51.3302,17688.79,200,ok
low,69.0321,5.43,,error
medium,69.0344,3.47,,error
low,60.7887,8250.79,429,shed
low,60.9724,8067.93,429,shed
high,55.0010,14042.68,200,ok
low,49.5307,19516.12,200,ok
medium,55.7543,13310.10,200,ok
low,69.0611,3.79,,error
low,69.0706,3.45,,error
low,51.5612,17524.43,200,ok
low,69.0813,5.77,,error
low,69.0905,3.69,,error
low,60.4299,8670.09,429,shed
low,51.2609,17839.68,200,ok
low,69.1027,2.15,,error
low,69.1105,3.17,,error
medium,60.4344,8682.97,429,shed
low,51.4818,17637.75,200,ok
low,69.1311,3.67,,error
medium,69.1348,1.85,,error
low,69.1408,4.09,,error
medium,69.1532,3.37,,error
low,69.1541,2.79,,error
high,69.1511,6.07,,error
low,69.1603,2.37,,error
low,60.5538,8611.29,429,shed
high,61.0677,8102.46,429,shed
low,50.3304,18843.41,200,ok
medium,69.1839,3.37,,error
medium,57.2179,11972.31,200,ok
medium,60.5669,8626.69,429,shed
low,51.4761,17718.06,200,ok
low,51.4774,17717.33,200,ok
low,49.6133,19582.99,200,ok
high,56.6505,12545.72,200,ok
low,49.3646,19831.72,200,ok
low,49.5111,19685.78,200,ok
low,51.5410,17680.99,200,ok
low,69.2407,48.89,,error
low,49.5409,19758.50,200,ok
low,52.4033,16896.10,200,ok
medium,58.3839,10915.56,200,ok
medium,58.3086,10990.86,200,ok
low,50.4708,18830.55,200,ok
low,50.7042,18597.21,200,ok
low,51.6105,17690.86,200,ok
high,56.6032,12701.55,200,ok
medium,69.3026,5.10,,error
low,69.3032,4.79,,error
medium,60.4861,8826.80,429,shed
low,69.2959,21.10,,error
low,69.3130,4.46,,error
medium,69.3175,3.19,,error
low,69.3207,3.77,,error
low,69.3307,4.85,,error
low,60.5310,8807.94,429,shed
low,60.4904,8848.62,429,shed
high,69.3527,7.41,,error
medium,69.3552,5.38,,error
low,69.3568,4.05,,error
medium,56.6678,12701.06,200,ok
low,69.3653,7.76,,error
medium,69.3689,6.03,,error
low,69.3807,3.69,,error
medium,69.3845,2.73,,error
medium,58.4523,10940.67,200,ok
medium,57.9173,11493.05,200,ok
low,69.4063,7.35,,error
low,69.4106,3.57,,error
high,69.4016,12.86,,error
medium,69.4169,3.47,,error
high,61.6513,7770.29,429,shed
medium,59.4178,10006.04,200,ok
medium,69.4357,3.08,,error
low,69.4412,3.32,,error
medium,60.5173,8960.44,429,shed
medium,56.0024,13482.92,200,ok
medium,61.6038,7881.53,429,shed
low,60.5808,8905.83,429,shed
medium,60.6024,8884.86,429,shed
low,69.4873,6.26,,error
medium,69.4884,5.41,,error
medium,69.4713,22.84,,error
low,69.4907,3.94,,error
medium,57.8177,11700.56,200,ok
high,56.5512,12967.10,200,ok
medium,57.6526,11865.73,200,ok
high,69.5011,17.69,,error
medium,56.9045,12618.81,200,ok
medium,69.5030,24.87,,error
medium,56.8515,12677.51,200,ok
medium,69.5354,4.32,,error
low,69.5408,3.08,,error
high,57.3502,12264.48,200,ok
high,69.5513,66.99,,error
low,52.0812,17537.08,200,ok
medium,61.4669,8151.45,429,shed
medium,61.5344,8084.43,429,shed
low,69.6098,13.64,,error
low,69.6107,13.03,,error
low,69.6114,12.69,,error
medium,69.6120,12.39,,error
medium,69.6126,12.06,,error
medium,69.6132,11.73,,error
high,69.6138,11.43,,error
low,69.6168,8.76,,error
medium,69.6188,7.00,,error
low,48.2212,21406.76,200,ok
low,48.4411,21186.88,200,ok
high,56.2009,13458.36,200,ok
medium,69.6336,26.30,,error
medium,69.6579,8.70,,error
low,69.6519,15.12,,error
low,69.6541,13.36,,error
low,69.6642,6.05,,error
medium,69.6679,2.70,,error
low,49.6576,20018.02,200,ok
low,69.6807,11.68,,error
low,69.6962,5.39,,error
medium,69.6930,16.91,,error
medium,69.7035,10.18,,error
low,69.7049,9.16,,error
low,69.7105,3.93,,error
high,69.7017,13.07,,error
low,60.3810,9338.18,429,shed
low,69.7205,2.28,,error
low,69.7310,4.85,,error
low,51.8603,17876.16,200,ok
low,51.7901,17946.35,200,ok
medium,69.7531,4.77,,error
low,69.7553,3.01,,error
high,69.7507,7.90,,error
low,69.7607,3.24,,error
low,51.9207,17846.79,200,ok
low,51.9817,17788.88,200,ok
low,51.8906,17879.97,200,ok
low,49.7707,20003.24,200,ok
low,49.7304,20054.35,200,ok
low,52.6307,17163.67,200,ok
low,69.8346,13.70,,error
low,69.8415,7.11,,error
medium,69.8426,6.26,,error
low,69.8393,9.94,,error
medium,69.8434,6.11,,error
medium,69.8058,44.00,,error
low,69.8322,17.85,,error
medium,61.7538,8099.04,429,shed
low,61.6572,8195.59,429,shed
low,49.8111,20041.77,200,ok
medium,59.8170,10036.33,200,ok
low,51.5526,18307.98,200,ok
medium,69.8678,2.84,,error
low,69.8707,1.75,,error
low,69.8806,3.20,,error
medium,69.8839,3.47,,error
low,69.8905,3.91,,error
medium,56.1172,13777.29,200,ok
medium,69.9031,4.20,,error
low,69.9048,2.83,,error
low,69.9112,2.73,,error
medium,69.9170,3.24,,error
low,69.9203,2.93,,error
low,52.0535,17880.58,200,ok
medium,69.9342,3.82,,error
low,69.9405,4.26,,error
medium,69.9532,3.60,,error
low,69.9547,2.48,,error
high,69.9510,6.50,,error
low,69.9606,2.05,,error
high,54.7506,15216.83,200,ok
low,61.8413,8132.77,429,shed
low,69.9805,3.32,,error
medium,69.9839,2.79,,error
low,61.9703,8020.92,429,shed
medium,61.9521,8039.14,429,shed
medium,70.0030,3.90,,error
low,70.0045,2.78,,error
low,70.0108,3.81,,error
medium,70.0178,2.69,,error
low,70.0205,2.74,,error
low,70.0304,3.22,,error
medium,70.0336,1.47,,error
low,70.0402,2.48,,error
medium,70.0529,2.67,,error
low,70.0538,1.98,,error
high,70.0509,5.59,,error
low,70.0606,2.96,,error
medium,60.8211,9248.42,429,shed
low,70.0703,2.10,,error
low,70.0805,2.56,,error
medium,70.0842,1.72,,error
low,70.0910,3.59,,error
medium,70.1029,2.58,,error
low,70.1036,2.16,,error
high,70.1007,5.38,,error
low,70.1102,3.53,,error
medium,70.1178,3.34,,error
low,70.1212,1.53,,error
low,70.1309,2.80,,error
medium,70.1337,1.54,,error
low,70.1405,3.12,,error
high,70.1516,4.95,,error
medium,70.1537,3.14,,error
low,70.1546,2.59,,error
low,70.1604,2.49,,error
medium,70.1670,2.53,,error
low,70.1707,2.92,,error
low,70.1808,3.93,,error
medium,70.1847,2.78,,error
low,70.1907,2.94,,error
medium,60.9704,9228.27,429,shed
medium,60.8859,9319.76,429,shed
low,51.6411,18564.57,200,ok
low,70.2112,3.85,,error
medium,70.2172,4.60,,error
low,70.2218,3.77,,error
low,70.2308,5.80,,error
medium,70.2344,2.45,,error
low,70.2410,3.73,,error
high,70.2510,5.67,,error
medium,70.2531,3.90,,error
low,70.2539,3.35,,error
low,70.2604,3.26,,error
medium,62.1427,8128.37,429,shed
low,60.4609,9813.38,429,shed
low,51.6835,18590.83,200,ok
low,51.7104,18564.41,200,ok
high,56.4238,13857.17,200,ok
high,56.4504,13830.53,200,ok
low,70.3039,3.33,,error
high,70.3010,6.61,,error
low,70.3103,3.37,,error
medium,70.3178,3.87,,error
low,70.3217,2.76,,error
low,70.3306,3.81,,error
medium,70.3345,3.02,,error
low,70.3406,4.02,,error
high,70.3509,5.67,,error
medium,70.3529,3.95,,error
low,70.3537,3.50,,error
low,70.3603,3.28,,error
medium,70.3677,2.92,,error
high,56.9003,13472.45,200,ok
high,56.8533,13520.91,200,ok
high,56.8521,13522.63,200,ok
medium,62.2844,8099.82,429,shed
low,60.4807,9903.54,429,shed
low,60.5108,9873.43,429,shed
medium,55.8722,14546.63,200,ok
medium,62.2177,8202.19,429,shed
medium,70.4201,4.01,,error
low,70.4216,3.00,,error
low,70.4314,4.08,,error
medium,70.4337,2.09,,error
low,70.4406,2.93,,error
medium,70.4531,6.47,,error
low,70.4566,3.27,,error
high,70.4512,8.96,,error
low,70.4602,2.23,,error
medium,70.4676,3.53,,error
low,70.4712,3.30,,error
medium,58.2178,12266.55,200,ok
high,61.7002,8784.15,429,shed
medium,58.0544,12429.95,200,ok
medium,61.7836,8709.01,429,shed
low,70.5042,2.57,,error
high,70.5011,6.01,,error
low,60.5609,9949.06,429,shed
low,60.6032,9907.44,429,shed
medium,62.3528,8159.75,429,shed
high,61.6014,8911.82,429,shed
medium,55.9036,14626.11,200,ok
medium,56.0685,14461.32,200,ok
low,62.1387,8397.60,429,shed
low,62.3911,8146.14,429,shed
low,60.7027,9835.75,429,shed
low,60.6219,9916.52,429,shed
low,51.7306,18807.88,200,ok
low,52.1025,18440.37,200,ok
medium,60.0843,10464.01,200,ok
medium,58.4378,12112.08,200,ok
medium,62.4030,8152.16,429,shed
low,51.9421,18655.29,200,ok
medium,70.6033,4.99,,error
low,70.6043,4.31,,error
low,70.6110,2.52,,error
medium,56.8475,13769.50,200,ok
low,70.6224,4.30,,error
low,70.6308,2.85,,error
medium,70.6337,3.40,,error
low,70.6402,2.70,,error
high,70.6512,10.64,,error
medium,70.6532,8.92,,error
low,70.6540,8.43,,error
medium,62.4344,8271.56,429,shed
low,61.8303,8875.71,429,shed
low,51.9702,18735.80,200,ok
low,70.6625,44.17,,error
low,70.7035,10.12,,error
high,70.7069,7.05,,error
medium,70.7079,6.35,,error
low,70.7088,5.75,,error
medium,70.6984,16.48,,error
low,70.7121,5.15,,error
medium,70.7173,2.53,,error
low,52.3826,18340.15,200,ok
low,51.4812,19242.12,200,ok
low,52.2809,18444.78,200,ok
low,52.1912,18542.90,200,ok
low,60.6633,10071.71,429,shed
medium,62.4676,8297.91,429,shed
low,52.2107,18555.60,200,ok
high,70.7509,22.37,,error
medium,70.7531,20.46,,error
low,70.7712,4.67,,error
low,70.7810,3.77,,error
medium,70.7849,1.78,,error
low,70.7908,3.69,,error
low,52.1806,18625.54,200,ok
low,70.8044,3.67,,error
high,70.8007,7.65,,error
high,58.5007,12308.90,200,ok
medium,70.8171,2.81,,error
low,70.8210,2.77,,error
low,70.8309,3.72,,error
low,52.1208,18716.05,200,ok
low,60.8606,9978.77,429,shed
low,52.6606,18181.91,200,ok
low,60.8178,10025.36,429,shed
low,52.1542,18695.92,200,ok
low,52.2312,18619.46,200,ok
medium,70.8678,3.55,,error
low,70.8714,2.10,,error
low,52.2542,18629.75,200,ok
low,70.8806,6.72,,error
low,70.8910,3.65,,error
medium,61.9685,8930.50,429,shed
low,70.9045,2.50,,error
high,70.9012,6.14,,error
low,52.8819,18026.03,200,ok
low,52.4608,18474.48,200,ok
medium,70.9173,19.10,,error
medium,70.9392,3.51,,error
low,70.9404,2.60,,error
low,70.9383,5.02,,error
low,61.4703,9507.35,429,shed
medium,56.2029,14774.81,200,ok
low,61.1306,9847.16,429,shed
low,52.4411,18536.67,200,ok
high,70.9515,27.07,,error
medium,70.9537,25.27,,error
low,70.9547,24.58,,error
medium,59.4843,11496.03,200,ok
low,52.3923,18593.65,200,ok
medium,60.3531,10632.91,200,ok
medium,59.1835,11804.73,200,ok
high,62.4508,8599.87,429,shed
high,59.4509,11599.82,200,ok
low,61.6735,9377.25,429,shed
low,61.7309,9319.82,429,shed
low,61.7908,9259.97,429,shed
medium,57.5672,13493.47,200,ok
medium,59.3174,11743.34,200,ok
medium,60.6835,10377.19,200,ok
medium,62.4175,8643.27,429,shed
medium,60.1845,10878.80,200,ok
low,71.0536,11.87,,error
medium,71.0670,2.53,,error
low,71.0707,2.02,,error
medium,57.9350,13144.31,200,ok
medium,71.0843,2.56,,error
low,71.0910,2.62,,error
medium,56.6053,14503.59,200,ok
medium,62.6715,8437.41,429,shed
low,52.3312,18778.15,200,ok
low,71.1104,2.23,,error
medium,71.1177,3.08,,error
low,71.1208,1.70,,error
low,71.1307,3.71,,error
medium,71.1345,2.43,,error
low,71.1411,2.64,,error
low,53.2710,17885.32,200,ok
medium,71.1534,4.14,,error
high,71.1509,6.89,,error
low,71.1603,2.31,,error
medium,71.1678,3.00,,error
low,71.1708,1.90,,error
low,71.1809,3.78,,error
medium,71.1847,3.82,,error
low,71.1906,3.16,,error
low,61.7812,9425.64,429,shed
medium,62.6030,8604.53,429,shed
high,71.2014,10.89,,error
low,71.2105,2.80,,error
medium,71.2174,2.33,,error
high,58.0520,13170.64,200,ok
low,71.2307,4.59,,error
medium,71.2353,2.21,,error
low,71.2406,2.92,,error
medium,71.2526,2.18,,error
low,71.2534,1.71,,error
high,71.2507,4.72,,error
low,71.2606,4.09,,error
medium,71.2678,3.07,,error
low,71.2709,3.35,,error
medium,59.2670,12008.72,200,ok
medium,71.2842,2.41,,error
low,71.2905,2.53,,error
low,52.4540,18846.05,200,ok
medium,71.3027,14.54,,error
low,71.3102,7.38,,error
low,71.3124,5.40,,error
low,52.3603,18959.83,200,ok
medium,71.3180,17.84,,error
medium,71.3359,2.57,,error
low,71.3326,6.96,,error
low,71.3406,2.89,,error
medium,62.9504,8400.32,429,shed
medium,71.3561,6.91,,error
low,71.3579,5.52,,error
low,71.3610,4.63,,error
medium,71.3677,6.27,,error
low,71.3740,3.68,,error
low,71.3809,2.44,,error
medium,71.3844,3.19,,error
low,71.3907,3.37,,error
low,52.5307,18868.21,200,ok
medium,71.4027,3.69,,error
low,71.4036,3.57,,error
low,71.4103,2.78,,error
medium,71.4172,2.70,,error
low,62.6731,8753.35,429,shed
low,71.4311,2.68,,error
medium,71.4338,1.51,,error
low,71.4405,3.33,,error
medium,71.4534,3.39,,error
low,71.4550,2.37,,error
high,71.4511,6.64,,error
low,71.4609,3.84,,error
medium,71.4679,2.69,,error
low,71.4706,2.06,,error
low,71.4812,5.59,,error
medium,71.4836,3.81,,error
low,71.4908,3.99,,error
high,71.5013,4.73,,error
medium,71.5034,3.24,,error
low,71.5045,2.48,,error
high,63.0524,8456.01,429,shed
low,62.9306,8577.81,429,shed
low,53.0541,18459.83,200,ok
medium,58.3101,13238.23,200,ok
low,52.4306,19124.35,200,ok
medium,71.5537,8.57,,error
high,71.5553,7.34,,error
medium,71.5560,6.95,,error
low,71.5566,6.62,,error
low,71.5606,3.53,,error
low,54.4325,17133.08,200,ok
low,53.4536,18117.83,200,ok
low,53.3407,18230.80,200,ok
high,58.1512,13432.71,200,ok
low,52.4907,19095.83,200,ok
medium,59.9529,11651.29,200,ok
low,71.6036,2.70,,error
high,71.6015,5.09,,error
low,71.6111,2.73,,error
low,62.9463,8670.10,429,shed
low,62.9360,8684.23,429,shed
low,62.9470,8673.20,429,shed
medium,71.6341,2.07,,error
low,71.6403,2.24,,error
low,71.6534,3.18,,error
medium,71.6527,4.20,,error
high,71.6507,6.49,,error
medium,62.9535,8709.92,429,shed
medium,71.6671,3.50,,error
low,71.6706,2.46,,error
high,58.4009,13279.46,200,ok
medium,71.6838,1.82,,error
low,52.1604,19529.06,200,ok
high,71.7009,4.93,,error
medium,71.7030,3.14,,error
low,71.7040,2.41,,error
low,71.7106,2.29,,error
medium,71.7170,2.39,,error
low,71.7205,2.11,,error
medium,63.3360,8397.10,429,shed
medium,63.2085,8527.07,429,shed
low,71.7410,5.43,,error
low,63.2999,8456.99,429,shed
low,63.0703,8686.65,429,shed
low,62.9732,8785.66,429,shed
medium,60.7935,10965.81,200,ok
low,53.4036,18357.71,200,ok
low,54.7214,17039.96,200,ok
low,54.9312,16830.15,200,ok
low,52.1707,19591.06,200,ok
medium,59.9029,11902.53,200,ok
medium,62.9510,8854.42,429,shed
low,53.0407,18836.99,200,ok
high,58.4504,13427.38,200,ok
low,52.2048,19672.99,200,ok
medium,61.2841,10593.73,200,ok
medium,59.7025,12175.34,200,ok
medium,62.2338,9644.02,429,shed
low,63.3024,8592.41,429,shed
medium,60.2029,11692.32,200,ok
medium,60.1703,11725.09,200,ok
low,52.2202,19675.15,200,ok
low,63.0485,8846.85,429,shed
low,54.9920,16903.39,200,ok
medium,63.3374,8558.06,429,shed
medium,62.3355,9559.96,429,shed
medium,62.3668,9528.66,429,shed
low,71.8855,16.13,,error
low,71.8862,15.79,,error
low,54.5912,17315.26,200,ok
medium,63.3351,8571.43,429,shed
low,71.9058,8.70,,error
low,71.9122,4.29,,error
medium,71.9176,1.74,,error
low,71.9205,3.08,,error
low,71.9308,2.84,,error
medium,71.9336,2.31,,error
low,71.9411,3.61,,error
high,71.9509,4.07,,error
medium,71.9528,2.46,,error
low,71.9536,2.01,,error
low,62.9390,9024.02,429,shed
low,52.7602,19204.01,200,ok
low,63.3018,8671.54,429,shed
medium,60.8080,11165.37,200,ok
medium,71.9844,3.42,,error
low,71.9910,2.89,,error
low,63.2064,8794.25,429,shed
medium,63.3367,8669.55,429,shed
low,72.0056,1.90,,error
medium,62.5190,9493.38,429,shed
medium,62.5673,9448.70,429,shed
low,72.0204,3.27,,error
low,72.0308,3.61,,error
medium,72.0345,2.23,,error
low,72.0409,3.14,,error
high,63.9004,8148.28,429,shed
medium,72.0528,4.08,,error
low,72.0537,3.48,,error
low,63.3011,8762.62,429,shed
medium,63.4526,8618.04,429,shed
low,72.0707,3.33,,error
low,72.0806,3.76,,error
medium,72.0844,3.17,,error
medium,63.4347,8653.64,429,shed
medium,72.1033,3.16,,error
low,72.1043,2.49,,error
high,72.1011,5.94,,error
low,72.1112,2.61,,error
medium,72.1169,2.75,,error
low,72.1208,2.69,,error
low,54.7806,17345.80,200,ok
medium,63.3840,8746.31,429,shed
low,63.3421,8795.86,429,shed
medium,62.6207,9519.80,429,shed
low,62.9718,9168.70,429,shed
low,72.1540,2.08,,error
low,52.4805,19771.05,200,ok
low,52.4112,19840.36,200,ok
low,63.3399,8911.65,429,shed
medium,63.7683,8483.28,429,shed
medium,61.4836,10767.96,200,ok
medium,63.5190,8732.61,429,shed
low,72.1607,91.80,,error
low,52.5113,19761.51,200,ok
low,52.5042,19768.68,200,ok
medium,63.9018,8481.90,429,shed
low,63.6205,8894.37,429,shed
low,63.5812,8933.70,429,shed
medium,58.9376,13577.32,200,ok
medium,59.0044,13510.53,200,ok
high,63.9507,8564.23,429,shed
low,72.2350,282.66,,error
medium,72.2591,267.44,,error
medium,72.2603,266.55,,error
low,72.2630,264.17,,error
low,72.2638,263.62,,error
low,72.2648,262.98,,error
low,72.2698,258.22,,error
high,72.2714,256.98,,error
low,63.7243,8804.47,429,shed
medium,63.9675,8561.32,429,shed
medium,61.6556,10873.28,200,ok
low,62.3603,10168.57,429,shed
low,50.2111,22317.82,200,ok
medium,61.8518,10677.07,200,ok
high,64.1513,8418.78,429,shed
medium,58.9388,13631.32,200,ok
medium,64.2393,8330.78,429,shed
medium,64.2676,8302.51,429,shed
low,72.4478,125.42,,error
medium,72.4542,119.34,,error
medium,72.4599,113.92,,error
medium,72.4662,108.04,,error
medium,72.4691,105.49,,error
medium,72.4703,104.50,,error
medium,72.4794,95.79,,error
medium,72.5129,62.57,,error
low,62.3704,10218.47,429,shed
high,72.5239,68.52,,error
low,72.5790,26.16,,error
low,72.5798,25.82,,error
low,72.5811,24.93,,error
medium,72.5824,23.99,,error
medium,72.5830,23.69,,error
medium,72.5838,23.18,,error
high,72.5853,22.09,,error
low,72.5818,26.09,,error
low,72.5773,30.90,,error
low,72.5348,73.69,,error
low,72.5341,74.77,,error
low,72.5428,66.32,,error
low,72.5495,60.02,,error
low,72.5531,56.76,,error
low,72.5543,55.85,,error
low,72.5552,56.57,,error
low,72.5559,56.25,,error
low,72.5565,55.94,,error
low,72.5571,55.63,,error
low,72.5578,55.30,,error
low,72.5584,54.99,,error
low,72.5590,54.71,,error
medium,72.5596,54.36,,error
medium,72.5618,52.52,,error
medium,72.5631,51.53,,error
medium,72.5638,51.05,,error
medium,72.5645,51.86,,error
medium,72.5653,51.40,,error
medium,72.5659,51.11,,error
medium,72.5674,49.93,,error
medium,72.5680,49.58,,error
low,72.5393,78.58,,error
low,72.5946,38.63,,error
low,72.5966,37.01,,error
medium,72.5979,36.03,,error
low,52.6905,19950.08,200,ok
low,52.5610,20079.63,200,ok
low,52.6406,20000.05,200,ok
medium,72.6255,20.79,,error
low,72.6285,18.18,,error
low,72.6301,16.93,,error
low,72.6313,16.02,,error
high,72.6233,24.39,,error
medium,72.6271,20.89,,error
medium,59.4025,13257.86,200,ok
low,72.6583,6.28,,error
low,72.6604,4.99,,error
low,72.6407,27.44,,error
low,52.7033,19969.49,200,ok
medium,72.6683,13.08,,error
low,50.1922,22506.52,200,ok
medium,61.8849,10813.84,200,ok
low,62.3821,10316.70,429,shed
low,50.3806,22318.14,200,ok
medium,64.0674,8669.23,429,shed
low,50.5102,22235.88,200,ok
low,50.4805,22265.69,200,ok
low,72.7105,35.98,,error
medium,72.7169,29.88,,error
low,72.7212,25.90,,error
low,72.7305,17.05,,error
medium,72.7336,14.23,,error
low,72.7413,6.92,,error
low,72.6814,67.08,,error
low,50.2410,22509.56,200,ok
low,50.1807,22573.46,200,ok
low,62.4052,10362.25,429,shed
low,53.2919,19603.95,200,ok
medium,64.3344,8561.58,429,shed
low,62.4205,10475.43,429,shed
low,50.5602,22335.79,200,ok
low,72.8826,24.77,,error
low,72.8848,22.89,,error
low,72.8875,20.48,,error
low,72.8887,19.53,,error
low,72.8896,19.00,,error
low,72.8903,18.60,,error
low,72.8909,18.41,,error
high,72.8915,18.09,,error
high,72.8921,17.81,,error
medium,72.8927,17.52,,error
medium,72.8933,17.26,,error
medium,72.8938,16.99,,error
medium,72.8944,16.69,,error
medium,72.8950,16.45,,error
low,72.8783,33.43,,error
medium,64.1031,8812.65,429,shed
low,72.8992,16.87,,error
medium,72.8999,16.51,,error
high,72.9036,13.10,,error
low,72.8976,19.41,,error
low,72.9062,11.14,,error
medium,72.9055,12.19,,error
low,72.9131,4.85,,error
low,62.4610,10467.50,429,shed
low,62.4408,10487.76,429,shed
low,62.5703,10358.29,429,shed
low,52.2603,20668.27,200,ok
low,52.0213,20907.29,200,ok
low,72.9220,7.00,,error
low,54.6802,18250.60,200,ok
low,54.5302,18400.61,200,ok
low,56.2806,16667.57,200,ok
low,55.2204,17727.85,200,ok
low,53.1604,19788.86,200,ok
medium,72.9852,2.38,,error
low,72.9909,4.88,,error
medium,73.0033,2.98,,error
low,73.0047,1.97,,error
high,73.0011,5.94,,error
low,73.0119,3.24,,error
medium,73.0175,2.11,,error
low,73.0207,3.03,,error
low,73.0323,7.12,,error
medium,73.0373,2.84,,error
low,73.0402,2.30,,error
high,73.0507,4.55,,error
medium,73.0528,2.75,,error
low,73.0537,2.16,,error
low,73.0611,2.98,,error
medium,73.0672,2.37,,error
low,73.0707,1.90,,error
medium,62.5543,10518.72,200,ok
medium,60.6339,12443.07,200,ok
low,53.3546,19723.81,200,ok
low,53.4112,19668.28,200,ok
high,60.6513,12431.85,200,ok
low,64.0707,9038.25,429,shed
high,64.5006,8610.25,429,shed
low,64.2842,8826.72,429,shed
low,62.6045,10506.42,429,shed
low,52.3712,20739.77,200,ok
medium,73.1336,2.96,,error
low,73.1429,2.67,,error
low,64.3605,8789.83,429,shed
medium,64.5668,8587.83,429,shed
low,64.3105,8844.68,429,shed
low,64.3038,8951.84,429,shed
medium,59.5025,13753.14,200,ok
high,59.2507,14004.98,200,ok
high,59.1008,14154.87,200,ok
medium,64.6520,8603.71,429,shed
low,63.3409,9925.93,429,shed
medium,60.2680,12998.88,200,ok
low,63.2966,9974.42,429,shed
low,52.8605,20410.51,200,ok
low,73.2489,24.12,,error
medium,73.2506,22.73,,error
medium,73.2513,22.37,,error
medium,73.2519,22.05,,error
medium,73.2536,20.65,,error
medium,73.2543,20.27,,error
high,73.2550,19.92,,error
low,73.2594,15.98,,error
low,73.2608,14.86,,error
high,73.2619,14.06,,error
medium,73.2629,13.38,,error
low,73.2688,11.83,,error
low,73.2807,2.48,,error
low,53.7410,19542.74,200,ok
low,53.4607,19823.62,200,ok
low,55.3309,17968.42,200,ok
medium,73.3032,2.65,,error
low,73.3041,2.09,,error
low,73.3107,2.91,,error
medium,73.3178,8.13,,error
low,73.3214,4.89,,error
low,73.3304,3.62,,error
medium,73.3341,2.43,,error
medium,59.4674,13876.38,200,ok
high,73.3506,4.65,,error
medium,73.3525,2.99,,error
low,55.6603,17696.20,200,ok
low,55.3908,17966.04,200,ok
low,73.3535,5.03,,error
low,55.5303,17828.59,200,ok
medium,60.6684,12696.99,200,ok
high,63.6511,9714.32,429,shed
medium,64.7513,8632.90,429,shed
high,64.6514,8744.86,429,shed
medium,64.7854,8620.90,429,shed
medium,73.4025,4.09,,error
low,73.4033,3.60,,error
high,60.1008,13306.76,200,ok
low,52.8110,20597.29,200,ok
low,54.4834,18930.99,200,ok
medium,73.4344,3.34,,error
low,73.4409,3.13,,error
high,73.4513,7.38,,error
medium,73.4534,5.56,,error
low,73.4557,3.58,,error
low,73.4604,3.23,,error
high,60.5008,12964.03,200,ok
medium,61.7175,11753.08,200,ok
high,60.7947,12675.84,200,ok
medium,73.4836,2.18,,error
low,73.4910,2.86,,error
high,73.5011,6.60,,error
medium,73.5032,4.76,,error
low,73.5042,4.10,,error
low,73.5104,3.14,,error
medium,73.5178,3.78,,error
low,73.5216,2.88,,error
low,73.5307,7.47,,error
medium,73.5352,3.41,,error
low,73.5407,2.55,,error
medium,73.5536,4.61,,error
high,73.5508,8.85,,error
low,73.5557,4.35,,error
low,73.5612,2.10,,error
medium,73.5675,11.57,,error
low,73.5722,14.01,,error
medium,59.5672,14020.31,200,ok
low,54.1541,19441.46,200,ok
low,73.5942,5.08,,error
high,73.6011,8.05,,error
medium,73.6028,6.63,,error
low,73.6057,4.15,,error
high,59.6002,14032.10,200,ok
medium,64.0177,9614.70,429,shed
medium,60.6203,13024.40,200,ok
medium,64.8526,8792.17,429,shed
medium,64.8334,8811.33,429,shed
medium,60.7034,12941.41,200,ok
medium,60.7929,12851.91,200,ok
low,73.6611,3.76,,error
low,73.6570,8.16,,error
medium,73.6535,12.03,,error
medium,73.6688,9.54,,error
low,73.6737,6.18,,error
low,73.6810,2.98,,error
medium,73.6840,2.44,,error
low,73.6906,4.09,,error
high,73.7009,4.70,,error
medium,73.7030,2.92,,error
low,73.7039,2.35,,error
medium,64.5837,9133.87,429,shed
low,73.7140,6.26,,error
low,73.7204,3.27,,error
low,73.7312,6.31,,error
medium,73.7335,4.35,,error
low,54.7310,19007.46,200,ok
low,54.5409,19201.42,200,ok
high,64.8510,8891.33,429,shed
low,64.6505,9111.72,429,shed
high,60.5509,13211.37,200,ok
medium,60.5335,13228.72,200,ok
high,59.8015,13968.26,200,ok
medium,64.9053,8865.57,429,shed
medium,61.8170,11961.20,200,ok
low,53.6911,20094.70,200,ok
medium,60.2175,13569.62,200,ok
medium,60.3178,13474.62,200,ok
low,73.8039,2.90,,error
low,64.7381,9071.10,429,shed
low,65.0103,8802.16,429,shed
low,54.9406,18873.44,200,ok
low,53.6808,20274.44,200,ok
low,55.3585,18596.72,200,ok
low,56.3613,17593.95,200,ok
low,55.5690,18386.26,200,ok
low,56.3423,17613.00,200,ok
low,53.9306,20024.74,200,ok
low,64.8533,9102.02,429,shed
low,54.0048,19950.56,200,ok
low,65.1603,8800.06,429,shed
medium,73.9528,13.97,,error
high,73.9540,13.11,,error
high,73.9546,12.84,,error
low,73.9573,10.44,,error
low,73.9581,9.93,,error
high,73.9588,9.56,,error
medium,73.9596,9.04,,error
low,73.9608,8.09,,error
medium,73.9534,15.99,,error
low,73.9438,26.10,,error
low,73.9490,21.21,,error
medium,73.9508,19.70,,error
low,73.9431,27.70,,error
medium,73.9502,21.03,,error
medium,73.9515,20.03,,error
medium,73.9521,19.72,,error
medium,73.9718,3.62,,error
low,73.9735,2.38,,error
low,73.9810,3.00,,error
medium,73.9841,5.00,,error
low,73.9902,2.58,,error
low,65.2415,8773.78,429,shed
low,74.0115,5.89,,error
low,74.0141,3.60,,error
high,74.0011,16.86,,error
medium,74.0181,2.91,,error
low,74.0210,2.89,,error
low,56.1812,17845.46,200,ok
low,54.1908,19835.88,200,ok
low,64.8704,9160.04,429,shed
low,54.2308,19800.03,200,ok
low,64.8906,9142.34,429,shed
medium,65.1033,8932.72,429,shed
low,74.0612,6.98,,error
medium,74.0682,2.05,,error
low,74.0703,2.38,,error
low,74.0809,5.85,,error
medium,74.0845,2.63,,error
low,74.0902,3.54,,error
high,74.1009,5.65,,error
medium,74.1030,3.93,,error
low,74.1039,3.33,,error
low,65.0029,9106.03,429,shed
medium,74.1168,3.93,,error
low,74.1208,1.90,,error
low,54.2904,19832.93,200,ok
low,54.3113,19812.49,200,ok
low,65.0411,9084.88,429,shed
low,64.9907,9137.31,429,shed
low,54.7121,19421.83,200,ok
low,56.2312,17908.93,200,ok
low,74.1608,2.77,,error
high,61.4028,12761.38,200,ok
low,74.1710,2.61,,error
low,65.1106,9068.76,429,shed
medium,65.1853,8994.12,429,shed
low,74.1908,3.17,,error
medium,74.2035,4.12,,error
low,74.2050,2.95,,error
high,74.2012,7.01,,error
low,74.2104,2.55,,error
medium,74.2171,3.14,,error
low,74.2202,2.54,,error
low,74.2310,2.83,,error
medium,74.2339,2.65,,error
low,74.2407,5.08,,error
medium,74.2529,2.78,,error
low,74.2537,2.27,,error
high,74.2509,5.61,,error
low,74.2607,2.92,,error
low,55.2106,19056.45,200,ok
low,74.2703,3.26,,error
low,74.2807,2.83,,error
medium,74.2836,3.48,,error
low,55.8656,18422.86,200,ok
medium,64.2518,10037.32,429,shed
medium,61.1336,13156.95,200,ok
low,74.3039,2.07,,error
low,74.3106,3.14,,error
medium,65.4030,8912.38,429,shed
low,56.3550,17960.39,200,ok
low,74.3307,3.86,,error
medium,74.3346,2.90,,error
low,74.3406,2.94,,error
medium,74.3529,2.70,,error
low,74.3537,2.16,,error
high,74.3508,5.39,,error
low,74.3608,3.08,,error
medium,74.3670,2.38,,error
low,74.3705,2.33,,error
low,55.8684,18508.72,200,ok
medium,74.3836,3.04,,error
low,74.3908,3.80,,error
low,54.4411,19954.71,200,ok
medium,64.2858,10120.16,429,shed
high,74.4010,6.74,,error
low,74.4110,2.86,,error
low,54.4907,19923.70,200,ok
low,74.4214,2.73,,error
low,74.4303,4.89,,error
medium,74.4352,2.41,,error
low,74.4406,2.46,,error
medium,65.4045,9042.13,429,shed
medium,74.4527,2.94,,error
low,74.4535,3.08,,error
low,74.4608,3.91,,error
medium,74.4679,2.32,,error
low,74.4702,2.31,,error
low,74.4807,4.00,,error
medium,74.4847,1.92,,error
low,74.4908,15.93,,error
high,60.6006,13916.92,200,ok
low,74.5157,11.06,,error
low,74.5183,8.90,,error
medium,74.5197,7.78,,error
low,74.5221,5.65,,error
high,74.5080,20.11,,error
low,74.5308,2.09,,error
medium,74.5352,2.26,,error
medium,64.3030,10241.32,429,shed
low,53.9207,20759.18,200,ok
medium,61.7668,12913.12,200,ok
low,54.4609,20219.07,200,ok
low,52.3105,22369.51,200,ok
low,56.8389,17841.07,200,ok
low,54.3034,20376.59,200,ok
low,53.9633,20716.80,200,ok
medium,60.8362,13843.91,200,ok
low,54.5050,20175.10,200,ok
low,54.7603,19919.83,200,ok
low,55.2551,19425.02,200,ok
high,60.3015,14378.67,200,ok
low,52.2410,22439.15,200,ok
medium,64.3518,10328.42,429,shed
low,54.6117,20082.10,200,ok
low,53.1403,21553.50,200,ok
low,53.4716,21222.22,200,ok
medium,64.4175,10276.50,429,shed
high,65.5506,9148.09,429,shed
medium,60.3032,14395.52,200,ok
low,74.6892,20.47,,error
low,74.6901,19.91,,error
high,74.6909,19.42,,error
medium,74.6917,18.95,,error
medium,74.6924,18.53,,error
medium,74.6964,14.83,,error
low,74.6975,14.06,,error
high,74.7017,10.14,,error
medium,74.7030,9.11,,error
low,74.7040,8.37,,error
high,60.8148,13897.69,200,ok
low,55.4608,19253.76,200,ok
medium,64.5207,10193.95,429,shed
low,54.0305,20684.10,200,ok
low,56.4532,18262.03,200,ok
low,54.1610,20569.83,200,ok
low,52.3531,22378.44,200,ok
medium,65.4861,9251.48,429,shed
high,74.7509,5.69,,error
low,54.6050,20157.96,200,ok
low,54.5610,20204.74,200,ok
low,74.7702,2.41,,error
low,74.7808,2.75,,error
medium,74.7836,1.85,,error
high,66.0509,8737.20,429,shed
medium,65.5846,9220.70,429,shed
high,74.8003,5.59,,error
low,74.8032,3.23,,error
low,56.4227,18387.16,200,ok
medium,74.8175,2.62,,error
medium,64.7450,10077.23,429,shed
low,74.8305,3.00,,error
medium,74.8342,56.39,,error
low,54.7545,20154.08,200,ok
low,54.8053,20103.29,200,ok
low,55.8665,19042.16,200,ok
low,65.6907,9217.92,429,shed
low,64.0209,10887.73,429,shed
high,74.9059,7.34,,error
medium,74.9066,6.93,,error
medium,74.9072,7.92,,error
medium,74.9079,7.61,,error
high,74.9091,6.73,,error
medium,74.9098,6.37,,error
low,74.9114,5.05,,error
low,74.9104,6.36,,error
low,74.8989,18.28,,error
medium,74.9172,2.77,,error
medium,66.2847,8635.28,429,shed
low,74.9310,3.05,,error
medium,74.9341,2.15,,error
low,74.9404,5.59,,error
high,74.9513,9.71,,error
medium,74.9534,8.02,,error
low,74.9577,4.11,,error
low,74.9619,3.96,,error
medium,74.9670,3.08,,error
low,74.9712,3.53,,error
low,74.9809,4.06,,error
medium,74.9850,6.15,,error
low,74.9912,4.56,,error
medium,65.0177,9978.11,429,shed
medium,65.0021,9993.75,429,shed
low,55.9309,19102.13,200,ok
low,75.0277,14.58,,error
medium,75.0291,13.71,,error
low,75.0340,9.29,,error
medium,75.0365,7.14,,error
low,75.0261,17.93,,error
high,62.3019,12760.34,200,ok
medium,75.0594,5.42,,error
low,75.0608,4.27,,error
low,75.0624,3.03,,error
low,75.0440,21.70,,error
high,61.5003,13569.08,200,ok
low,55.8698,19201.12,200,ok
medium,65.5336,9537.26,429,shed
low,64.2910,10791.27,429,shed
high,66.3508,8737.78,429,shed
medium,65.0842,10022.14,429,shed
low,64.5809,10526.03,429,shed
low,75.1040,3.99,,error
low,75.1107,2.90,,error
medium,75.1177,2.90,,error
low,75.1206,2.88,,error
low,75.1307,5.19,,error
medium,75.1359,3.70,,error
low,75.1407,2.79,,error
high,75.1508,4.78,,error
medium,75.1528,3.02,,error
low,75.1537,2.45,,error
low,75.1603,3.32,,error
medium,75.1677,3.79,,error
low,75.1716,2.99,,error
low,64.3817,10796.47,429,shed
medium,75.1836,3.01,,error
low,64.6612,10526.23,429,shed
low,64.3306,10865.68,429,shed
medium,62.3854,12825.56,200,ok
low,75.2112,5.37,,error
high,75.2048,12.09,,error
low,75.2209,4.81,,error
medium,75.2170,8.95,,error
medium,75.2368,6.06,,error
low,75.2322,10.97,,error
low,75.2433,1.78,,error
high,75.2513,6.83,,error
medium,75.2534,5.10,,error
low,75.2542,4.54,,error
medium,66.6837,8575.56,429,shed
low,66.4705,8790.11,429,shed
low,65.7238,9539.14,429,shed
low,66.1708,9092.66,429,shed
low,66.6202,8657.19,429,shed
low,75.2909,2.73,,error
high,75.3007,4.64,,error
medium,75.3027,2.87,,error
low,75.3036,2.36,,error
low,75.3111,2.77,,error
medium,75.3169,3.71,,error
low,75.3207,1.86,,error
low,56.0540,19270.51,200,ok
high,61.7525,13572.88,200,ok
low,75.3407,2.73,,error
medium,75.3528,4.49,,error
low,75.3541,3.47,,error
high,75.3507,7.16,,error
low,75.3610,3.53,,error
medium,75.3677,2.93,,error
low,75.3706,1.61,,error
low,75.3809,2.80,,error
medium,75.3838,3.90,,error
low,75.3908,3.39,,error
low,55.8704,19527.91,200,ok
low,57.6314,17773.43,200,ok
high,75.4005,5.60,,error
low,75.4107,2.67,,error
medium,75.4177,2.61,,error
low,75.4203,1.90,,error
low,75.4304,4.32,,error
medium,75.4348,2.94,,error
low,75.4409,2.97,,error
high,75.4511,4.70,,error
medium,75.4532,2.85,,error
low,75.4543,2.08,,error
low,75.4606,2.86,,error
medium,75.4677,2.78,,error
low,64.9067,10566.28,429,shed
low,56.8432,18630.44,200,ok
low,65.1306,10343.41,429,shed
low,64.7604,10714.30,429,shed
low,64.8204,10656.83,429,shed
medium,75.5024,2.90,,error
low,75.5034,2.21,,error
low,75.5111,2.69,,error
medium,75.5169,2.64,,error
low,75.5206,2.90,,error
high,62.4009,13133.11,200,ok
medium,60.4678,15066.18,200,ok
low,75.5411,2.73,,error
high,75.5508,4.81,,error
medium,75.5529,3.04,,error
low,75.5538,2.40,,error
low,75.5604,2.61,,error
low,65.4075,10164.20,429,shed
medium,65.4052,10166.52,429,shed
medium,75.5672,4.92,,error
medium,62.4528,13123.40,200,ok
low,75.5906,2.65,,error
high,75.6004,4.57,,error
medium,75.6025,2.84,,error
low,75.6033,2.32,,error
low,65.4106,10196.29,429,shed
low,65.9109,9696.02,429,shed
low,75.6213,2.39,,error
low,75.6308,3.32,,error
medium,75.6342,1.66,,error
low,75.6413,2.65,,error
medium,75.6532,3.31,,error
low,75.6540,2.90,,error
high,75.6512,5.97,,error
low,75.6603,3.23,,error
high,66.4503,9217.08,429,shed
low,75.6704,2.34,,error
low,66.1307,9542.83,429,shed
low,66.4810,9197.95,429,shed
low,56.6410,19038.00,200,ok
low,66.4307,9249.35,429,shed
low,66.0914,9589.09,429,shed
medium,66.6531,9032.78,429,shed
medium,63.5845,12102.38,200,ok
medium,75.7171,2.49,,error
low,75.7207,1.77,,error
low,75.7307,3.03,,error
medium,75.7338,2.78,,error
low,75.7407,2.89,,error
high,75.7507,4.69,,error
medium,75.7532,2.53,,error
low,75.7541,1.88,,error
low,75.7613,4.27,,error
medium,75.7678,2.28,,error
low,75.7713,1.88,,error
medium,75.7845,2.08,,error
low,75.7803,6.69,,error
low,66.2209,9569.46,429,shed
low,66.1813,9618.64,429,shed
medium,67.2308,8569.59,429,shed
low,75.7904,14.73,,error
high,61.3506,14457.31,200,ok
medium,61.7344,14077.95,200,ok
low,75.8210,3.72,,error
medium,66.7356,9090.01,429,shed
medium,75.8336,2.07,,error
low,75.8408,2.62,,error
medium,75.8528,2.15,,error
low,75.8536,1.63,,error
high,75.8508,4.78,,error
low,75.8610,2.65,,error
low,56.5809,19283.35,200,ok
high,61.9505,13922.69,200,ok
low,75.8704,3.24,,error
low,75.8810,5.88,,error
low,66.3309,9557.16,429,shed
high,62.5515,13346.77,200,ok
medium,75.9023,2.42,,error
low,75.9031,1.90,,error
medium,60.9031,15007.17,200,ok
medium,75.9176,3.12,,error
low,75.9207,2.23,,error
low,75.9312,3.46,,error
medium,75.9347,1.50,,error
low,75.9403,2.39,,error
high,75.9509,4.74,,error
medium,75.9530,2.93,,error
low,75.9539,2.39,,error
medium,61.8026,14154.44,200,ok
medium,75.9686,5.19,,error
low,56.8399,19135.06,200,ok
low,75.9711,4.35,,error
medium,75.9838,4.88,,error
medium,61.6711,14319.46,200,ok
low,56.8379,19152.76,200,ok
low,56.4422,19551.82,200,ok
low,56.6061,19387.98,200,ok
low,76.0122,4.02,,error
medium,76.0173,2.40,,error
low,76.0208,2.82,,error
low,57.1379,18889.04,200,ok
high,61.8505,14178.30,200,ok
low,66.6308,9398.71,429,shed
low,56.9903,19039.68,200,ok
medium,76.0529,2.86,,error
low,76.0537,2.36,,error
low,76.0606,2.28,,error
medium,76.0670,2.58,,error
low,76.0706,1.85,,error
low,56.5413,19535.63,200,ok
medium,76.0842,1.81,,error
low,76.0904,3.28,,error
low,56.6102,19484.18,200,ok
low,58.7269,17367.97,200,ok
low,56.8818,19215.16,200,ok
low,76.1109,3.86,,error
medium,76.1168,2.75,,error
low,76.1207,2.86,,error
low,57.5314,18592.72,200,ok
low,57.1373,18987.62,200,ok
low,56.8462,19286.75,200,ok
low,56.8440,19289.89,200,ok
low,56.8415,19299.03,200,ok
high,76.1511,4.77,,error
low,76.1608,2.91,,error
low,57.9408,18223.57,200,ok
low,76.1710,3.59,,error
low,76.1808,3.86,,error
medium,76.1846,2.87,,error
low,76.1906,2.41,,error
medium,76.2023,2.53,,error
low,76.2035,1.67,,error
high,76.2002,5.21,,error
low,76.2109,2.72,,error
medium,76.2171,3.68,,error
low,76.2208,1.71,,error
medium,64.7456,11482.42,200,ok
low,57.1353,19116.23,200,ok
low,56.9896,19261.93,200,ok
medium,76.2339,18.14,,error
low,76.2466,6.04,,error
medium,61.9352,14324.30,200,ok
high,61.8007,14458.83,200,ok
low,56.2410,20018.55,200,ok
low,57.6806,18579.00,200,ok
high,67.4264,8843.85,429,shed
medium,62.1421,14129.71,200,ok
medium,61.8336,14446.89,200,ok
medium,62.4844,13798.78,200,ok
low,76.3045,3.39,,error
high,76.3009,7.25,,error
low,76.3107,3.97,,error
high,62.0011,14314.12,200,ok
low,76.3220,4.11,,error
medium,67.4842,8848.55,429,shed
medium,66.6174,9729.26,429,shed
low,56.8368,19509.86,200,ok
medium,76.3346,12.68,,error
medium,76.3521,4.90,,error
low,76.3528,4.48,,error
low,76.3607,3.60,,error
medium,76.3680,6.10,,error
medium,67.5685,8808.97,429,shed
medium,76.3853,3.51,,error
low,76.3815,7.71,,error
low,76.3904,2.88,,error
low,66.8306,9563.64,429,shed
low,57.9206,18476.30,200,ok
low,67.3563,9045.17,429,shed
low,67.4188,8982.69,429,shed
low,57.6410,18760.46,200,ok
low,67.5711,8830.40,429,shed
medium,67.5336,8877.25,429,shed
medium,76.4339,3.16,,error
low,76.4406,2.65,,error
high,76.4513,45.50,,error
medium,76.4536,43.51,,error
low,76.4907,6.71,,error
medium,67.4404,9064.74,429,shed
medium,61.8674,14637.76,200,ok
low,58.4346,18070.58,200,ok
medium,67.6022,8903.01,429,shed
low,58.4105,18094.73,200,ok
medium,62.9498,13555.45,200,ok
low,57.8530,18655.94,200,ok
low,57.4593,19049.71,200,ok
low,76.4989,11.84,,error
low,76.5108,5.98,,error
medium,76.5171,2.60,,error
low,58.3113,18212.27,200,ok
high,67.6005,8923.18,429,shed
low,58.0218,18501.84,200,ok
medium,64.2205,12322.43,200,ok
medium,67.5842,8965.16,429,shed
low,76.5528,2.95,,error
high,76.5506,5.53,,error
medium,62.1433,14415.42,200,ok
medium,67.6336,8930.91,429,shed
low,67.6203,8944.19,429,shed
medium,67.7573,8807.24,429,shed
low,58.3406,18224.97,200,ok
low,67.6109,8956.26,429,shed
low,67.5115,9055.72,429,shed
low,67.4212,9146.01,429,shed
medium,62.9522,13614.98,200,ok
medium,63.9530,12652.53,200,ok
medium,64.6028,12011.19,200,ok
low,58.7324,17882.77,200,ok
low,67.7545,8860.70,429,shed
medium,76.6339,2.68,,error
low,76.6407,2.85,,error
high,76.6508,4.80,,error
medium,76.6528,3.04,,error
low,76.6535,2.63,,error
low,76.6603,2.20,,error
low,56.9062,19760.02,200,ok
low,76.6707,2.79,,error
low,76.6807,3.62,,error
medium,76.6843,3.19,,error
low,76.6906,1.89,,error
low,57.2106,19493.61,200,ok
low,58.7105,17994.33,200,ok
low,76.7035,3.13,,error
low,76.7102,2.77,,error
medium,76.7171,3.57,,error
low,76.7207,2.98,,error
low,76.7308,3.96,,error
low,56.8455,19891.39,200,ok
low,58.0136,18725.40,200,ok
medium,63.6530,13089.20,200,ok
low,76.7541,1.89,,error
high,76.7508,5.43,,error
low,67.8807,8879.49,429,shed
medium,76.7676,3.71,,error
low,76.7713,3.24,,error
low,76.7807,3.96,,error
medium,76.7847,3.79,,error
low,76.7906,4.17,,error
high,67.2262,9580.34,429,shed
low,76.8044,5.11,,error
high,76.8010,8.83,,error
low,76.8102,2.23,,error
low,56.9883,19824.86,200,ok
low,58.0609,18756.02,200,ok
low,58.7120,18107.62,200,ok
medium,76.8335,3.23,,error
low,76.8409,6.20,,error
medium,76.8523,2.42,,error
low,76.8532,1.78,,error
high,76.8503,5.03,,error
medium,65.7217,11141.67,200,ok
medium,76.8669,2.93,,error
low,76.8709,2.80,,error
low,58.0561,18822.26,200,ok
medium,76.8838,3.54,,error
low,76.8905,4.11,,error
medium,76.9030,2.66,,error
low,76.9037,2.18,,error
high,76.9008,5.77,,error
low,58.7113,18201.92,200,ok
low,76.9109,2.76,,error
low,76.9205,5.59,,error
low,76.9302,3.48,,error
medium,76.9337,2.81,,error
low,76.9407,4.02,,error
high,76.9510,5.72,,error
low,76.9540,4.39,,error
medium,76.9530,5.64,,error
low,76.9608,2.20,,error
medium,76.9672,3.50,,error
low,76.9708,3.45,,error
low,76.9812,4.08,,error
medium,76.9837,3.53,,error
low,76.9906,2.59,,error
low,58.7067,18293.57,200,ok
low,77.0028,2.20,,error
high,77.0003,5.03,,error
low,77.0109,5.90,,error
medium,77.0168,2.80,,error
low,77.0226,2.38,,error
medium,64.8836,12147.23,200,ok
low,59.5136,17525.35,200,ok
low,77.0408,7.17,,error
medium,77.0522,6.56,,error
low,77.0531,6.04,,error
high,77.0505,8.94,,error
low,77.0605,2.99,,error
medium,77.0677,3.21,,error
low,77.0709,1.58,,error
medium,62.7031,14370.04,200,ok
low,58.9345,18140.70,200,ok
low,57.2903,19785.36,200,ok
low,57.1366,19949.93,200,ok
medium,77.1033,3.53,,error
low,77.1042,2.89,,error
low,77.1102,3.50,,error
low,58.9333,18182.28,200,ok
low,68.3746,8746.95,429,shed
low,68.2204,8902.97,429,shed
low,77.1312,11.35,,error
low,58.9266,18216.74,200,ok
high,62.7018,14446.25,200,ok
medium,77.1521,3.64,,error
low,77.1528,3.21,,error
low,58.2210,18938.91,200,ok
low,59.0052,18162.04,200,ok
low,77.1704,3.24,,error
medium,67.2314,9943.05,429,shed
medium,77.1844,4.28,,error
low,77.1908,2.79,,error
high,77.2008,5.93,,error
high,63.5507,13656.67,200,ok
medium,68.5029,8705.32,429,shed
medium,77.2028,6.72,,error
medium,77.2171,3.01,,error
low,77.2202,2.76,,error
low,77.2309,4.25,,error
medium,77.2352,3.14,,error
low,77.2405,2.29,,error
medium,66.8028,10444.82,429,shed
high,67.2249,10030.00,429,shed
medium,77.2529,4.02,,error
low,77.2602,3.90,,error
low,68.4112,8856.21,429,shed
low,59.5207,17748.77,200,ok
medium,62.5346,14750.96,200,ok
low,77.2812,5.64,,error
low,77.2903,3.58,,error
medium,77.3038,2.85,,error
medium,66.5294,10778.12,200,ok
low,77.3050,3.59,,error
high,77.3012,7.66,,error
low,68.5209,8793.82,429,shed
medium,65.1176,12204.32,200,ok
high,67.9012,9423.77,429,shed
medium,77.3421,3.72,,error
low,77.3435,2.64,,error
low,58.7097,18651.99,200,ok
medium,66.9440,10417.72,429,shed
medium,66.8174,10544.34,429,shed
high,77.3586,5.34,,error
medium,77.3677,6.10,,error
low,77.3738,3.01,,error
low,58.4406,18939.16,200,ok
low,68.5407,8848.13,429,shed
medium,67.2300,10158.91,429,shed
low,56.9870,20401.90,200,ok
low,58.5030,18885.94,200,ok
medium,67.2350,10153.90,429,shed
medium,67.2356,10153.31,429,shed
low,58.9203,18468.57,200,ok
high,68.5508,8847.77,429,shed
low,77.4311,2.79,,error
medium,77.4339,2.59,,error
medium,67.3533,10086.14,429,shed
low,60.2114,17228.02,200,ok
medium,67.3339,10114.02,429,shed
medium,67.4391,10008.84,429,shed
medium,67.3055,10142.40,429,shed
medium,67.2928,10155.12,429,shed
low,58.7088,18739.73,200,ok
low,67.8711,9578.44,429,shed
low,58.9249,18524.68,200,ok
low,59.1906,18280.93,200,ok
high,62.3506,15120.93,200,ok
low,67.4253,10046.23,429,shed
low,67.5658,9917.98,429,shed
low,66.9335,10551.18,429,shed
low,66.7805,10704.16,429,shed
low,67.4411,10045.88,429,shed
low,67.4907,9996.27,429,shed
medium,64.8172,12670.92,200,ok
medium,67.9839,9504.63,429,shed
medium,64.9178,12626.49,200,ok
medium,77.5536,5.28,,error
high,77.5512,8.10,,error
low,77.5606,3.00,,error
medium,77.5678,5.93,,error
low,59.2528,18340.97,200,ok
high,68.0517,9553.09,429,shed
low,59.2110,18393.80,200,ok
low,68.6547,8950.16,429,shed
medium,77.6078,8.08,,error
low,77.6090,7.21,,error
low,77.6111,5.47,,error
high,77.6064,10.43,,error
medium,77.6169,2.88,,error
low,77.6209,3.61,,error
medium,65.0533,12587.76,200,ok
medium,77.6398,4.82,,error
low,77.6412,3.76,,error
medium,77.6527,2.85,,error
high,77.6506,5.38,,error
low,77.6536,2.73,,error
low,68.7706,8892.81,429,shed
medium,77.6669,3.68,,error
low,77.6706,1.95,,error
low,77.6808,4.49,,error
medium,77.6853,3.52,,error
low,77.6910,4.81,,error
low,68.7727,8928.66,429,shed
medium,77.7033,4.80,,error
low,77.7052,3.33,,error
low,77.7107,3.16,,error
low,59.3117,18408.62,200,ok
low,67.7818,9945.04,429,shed
medium,68.1372,9589.65,429,shed
low,67.5318,10196.31,429,shed
low,58.9315,18813.21,200,ok
high,69.0511,8696.53,429,shed
low,77.7548,4.22,,error
high,77.7512,8.22,,error
low,77.7609,2.75,,error
medium,65.3987,12374.66,200,ok
medium,64.7474,13026.89,200,ok
low,77.7811,3.93,,error
medium,77.7850,3.56,,error
low,77.7907,3.40,,error
high,77.8004,5.19,,error
medium,77.8025,3.40,,error
low,77.8034,2.73,,error
low,77.8113,4.44,,error
medium,77.8169,4.09,,error
low,77.8210,2.51,,error
low,77.8305,3.13,,error
medium,77.8337,2.84,,error
low,77.8407,3.34,,error
low,58.9940,18860.63,200,ok
medium,77.8530,4.04,,error
low,77.8539,3.46,,error
low,77.8609,3.22,,error
medium,77.8673,2.99,,error
low,77.8704,2.17,,error
low,77.8807,3.04,,error
medium,77.8838,1.86,,error
low,77.8909,3.43,,error
medium,77.9027,6.09,,error
low,77.9037,5.37,,error
high,77.9005,8.87,,error
low,77.9105,2.99,,error
medium,77.9177,3.39,,error
low,77.9211,3.43,,error
low,77.9307,3.28,,error
low,59.4033,18533.02,200,ok
low,59.4308,18506.03,200,ok
medium,65.5522,12404.32,200,ok
medium,77.9531,4.26,,error
low,77.9543,3.40,,error
low,77.9612,2.48,,error
medium,77.9678,2.95,,error
low,58.0122,19960.54,200,ok
low,58.0207,19955.75,200,ok
medium,77.9837,3.10,,error
medium,63.3380,14650.80,200,ok
high,78.0010,4.98,,error
medium,78.0031,3.21,,error
low,78.0040,2.60,,error
low,78.0107,3.93,,error
medium,78.0178,2.79,,error
low,78.0206,1.64,,error
low,78.0304,3.86,,error
medium,78.0343,3.18,,error
low,78.0412,2.32,,error
medium,64.7672,13278.82,200,ok
low,78.0544,3.46,,error
high,78.0512,7.00,,error
low,78.0607,4.07,,error
medium,78.0669,2.83,,error
low,78.0708,3.81,,error
low,78.0806,3.65,,error
medium,78.0843,2.19,,error
low,78.0907,2.69,,error
low,59.5494,18545.17,200,ok
low,78.1038,1.83,,error
medium,78.1029,3.19,,error
low,78.1105,3.25,,error
medium,78.1169,5.18,,error
low,78.1221,3.42,,error
medium,78.1345,8.59,,error
low,78.1316,12.07,,error
medium,63.0500,15096.47,200,ok
low,78.1437,3.60,,error
high,64.2010,13946.37,200,ok
low,60.2213,17927.52,200,ok
medium,62.9529,15220.52,200,ok
medium,62.9492,15224.22,200,ok
low,78.1605,14.45,,error
low,78.1806,3.85,,error
medium,78.1845,3.17,,error
low,78.1908,3.78,,error
high,78.2009,5.39,,error
medium,78.2028,3.77,,error
low,78.2037,3.20,,error
low,78.2110,3.62,,error
medium,68.6529,9593.01,429,shed
low,78.2304,27.93,,error
medium,78.2337,24.95,,error
low,78.2402,18.69,,error
high,78.2511,8.12,,error
medium,78.2530,6.52,,error
low,78.2538,6.00,,error
medium,78.2177,42.49,,error
low,78.2604,2.20,,error
medium,78.2685,5.06,,error
low,78.2706,3.29,,error
high,65.0520,13228.76,200,ok
low,59.7032,18577.48,200,ok
low,78.2914,22.97,,error
medium,65.4023,12920.30,200,ok
medium,65.4006,12922.01,200,ok
low,59.7109,18611.73,200,ok
medium,69.2947,9027.96,429,shed
high,65.1019,13224.04,200,ok
low,59.9108,18415.20,200,ok
low,78.3312,2.58,,error
low,59.9537,18384.55,200,ok
low,60.0812,18257.15,200,ok
medium,65.6540,12684.36,200,ok
low,60.1910,18147.31,200,ok
medium,78.3338,4.90,,error
high,69.2925,9050.69,429,shed
medium,78.3674,4.26,,error
high,64.3502,14023.73,200,ok
low,78.3802,4.40,,error
medium,78.3846,2.53,,error
low,78.3903,3.89,,error
low,78.4041,5.26,,error
medium,78.4026,7.09,,error
high,78.4006,9.46,,error
medium,69.2202,9190.76,429,shed
medium,78.4178,3.81,,error
low,78.4217,1.82,,error
low,78.4306,3.61,,error
medium,78.4342,1.84,,error
medium,69.0531,9385.40,429,shed
medium,67.2344,11208.55,200,ok
high,64.3013,14153.90,200,ok
high,69.4519,9004.58,429,shed
medium,67.2320,11224.50,200,ok
medium,78.4671,3.57,,error
low,78.4707,2.23,,error
low,78.4811,3.41,,error
medium,65.3997,13086.84,200,ok
medium,78.4846,2.30,,error
medium,69.6041,8885.86,429,shed
low,69.3411,9148.90,429,shed
low,60.5214,17968.57,200,ok
medium,64.8037,13686.34,200,ok
low,68.9538,9553.28,429,shed
medium,69.1182,9388.94,429,shed
low,69.4309,9085.18,429,shed
low,69.4801,9036.78,429,shed
low,78.5413,2.80,,error
high,78.5510,8.66,,error
medium,78.5529,7.06,,error
low,78.5548,5.53,,error
low,78.5604,3.13,,error
medium,78.5676,3.82,,error
medium,63.0682,15505.80,200,ok
low,69.5167,9058.65,429,shed
low,69.6092,8966.25,429,shed
low,69.0201,9573.35,429,shed
low,68.9814,9620.50,429,shed
medium,62.9516,15650.32,200,ok
medium,68.7628,9839.17,429,shed
high,64.7505,13851.43,200,ok
medium,64.4351,14168.55,200,ok
low,69.6706,8933.05,429,shed
low,69.1810,9439.00,429,shed
medium,69.2031,9417.36,429,shed
low,78.6408,3.40,,error
low,59.1605,19487.52,200,ok
low,67.9104,10739.52,429,shed
high,64.7444,13905.54,200,ok
medium,68.9022,9747.70,429,shed
low,60.4531,18201.02,200,ok
low,69.8606,8805.26,429,shed
low,60.3040,18370.69,200,ok
low,60.3104,18365.21,200,ok
low,59.3805,19295.15,200,ok
low,69.7707,8913.25,429,shed
medium,65.4038,13282.95,200,ok
low,78.7043,2.76,,error
low,78.7108,12.60,,error
medium,69.0843,9645.56,429,shed
low,78.7272,5.24,,error
low,59.7757,18957.85,200,ok
medium,78.7337,2.32,,error
low,78.7405,6.08,,error
high,78.7506,5.22,,error
medium,78.7526,3.54,,error
low,78.7536,2.91,,error
low,78.7607,3.17,,error
medium,78.7670,2.87,,error
low,60.1721,18600.71,200,ok
medium,78.7835,2.23,,error
low,78.7812,4.82,,error
high,64.4507,14344.56,200,ok
low,59.4422,19353.08,200,ok
medium,70.2837,8511.58,429,shed
high,78.8012,5.21,,error
low,78.8111,3.92,,error
medium,78.8171,2.55,,error
low,78.8208,1.97,,error
low,78.8310,3.82,,error
medium,78.8349,2.66,,error
low,78.8406,2.93,,error
medium,64.5021,14437.28,200,ok
high,64.5511,14388.37,200,ok
high,70.4013,8538.18,429,shed
low,59.3903,19549.22,200,ok
low,68.3795,10559.98,429,shed
medium,70.3844,8555.14,429,shed
medium,78.8528,87.51,,error
low,78.8537,86.94,,error
high,78.8508,90.14,,error
low,58.9304,20013.23,200,ok
medium,78.9367,13.05,,error
medium,78.9373,12.75,,error
medium,78.9381,12.24,,error
high,78.9387,11.93,,error
low,78.9415,9.44,,error
low,78.9424,8.93,,error
medium,78.9430,8.60,,error
low,78.9274,24.46,,error
low,70.5207,8435.28,429,shed
low,70.4172,8540.22,429,shed
low,78.9550,4.57,,error
low,78.9612,5.39,,error
medium,78.9677,2.52,,error
low,78.9703,3.25,,error
high,70.5510,8427.39,429,shed
medium,78.9845,3.99,,error
low,78.9906,3.13,,error
low,60.5913,18405.84,200,ok
medium,79.0024,3.48,,error
low,79.0035,2.77,,error
low,79.0108,2.95,,error
medium,79.0169,3.93,,error
low,79.0209,3.13,,error
low,79.0312,3.90,,error
medium,79.0351,3.51,,error
low,79.0408,2.82,,error
medium,79.0529,2.74,,error
high,79.0508,6.76,,error
low,79.0538,4.11,,error
low,79.0610,3.02,,error
medium,79.0672,3.57,,error
low,79.0708,2.99,,error
low,79.0810,3.83,,error
medium,79.0848,2.78,,error
low,79.0912,2.71,,error
high,79.1011,5.32,,error
medium,79.1032,3.55,,error
low,79.1042,3.59,,error
low,79.1110,2.79,,error
medium,79.1169,3.63,,error
low,79.1206,2.77,,error
high,70.6020,8522.15,429,shed
medium,79.1338,2.78,,error
low,79.1408,4.83,,error
medium,79.1526,4.00,,error
low,79.1534,3.60,,error
high,79.1509,6.42,,error
medium,66.7844,12375.10,200,ok
low,60.2802,18879.31,200,ok
low,68.5308,10632.56,429,shed
high,64.2506,14912.76,200,ok
low,60.5410,18628.25,200,ok
medium,67.2332,11960.29,200,ok
medium,79.2022,3.52,,error
low,79.2030,3.07,,error
high,79.2004,6.01,,error
medium,67.9169,11293.24,200,ok
medium,64.6668,14553.27,200,ok
low,60.6542,18568.29,200,ok
low,60.6112,18611.30,200,ok
low,68.6205,10618.73,429,shed
medium,79.2397,6.73,,error
medium,79.2530,5.69,,error
low,79.2537,5.28,,error
high,79.2512,8.12,,error
low,79.2605,3.07,,error
medium,70.5337,8736.25,429,shed
low,79.2714,4.05,,error
low,61.5110,17781.16,200,ok
medium,70.4034,8888.85,429,shed
medium,70.4844,8807.81,429,shed
low,79.2812,11.40,,error
medium,79.2837,9.20,,error
medium,70.5030,8789.95,429,shed
low,60.7881,18533.30,200,ok
low,79.3238,3.43,,error
low,79.3111,16.44,,error
low,79.3310,2.62,,error
medium,79.3337,1.91,,error
low,79.3407,2.77,,error
low,70.3913,8957.13,429,shed
low,60.3541,19001.51,200,ok
low,60.2037,19151.88,200,ok
low,79.3612,3.51,,error
medium,79.3678,2.63,,error
low,79.3705,2.83,,error
medium,70.7350,8639.73,429,shed
medium,70.5177,8857.99,429,shed
low,60.6910,18685.15,200,ok
medium,66.6336,12745.40,200,ok
medium,70.5962,8799.35,429,shed
medium,65.4015,14004.27,200,ok
high,65.3949,14011.50,200,ok
low,68.6836,10826.16,429,shed
medium,70.5950,8914.79,429,shed
medium,70.8028,8706.99,429,shed
medium,66.7023,12807.52,200,ok
medium,70.8520,8657.80,429,shed
low,60.7854,18724.49,200,ok
low,60.7875,18722.40,200,ok
medium,64.8669,14646.89,200,ok
medium,68.4838,11034.89,200,ok
medium,68.5172,11001.52,200,ok
low,61.7103,17808.42,200,ok
high,65.0003,14518.42,200,ok
medium,79.5085,128.20,,error
high,79.5091,127.92,,error
medium,79.5167,124.02,,error
low,79.5174,123.65,,error
low,79.5180,123.34,,error
medium,79.5189,122.74,,error
high,79.5155,126.42,,error
low,68.8119,10856.87,429,shed
low,70.4120,9256.76,429,shed
medium,70.7681,8900.67,429,shed
low,70.2036,9465.27,429,shed
low,60.6312,19037.62,200,ok
low,70.3714,9297.50,429,shed
low,70.9368,8732.09,429,shed
low,70.2711,9397.78,429,shed
high,70.8507,8818.24,429,shed
medium,70.9031,8765.87,429,shed
high,66.9739,12695.03,200,ok
medium,66.9425,12726.46,200,ok
low,61.8704,17798.59,200,ok
low,61.6612,18007.87,200,ok
low,70.9838,8685.25,429,shed
high,71.0010,8668.03,429,shed
low,79.6339,36.86,,error
high,65.3963,14276.23,200,ok
low,60.7994,18880.18,200,ok
low,60.8006,18879.06,200,ok
medium,67.5175,12162.11,200,ok
medium,71.0570,8622.68,429,shed
low,61.9807,17701.19,200,ok
high,67.2282,12454.70,200,ok
low,79.6774,12.82,,error
low,79.6780,12.53,,error
low,79.6491,41.71,,error
low,79.6505,40.66,,error
low,79.6829,9.94,,error
medium,67.6170,12077.36,200,ok
medium,79.6912,8.85,,error
high,79.7002,5.42,,error
medium,79.7016,4.28,,error
low,79.7024,3.76,,error
low,79.7104,3.89,,error
medium,79.7174,2.55,,error
low,79.7211,3.33,,error
medium,65.7045,14024.81,200,ok
medium,79.7336,2.23,,error
low,79.7410,3.70,,error
high,79.7510,5.67,,error
medium,79.7530,3.96,,error
low,79.7546,2.86,,error
high,66.5179,13244.90,200,ok
low,60.7868,18977.29,200,ok
medium,66.5193,13247.29,200,ok
medium,66.1669,13599.68,200,ok
low,60.8184,18948.58,200,ok
low,70.9812,8789.42,429,shed
medium,65.1677,14626.29,200,ok
medium,70.3031,9491.68,429,shed
high,71.3010,8496.78,429,shed
low,79.8105,3.28,,error
low,60.8310,18989.19,200,ok
medium,71.5177,8302.50,429,shed
low,60.8231,18997.83,200,ok
medium,70.5526,9270.36,429,shed
medium,79.8169,6.90,,error
low,60.8809,18961.98,200,ok
low,79.8540,2.86,,error
high,79.8508,6.40,,error
low,79.8607,3.41,,error
medium,79.8672,2.73,,error
low,79.8711,3.31,,error
low,79.8809,2.88,,error
medium,79.8839,1.97,,error
low,79.8910,6.93,,error
low,60.8408,19057.81,200,ok
medium,79.9023,3.36,,error
low,79.9032,2.81,,error
low,79.9105,3.13,,error
medium,79.9178,5.27,,error
low,79.9201,3.26,,error
low,79.9306,4.18,,error
medium,79.9348,2.74,,error
low,71.0805,8862.79,429,shed
medium,79.9530,2.24,,error
low,79.9537,1.79,,error
high,79.9509,4.94,,error
low,79.9610,2.61,,error
medium,79.9678,3.50,,error
low,79.9714,3.16,,error
medium,67.2326,12743.08,200,ok
high,67.3041,12679.48,200,ok
low,79.9910,3.62,,error
low,71.2208,8778.47,429,shed
medium,80.0032,2.35,,error
low,80.0039,1.91,,error
low,80.0103,3.32,,error
low,80.0204,3.17,,error
medium,80.0177,6.14,,error
low,60.2711,19758.99,200,ok
medium,80.0336,2.11,,error
low,80.0409,2.75,,error
medium,65.8680,14177.41,200,ok
low,60.5709,19474.57,200,ok
medium,67.2338,12812.10,200,ok
low,71.6203,8437.78,429,shed
medium,68.9529,11112.11,200,ok
high,71.7523,8318.89,429,shed
low,60.7915,19287.85,200,ok
medium,80.0836,2.99,,error
low,80.0907,3.91,,error
high,80.1008,5.73,,error
medium,80.1028,4.08,,error
low,80.1035,3.63,,error
medium,71.8034,8305.55,429,shed
medium,80.1171,3.55,,error
low,80.1207,2.76,,error
low,80.1307,2.97,,error
medium,80.1337,1.80,,error
low,80.1414,4.34,,error
medium,69.2953,10859.57,200,ok
low,80.1542,3.71,,error
high,80.1521,6.14,,error
low,80.1607,2.81,,error
medium,80.1677,2.93,,error
low,80.1707,1.82,,error
low,59.0433,21140.34,200,ok
low,59.4204,20763.23,200,ok
low,80.1910,3.69,,error
medium,68.2171,11978.16,200,ok
medium,80.2026,3.17,,error
low,80.2033,2.74,,error
low,80.2106,4.11,,error
medium,64.6492,15571.36,200,ok
medium,67.3948,12826.39,200,ok
low,61.2905,18932.27,200,ok
medium,68.0537,12183.65,200,ok
low,71.7555,8482.23,429,shed
high,80.2508,5.74,,error
low,80.2537,3.18,,error
medium,80.2529,4.27,,error
low,62.9383,17324.91,200,ok
medium,80.2678,3.75,,error
low,80.2716,2.96,,error
low,80.2810,3.77,,error
medium,80.2848,2.74,,error
medium,68.9842,11309.55,200,ok
high,80.3010,5.67,,error
medium,80.3030,3.95,,error
low,80.3039,3.37,,error
low,80.3105,4.27,,error
medium,80.3178,3.34,,error
low,80.3212,1.80,,error
low,62.9318,17402.72,200,ok
low,62.5112,17823.32,200,ok
medium,71.8936,8442.94,429,shed
low,60.5039,19837.21,200,ok
low,60.4409,19902.08,200,ok
high,80.3503,8.28,,error
low,80.3612,3.45,,error
medium,80.3677,2.35,,error
low,80.3701,1.46,,error
high,65.3975,14977.18,200,ok
medium,80.3835,4.60,,error
low,80.3912,3.53,,error
medium,68.6170,11779.48,200,ok
medium,80.4027,6.64,,error
low,80.4062,3.44,,error
low,71.8874,8526.33,429,shed
medium,80.4174,3.74,,error
low,80.4212,2.02,,error
low,62.0214,18402.57,200,ok
medium,80.4370,3.83,,error
low,80.4409,2.75,,error
low,80.4550,2.44,,error
high,80.4509,7.85,,error
medium,80.4532,5.89,,error
low,80.4602,2.30,,error
medium,69.2938,11171.19,200,ok
low,61.9612,18511.70,200,ok
low,60.1822,20293.80,200,ok
medium,80.4836,2.61,,error
low,60.0914,20398.72,200,ok
medium,80.5031,4.54,,error
low,80.5042,3.77,,error
high,80.5010,7.29,,error
low,80.5104,3.03,,error
medium,67.4270,13087.26,200,ok
low,62.9484,17567.23,200,ok
low,60.9909,19536.23,200,ok
high,67.2276,13300.14,200,ok
medium,68.7453,11797.63,200,ok
high,80.5512,4.14,,error
medium,80.5532,2.47,,error
low,80.5540,1.93,,error
low,80.5609,2.40,,error
medium,80.5685,5.11,,error
low,80.5714,3.07,,error
low,80.5810,3.90,,error
medium,80.5849,2.01,,error
low,80.5911,3.77,,error
high,80.6011,4.31,,error
medium,80.6030,2.71,,error
low,80.6038,2.21,,error
low,61.7212,18885.37,200,ok
high,67.7379,12874.68,200,ok
medium,67.9025,12712.07,200,ok
low,71.2809,9341.81,429,shed
medium,71.0577,9565.57,429,shed
low,63.3415,17296.36,200,ok
low,61.4311,19212.86,200,ok
low,80.6533,2.31,,error
high,80.6505,5.36,,error
low,80.6604,3.41,,error
medium,80.6669,2.67,,error
low,62.4808,18191.76,200,ok
low,62.4315,18241.81,200,ok
medium,68.8836,11792.16,200,ok
medium,67.8342,12852.00,200,ok
high,80.7011,6.04,,error
medium,80.7031,4.28,,error
low,80.7039,3.80,,error
low,80.7109,1.98,,error
medium,80.7170,2.55,,error
medium,68.8192,11911.20,200,ok
low,80.7408,9.12,,error
low,80.7305,19.84,,error
low,80.7201,30.45,,error
medium,80.7521,3.38,,error
low,80.7528,2.99,,error
high,80.7508,5.39,,error
low,62.1373,18620.89,200,ok
low,62.1403,18617.93,200,ok
medium,68.7612,11997.49,200,ok
medium,67.7445,13022.91,200,ok
low,62.2409,18529.47,200,ok
low,63.2950,17475.41,200,ok
low,60.7840,19988.71,200,ok
medium,71.7538,9018.93,429,shed
medium,71.7335,9039.92,429,shed
medium,66.3669,14528.27,200,ok
low,62.4537,18441.51,200,ok
medium,68.2334,12661.76,200,ok
low,62.4104,18484.78,200,ok
low,62.3413,18553.92,200,ok
high,72.0508,8844.42,429,shed
medium,69.0177,11877.57,200,ok
low,62.5206,18374.75,200,ok
high,71.8942,9001.13,429,shed
low,63.3387,17556.69,200,ok
low,63.4533,17442.09,200,ok
medium,71.8928,9002.63,429,shed
low,60.8914,20004.00,200,ok
medium,71.8758,9019.59,429,shed
low,62.2306,18664.84,200,ok
low,62.1409,18754.59,200,ok
high,72.1510,8744.48,429,shed
medium,70.9871,9908.36,429,shed
low,62.2812,18614.32,200,ok
high,66.6515,14244.05,200,ok
low,62.6109,18291.88,200,ok
low,62.5412,18361.61,200,ok
low,62.6676,18235.23,200,ok
low,63.3815,17526.28,200,ok
medium,67.7430,13164.90,200,ok
high,72.5218,8393.66,429,shed
medium,80.9532,3.25,,error
low,62.7037,18259.26,200,ok
medium,80.9671,2.57,,error
low,80.9708,1.67,,error
medium,80.9835,4.17,,error
low,80.9812,6.74,,error
low,80.9911,3.55,,error
medium,67.7628,13238.55,200,ok
medium,68.6030,12402.38,200,ok
medium,65.7761,15229.30,200,ok
medium,72.8678,8140.75,429,shed
medium,81.0170,3.04,,error
low,81.0212,3.54,,error
low,62.1381,18891.45,200,ok
low,62.1811,18849.53,200,ok
low,81.0409,3.12,,error
medium,72.9180,8138.17,429,shed
medium,81.0529,4.05,,error
low,81.0541,3.17,,error
low,81.0608,2.77,,error
medium,81.0677,3.97,,error
low,81.0717,4.07,,error
low,72.8638,8214.46,429,shed
medium,81.0844,3.22,,error
low,81.0907,2.55,,error
medium,72.9518,8145.01,429,shed
low,62.6807,18416.15,200,ok
low,81.1041,2.16,,error
low,81.1112,3.67,,error
medium,81.1170,3.79,,error
low,81.1208,2.70,,error
low,81.1309,2.69,,error
medium,81.1336,1.39,,error
low,81.1412,3.33,,error
low,62.9293,18222.62,200,ok
low,81.1542,1.82,,error
high,81.1519,4.45,,error
low,81.1609,3.73,,error
medium,81.1678,6.26,,error
low,81.1741,3.06,,error
low,81.1804,3.15,,error
medium,81.1842,2.09,,error
low,62.9446,18242.29,200,ok
medium,66.7713,14438.67,200,ok
low,81.2122,2.69,,error
medium,81.2036,11.58,,error
low,81.2088,6.73,,error
low,62.9477,18271.49,200,ok
low,62.9328,18287.72,200,ok
low,62.9345,18287.84,200,ok
high,66.8009,14427.75,200,ok
low,81.2406,3.79,,error
medium,81.2543,3.05,,error
low,81.2555,2.20,,error
high,81.2509,7.03,,error
low,81.2611,3.08,,error
medium,81.2673,2.92,,error
low,81.2703,1.85,,error
low,81.2810,2.89,,error
medium,81.2839,1.60,,error
low,62.9367,18350.21,200,ok
medium,68.6336,12653.29,200,ok
high,66.7005,14598.88,200,ok
low,81.3035,2.99,,error
medium,67.2294,14079.63,200,ok
low,63.9808,17336.39,200,ok
low,81.3210,2.44,,error
low,81.3307,3.13,,error
medium,81.3338,3.43,,error
low,81.3404,4.36,,error
low,61.7612,19596.00,200,ok
high,72.9504,8406.83,429,shed
low,64.2462,17111.79,200,ok
low,81.3603,2.20,,error
medium,81.3676,2.35,,error
low,81.3711,1.66,,error
low,81.3810,3.72,,error
medium,81.3847,2.78,,error
low,81.3906,2.71,,error
high,81.4009,4.30,,error
medium,81.4029,2.57,,error
low,81.4038,1.95,,error
low,81.4109,2.48,,error
medium,81.4175,2.24,,error
low,81.4209,2.62,,error
low,81.4307,3.03,,error
low,64.2525,17181.85,200,ok
low,64.2375,17199.10,200,ok
medium,81.4529,2.16,,error
low,81.4538,1.66,,error
high,81.4509,4.83,,error
low,61.8807,19578.16,200,ok
low,72.6421,8820.75,429,shed
medium,66.9455,14519.79,200,ok
low,61.8622,19604.60,200,ok
medium,81.4844,2.32,,error
low,81.4912,2.32,,error
medium,81.5025,2.25,,error
low,81.5033,1.78,,error
high,81.5007,4.72,,error
medium,68.4179,13095.40,200,ok
low,72.7527,8762.01,429,shed
low,61.9534,19561.94,200,ok
medium,68.5840,12932.11,200,ok
medium,70.6171,10937.30,200,ok
medium,70.6999,10869.66,200,ok
medium,81.5589,16.30,,error
medium,81.5595,15.99,,error
high,81.5611,14.70,,error
low,81.5702,6.17,,error
low,81.5722,4.40,,error
medium,81.5730,3.90,,error
medium,81.5969,3.76,,error
low,81.5988,2.18,,error
low,81.5876,16.06,,error
high,81.6010,2.95,,error
low,81.6018,3.04,,error
medium,81.6025,2.69,,error
low,81.6103,4.11,,error
medium,81.6192,3.52,,error
low,81.6211,2.12,,error
medium,71.8904,9738.49,429,shed
high,67.2269,14406.24,200,ok
low,61.5904,20048.62,200,ok
medium,72.1531,9489.92,429,shed
medium,72.0172,9625.88,429,shed
low,70.5983,11045.73,429,shed
low,81.6617,3.87,,error
medium,81.6677,4.64,,error
low,81.6709,1.70,,error
low,62.3544,19335.40,200,ok
high,67.7613,13929.70,200,ok
low,81.6812,13.05,,error
low,64.2603,17442.21,200,ok
low,62.1394,19568.78,200,ok
high,81.7035,9.91,,error
low,81.7108,3.95,,error
medium,72.0046,9715.16,429,shed
medium,81.7169,5.00,,error
medium,71.8959,9828.77,429,shed
medium,81.7345,3.26,,error
low,73.2766,8461.88,429,shed
low,73.1530,8587.63,429,shed
low,64.4106,17330.51,200,ok
high,81.7507,5.74,,error
low,81.7606,3.29,,error
medium,81.7671,2.43,,error
low,81.7706,2.05,,error
low,70.7011,11081.05,429,shed
low,70.7663,11015.84,429,shed
low,70.7325,11049.74,429,shed
low,61.1209,20661.32,200,ok
low,71.6805,10101.78,429,shed
low,61.4809,20301.31,200,ok
medium,69.7691,12027.80,200,ok
low,61.8116,20003.30,200,ok
high,72.6552,9223.35,429,shed
low,71.8731,10005.51,429,shed
low,71.8845,9994.11,429,shed
low,71.8886,9990.09,429,shed
low,73.4117,8467.00,429,shed
low,62.2217,19656.96,200,ok
low,73.2909,8587.82,429,shed
high,73.7508,8127.92,429,shed
medium,69.0671,12811.69,200,ok
medium,72.2574,9621.34,429,shed
medium,69.9675,11917.86,200,ok
medium,69.5189,12366.48,200,ok
low,72.6911,9194.30,429,shed
low,71.9615,9923.87,429,shed
low,72.2388,9646.56,429,shed
low,72.3936,9491.80,429,shed
medium,73.8175,8071.07,429,shed
low,62.5312,19357.39,200,ok
medium,69.1672,12721.88,200,ok
low,64.4412,17458.81,200,ok
medium,69.1019,12823.86,200,ok
low,61.8526,20074.71,200,ok
medium,71.0494,10883.70,200,ok
medium,66.4682,15471.39,200,ok
low,62.9435,19007.42,200,ok
low,63.8917,18081.86,200,ok
low,62.9353,19047.13,200,ok
low,71.1066,10875.84,429,shed
low,81.9828,4.25,,error
medium,81.9844,3.02,,error
low,81.9911,2.43,,error
low,62.5561,19448.90,200,ok
medium,82.0026,4.14,,error
low,82.0035,3.54,,error
high,69.2011,12821.31,200,ok
medium,82.0188,12.19,,error
low,82.0224,8.97,,error
low,82.0316,2.28,,error
medium,82.0339,12.12,,error
medium,73.7529,8304.15,429,shed
medium,73.6411,8417.39,429,shed
low,82.0650,10.56,,error
medium,82.0717,4.99,,error
low,82.0727,4.28,,error
low,82.0698,7.51,,error
medium,82.0610,16.66,,error
low,82.0808,5.13,,error
medium,82.0839,2.34,,error
low,82.0905,5.35,,error
medium,68.0030,14109.80,200,ok
medium,73.8029,8309.87,429,shed
low,82.1130,2.56,,error
high,82.1081,7.79,,error
medium,82.1181,6.11,,error
low,82.1242,2.37,,error
low,82.1308,2.92,,error
medium,82.1337,3.99,,error
low,82.1422,3.46,,error
high,82.1509,4.62,,error
medium,82.1530,2.87,,error
low,82.1537,2.40,,error
low,82.1603,3.35,,error
medium,82.1678,3.82,,error
low,82.1717,2.18,,error
low,82.1810,3.73,,error
low,63.2204,18966.33,200,ok
high,69.3017,12892.33,200,ok
high,69.1006,13093.47,200,ok
low,63.3776,18816.53,200,ok
low,72.4257,9768.87,429,shed
high,74.0510,8144.14,429,shed
medium,82.2169,2.63,,error
low,82.2207,1.81,,error
low,82.2307,3.28,,error
medium,82.2340,3.59,,error
medium,69.4048,12838.13,200,ok
medium,69.3374,12905.49,200,ok
medium,74.1531,8095.73,429,shed
low,64.5744,17674.44,200,ok
low,82.2602,4.64,,error
medium,82.2670,3.70,,error
low,82.2707,2.41,,error
medium,68.7590,13516.85,200,ok
low,63.5908,18685.57,200,ok
high,74.3009,7988.38,429,shed
high,82.3008,4.73,,error
medium,82.3029,2.97,,error
low,82.3037,2.41,,error
low,82.3103,4.48,,error
medium,74.5110,7808.75,429,shed
low,73.7804,8540.03,429,shed
high,74.6435,7716.59,429,shed
low,63.5104,18849.77,200,ok
low,82.3304,30.36,,error
low,74.1111,8260.06,429,shed
medium,74.2671,8104.12,429,shed
low,64.6801,17693.10,200,ok
high,69.9007,12472.55,200,ok
low,62.1415,20234.03,200,ok
low,82.3747,2.99,,error
low,82.3803,3.29,,error
medium,82.3836,2.86,,error
low,82.3906,4.09,,error
medium,82.4030,2.54,,error
low,82.4038,2.06,,error
high,82.4010,5.19,,error
low,82.4103,3.35,,error
high,69.8011,12614.69,200,ok
medium,69.7365,12680.62,200,ok
low,82.4308,3.14,,error
medium,82.4340,3.55,,error
low,82.4408,3.91,,error
low,64.7519,17706.57,200,ok
low,71.4250,11033.50,429,shed
high,82.4509,8.62,,error
low,82.4602,2.34,,error
medium,82.4678,3.28,,error
medium,69.7168,12756.76,200,ok
medium,82.4835,2.16,,error
low,82.4812,5.23,,error
low,82.4906,3.70,,error
high,82.5006,20.04,,error
medium,82.5031,17.89,,error
low,82.5107,10.60,,error
low,82.5156,5.97,,error
medium,82.5168,5.08,,error
low,82.5222,1.58,,error
low,82.5310,2.83,,error
medium,82.5338,3.81,,error
medium,69.2351,13304.30,200,ok
medium,69.8545,12684.96,200,ok
low,71.5522,10987.26,429,shed
high,74.4508,8089.23,429,shed
medium,69.7847,12755.80,200,ok
medium,82.5678,3.17,,error
low,82.5710,2.50,,error
low,82.5807,2.88,,error
medium,82.5836,1.91,,error
low,82.5907,3.10,,error
medium,68.0770,14530.64,200,ok
medium,82.6039,4.24,,error
low,82.6048,3.65,,error
low,64.1940,18416.22,200,ok
low,71.7317,10878.55,429,shed
low,63.9303,18679.99,200,ok
low,61.7547,20857.74,200,ok
low,71.8261,10788.50,429,shed
low,63.9915,18624.41,200,ok
low,63.6402,18975.69,200,ok
low,63.4408,19175.15,200,ok
high,82.6507,8.05,,error
low,82.6604,2.66,,error
medium,82.6672,3.63,,error
low,82.6709,2.83,,error
low,61.8905,20789.15,200,ok
low,82.6814,8.21,,error
low,71.8868,10863.31,429,shed
low,72.0905,10659.63,429,shed
low,62.4701,20280.04,200,ok
low,64.5193,18230.90,200,ok
low,82.6902,60.55,,error
high,70.0008,12756.03,200,ok
low,62.6228,20134.10,200,ok
low,62.5612,20195.65,200,ok
high,69.6555,13101.37,200,ok
medium,71.5840,11174.93,200,ok
medium,73.3670,9392.04,429,shed
high,70.2008,12558.58,200,ok
high,82.7454,16.94,,error
low,74.3201,8444.87,429,shed
medium,82.7672,2.27,,error
low,82.7705,3.00,,error
low,74.6868,8087.64,429,shed
low,61.9402,20838.60,200,ok
medium,74.1837,8610.36,429,shed
medium,82.8050,4.11,,error
low,82.8063,3.22,,error
high,82.8005,9.28,,error
low,82.8122,3.12,,error
medium,82.8174,2.09,,error
low,82.8206,1.59,,error
low,82.8304,4.68,,error
medium,82.8351,2.65,,error
low,82.8409,4.34,,error
high,82.8505,7.13,,error
medium,82.8533,4.66,,error
low,82.8540,4.20,,error
low,82.8612,2.41,,error
medium,82.8677,3.62,,error
low,82.8714,2.23,,error
medium,68.4041,14496.45,200,ok
medium,82.8963,8.49,,error
low,82.8984,6.68,,error
high,82.9006,4.81,,error
medium,82.9013,4.38,,error
low,82.9019,4.05,,error
medium,72.2323,10706.56,200,ok
medium,71.6175,11322.14,200,ok
medium,82.9366,8.24,,error
low,82.9374,7.72,,error
low,82.9381,7.31,,error
low,82.9409,6.20,,error
high,82.9504,5.03,,error
medium,82.9525,3.26,,error
low,82.9535,2.60,,error
low,82.9602,4.66,,error
medium,82.9671,5.06,,error
low,82.9722,2.62,,error
low,82.9823,16.58,,error
medium,82.9860,15.34,,error
low,82.9928,9.06,,error
low,64.6527,18351.25,200,ok
low,64.6302,18393.40,200,ok
low,64.7480,18275.66,200,ok
medium,70.8840,12143.56,200,ok
low,83.0260,4.21,,error
medium,83.0268,3.72,,error
low,83.0308,3.70,,error
medium,83.0346,4.17,,error
low,83.0409,6.30,,error
high,83.0503,5.19,,error
medium,83.0524,3.42,,error
low,83.0537,2.46,,error
low,83.0603,4.48,,error
medium,83.0669,3.85,,error
low,83.0708,4.07,,error
low,83.0811,5.62,,error
medium,83.0837,3.34,,error
medium,70.2027,12886.11,200,ok
high,83.1009,4.86,,error
medium,83.1030,3.06,,error
low,83.1039,2.53,,error
low,83.1106,3.26,,error
medium,83.1172,6.92,,error
low,83.1242,6.85,,error
low,64.4319,18701.96,200,ok
low,83.1311,6.54,,error
low,83.1411,2.52,,error
high,83.1509,29.24,,error
medium,83.1532,27.54,,error
low,83.1550,26.26,,error
low,83.1701,11.44,,error
low,83.1720,9.91,,error
medium,83.1737,8.58,,error
medium,83.1839,3.20,,error
low,83.1823,5.13,,error
low,75.0222,8171.75,429,shed
medium,83.2031,2.56,,error
low,83.2042,1.79,,error
high,83.2010,5.33,,error
low,83.2104,5.37,,error
medium,83.2169,2.65,,error
low,83.2207,2.90,,error
low,83.2307,3.91,,error
medium,83.2347,1.92,,error
low,65.5311,17706.05,200,ok
high,83.2509,5.70,,error
medium,83.2530,3.94,,error
low,83.2538,3.46,,error
low,83.2607,4.03,,error
medium,83.2678,2.71,,error
low,83.2706,1.92,,error
low,83.2806,3.00,,error
medium,83.2840,2.54,,error
medium,74.7669,8527.04,429,shed
medium,74.7169,8576.98,429,shed
low,83.3041,2.75,,error
high,83.3012,5.96,,error
low,83.3106,2.97,,error
low,64.4806,18833.53,200,ok
low,83.3204,3.25,,error
high,75.1005,8230.30,429,shed
medium,83.3354,2.19,,error
low,83.3410,2.62,,error
high,83.3509,5.62,,error
medium,83.3537,3.11,,error
low,83.3548,2.44,,error
low,83.3606,6.06,,error
medium,75.0032,8364.17,429,shed
medium,74.3030,9069.54,429,shed
low,64.5029,18882.67,200,ok
medium,74.3176,9068.01,429,shed
low,83.3906,3.22,,error
medium,68.5336,14865.72,200,ok
low,83.4037,3.17,,error
high,83.4004,6.86,,error
low,83.4108,2.89,,error
medium,83.4178,3.68,,error
low,83.4215,2.25,,error
medium,83.4338,3.57,,error
low,83.4310,6.82,,error
low,83.4409,2.77,,error
medium,74.4030,9044.49,429,shed
medium,75.0862,8361.27,429,shed
low,65.6310,17822.86,200,ok
low,83.4612,4.08,,error
medium,83.4674,3.31,,error
low,83.4708,3.85,,error
low,83.4808,3.41,,error
medium,83.4842,3.29,,error
low,83.4906,2.91,,error
high,83.5007,4.84,,error
medium,83.5027,3.12,,error
low,83.5035,2.65,,error
low,83.5106,3.77,,error
medium,75.4844,8029.98,429,shed
low,83.5212,3.43,,error
low,83.5307,3.80,,error
medium,83.5346,2.94,,error
low,83.5406,3.24,,error
medium,83.5532,3.37,,error
low,83.5539,2.91,,error
high,83.5511,6.08,,error
low,64.7424,18815.77,200,ok
low,64.8805,18677.70,200,ok
medium,75.5841,7975.69,429,shed
low,83.5808,2.92,,error
medium,83.5838,2.47,,error
medium,70.8347,12754.82,200,ok
high,83.6009,5.83,,error
medium,83.6031,4.03,,error
low,83.6044,3.01,,error
low,83.6106,2.57,,error
medium,83.6173,2.42,,error
low,83.6208,2.29,,error
low,62.9337,20690.35,200,ok
low,64.9690,18664.29,200,ok
low,65.0905,18547.64,200,ok
medium,74.7337,8917.81,429,shed
low,64.8410,18816.92,200,ok
high,83.6516,6.85,,error
low,83.6610,2.57,,error
low,62.9455,20724.10,200,ok
low,62.9377,20732.57,200,ok
low,83.6808,3.99,,error
medium,83.6848,2.49,,error
low,83.6904,3.83,,error
high,83.7013,12.17,,error
medium,83.7037,10.13,,error
low,83.7052,8.90,,error
medium,68.5672,15147.02,200,ok
low,74.9051,8809.18,429,shed
medium,75.6674,8049.02,429,shed
low,65.5806,18136.27,200,ok
medium,83.7347,4.12,,error
low,83.7410,2.82,,error
high,83.7503,11.81,,error
medium,83.7526,10.05,,error
low,83.7568,6.32,,error
low,83.7632,3.43,,error
medium,83.7678,3.22,,error
low,64.7905,18982.76,200,ok
low,83.7812,7.49,,error
medium,83.7863,3.92,,error
low,83.7903,2.45,,error
high,75.7009,8097.43,429,shed
low,74.0315,9768.24,429,shed
high,83.8009,11.88,,error
low,83.8105,4.61,,error
medium,83.8172,3.43,,error
low,83.8207,3.76,,error
low,65.4088,18420.89,200,ok
low,74.3802,9454.58,429,shed
high,71.1027,12732.11,200,ok
low,65.4058,18428.98,200,ok
high,71.4010,12433.86,200,ok
medium,71.8898,11953.81,200,ok
low,83.8611,2.41,,error
medium,83.8676,3.01,,error
low,83.8706,2.11,,error
low,66.3903,17494.14,200,ok
low,65.8710,18013.45,200,ok
low,83.8903,2.76,,error
high,83.9013,4.44,,error
medium,83.9033,2.71,,error
low,83.9041,2.24,,error
low,83.9105,3.71,,error
medium,83.9178,2.78,,error
low,83.9206,2.67,,error
low,65.4100,18519.12,200,ok
medium,83.9335,1.82,,error
low,83.9405,4.00,,error
medium,75.7030,8248.49,429,shed
high,69.8535,14102.72,200,ok
high,83.9516,6.04,,error
low,83.9607,2.95,,error
medium,83.9678,3.16,,error
low,83.9710,1.51,,error
low,83.9807,2.64,,error
medium,83.9845,2.33,,error
high,76.1011,7888.59,429,shed
low,63.0468,20942.93,200,ok
medium,70.9849,13005.30,200,ok
low,84.0058,2.24,,error
low,84.0107,3.02,,error
low,76.1314,7884.11,429,shed
low,84.0208,1.79,,error
high,76.0011,8032.91,429,shed
low,84.0308,6.54,,error
low,84.0409,3.73,,error
medium,84.0525,3.34,,error
low,84.0533,2.84,,error
high,84.0508,5.73,,error
low,84.0609,3.10,,error
medium,73.0835,10983.94,200,ok
low,84.0712,3.07,,error
low,84.0811,6.78,,error
medium,84.0836,4.69,,error
low,84.0905,2.55,,error
low,63.5208,20579.26,200,ok
low,65.5911,18544.36,200,ok
low,84.1316,8.35,,error
low,84.1324,7.85,,error
medium,84.1341,6.49,,error
medium,84.1348,6.11,,error
low,84.1355,5.65,,error
medium,84.1250,16.45,,error
low,84.1416,2.13,,error
high,84.1503,5.09,,error
medium,84.1524,3.36,,error
low,84.1533,2.76,,error
low,84.1612,3.48,,error
low,63.2214,20949.67,200,ok
low,84.1711,3.66,,error
low,84.1805,3.66,,error
medium,75.2670,8920.08,429,shed
low,84.1908,5.30,,error
low,65.5205,18687.66,200,ok
high,76.0509,8157.31,429,shed
low,84.2056,7.89,,error
low,84.2113,3.86,,error
medium,69.4838,14736.36,200,ok
low,84.2202,3.40,,error
low,74.6730,9553.03,429,shed
low,66.6103,17615.71,200,ok
low,64.1865,20039.60,200,ok
medium,75.0679,9166.06,429,shed
medium,76.2687,7976.91,429,shed
high,84.2509,5.96,,error
low,84.2604,4.14,,error
medium,84.2692,4.47,,error
low,84.2713,2.70,,error
low,65.5536,18726.34,200,ok
high,71.0584,13221.61,200,ok
medium,72.6849,11595.12,200,ok
low,76.2602,8019.76,429,shed
low,64.2715,20009.90,200,ok
low,64.1417,20139.73,200,ok
low,64.0909,20190.51,200,ok
medium,76.1675,8123.03,429,shed
low,84.3203,2.83,,error
low,84.3303,3.75,,error
low,76.2553,8081.90,429,shed
medium,84.3341,3.46,,error
medium,72.6570,11683.07,200,ok
low,76.2907,8054.51,429,shed
low,74.6854,9672.34,429,shed
low,74.6744,9685.32,429,shed
medium,76.4063,7955.46,429,shed
low,74.7152,9646.53,429,shed
low,74.6704,9691.38,429,shed
low,67.3065,17055.26,200,ok
low,65.1040,19260.50,200,ok
low,65.1910,19179.24,200,ok
high,71.3508,13033.70,200,ok
medium,72.7520,11632.57,200,ok
low,66.9318,17455.90,200,ok
medium,71.2034,13184.33,200,ok
medium,76.5043,7894.86,429,shed
low,65.0307,19391.09,200,ok
low,66.3105,18111.34,200,ok
low,65.4068,19015.04,200,ok
low,76.3437,8096.12,429,shed
low,74.7316,9710.24,429,shed
low,75.9812,8461.87,429,shed
low,76.5011,7942.02,429,shed
low,74.9041,9551.89,429,shed
low,74.7912,9664.78,429,shed
low,76.2805,8175.51,429,shed
medium,73.3842,11088.53,200,ok
high,76.3506,8125.62,429,shed
low,66.7103,17766.75,200,ok
medium,74.0531,10441.24,200,ok
low,76.5224,7971.98,429,shed
low,76.4203,8074.15,429,shed
medium,84.5173,11.75,,error
low,84.5210,8.96,,error
low,84.5311,3.85,,error
medium,84.5350,4.73,,error
medium,71.5677,13010.01,200,ok
low,66.7922,17785.54,200,ok
low,84.5408,43.56,,error
low,76.5405,8065.34,429,shed
low,76.5608,8045.04,429,shed
low,84.5961,17.17,,error
low,84.6008,12.78,,error
medium,84.6032,10.69,,error
medium,84.6046,9.63,,error
low,66.6557,17962.25,200,ok
high,76.4016,8216.44,429,shed
low,76.5904,8027.66,429,shed
medium,84.6105,13.39,,error
low,84.6143,9.96,,error
medium,84.6185,6.03,,error
low,84.6216,5.33,,error
medium,71.6029,13036.08,200,ok
medium,73.7180,10920.99,200,ok
medium,76.5521,8086.91,429,shed
low,65.1804,19522.95,200,ok
high,71.8769,12826.45,200,ok
low,76.4109,8292.42,429,shed
low,66.5206,18182.81,200,ok
high,75.8005,8902.92,429,shed
low,66.6442,18059.21,200,ok
medium,76.5673,8137.30,429,shed
medium,76.5077,8200.96,429,shed
low,67.7459,16962.79,200,ok
medium,84.7061,4.96,,error
low,84.7068,4.68,,error
low,84.6985,13.26,,error
medium,70.2679,14447.12,200,ok
low,84.7120,6.73,,error
low,84.7205,1.71,,error
low,84.7304,3.77,,error
medium,84.7342,2.40,,error
high,71.9038,12834.86,200,ok
low,65.4094,19368.13,200,ok
low,65.4112,19366.30,200,ok
low,84.7536,25.73,,error
low,84.7739,5.70,,error
low,84.7754,4.55,,error
medium,84.7766,3.56,,error
low,75.0709,9712.90,429,shed
medium,76.6176,8166.68,429,shed
low,74.9026,9883.43,429,shed
medium,76.5838,8203.42,429,shed
low,74.9211,9866.17,429,shed
medium,77.0019,7787.68,429,shed
low,76.8202,7969.35,429,shed
medium,77.0842,7723.39,429,shed
medium,74.7530,10056.82,200,ok
high,72.0015,12832.81,200,ok
low,84.8308,5.09,,error
low,84.8404,3.16,,error
medium,84.8550,4.54,,error
low,84.8564,3.52,,error
high,84.8508,9.44,,error
low,84.8603,2.07,,error
medium,76.0336,8832.68,429,shed
low,75.5325,9338.30,429,shed
low,75.6111,9261.78,429,shed
low,75.1803,9692.59,429,shed
low,75.0973,9775.56,429,shed
low,75.4705,9402.41,429,shed
medium,76.7028,8170.07,429,shed
low,65.4935,19405.42,200,ok
low,84.9112,4.58,,error
low,63.3393,21577.12,200,ok
low,84.9204,1.97,,error
medium,76.1031,8820.33,429,shed
low,84.9468,4.05,,error
medium,84.9335,17.63,,error
medium,84.9524,3.52,,error
low,84.9531,3.12,,error
high,84.9512,5.36,,error
low,84.9612,4.58,,error
medium,84.9669,3.72,,error
low,84.9707,2.82,,error
low,84.9807,3.58,,error
medium,84.9843,2.21,,error
low,75.2101,9781.01,429,shed
medium,71.1048,13889.02,200,ok
low,75.2805,9713.35,429,shed
medium,70.0682,14926.47,200,ok
low,64.0807,20916.97,200,ok
high,75.9004,9097.26,429,shed
low,67.6312,17389.78,200,ok
low,85.0310,2.95,,error
medium,85.0339,2.94,,error
low,85.0411,4.65,,error
medium,85.0530,2.99,,error
low,85.0538,2.49,,error
high,85.0509,5.66,,error
low,85.0607,2.54,,error
medium,85.0674,11.37,,error
low,85.0757,4.87,,error
low,85.0807,1.78,,error
medium,85.0835,1.72,,error
low,85.0904,3.72,,error
medium,75.2836,9814.91,429,shed
low,63.3914,21707.05,200,ok
medium,85.1023,118.69,,error
low,66.6817,18560.76,200,ok
medium,77.0375,8205.04,429,shed
low,75.4031,9839.41,429,shed
low,64.7367,20505.81,200,ok
low,64.8608,20381.78,200,ok
medium,75.4023,9840.29,429,shed
low,64.0605,21182.06,200,ok
high,72.5233,12719.35,200,ok
low,68.0784,17164.24,200,ok
medium,73.1177,12124.97,200,ok
low,64.7431,20499.58,200,ok
medium,75.8171,9425.57,429,shed
low,75.9103,9336.88,429,shed
low,76.1540,9095.50,429,shed
low,64.7438,20505.71,200,ok
low,65.2308,20018.66,200,ok
high,76.5070,8742.48,429,shed
medium,85.2406,14.74,,error
high,85.2412,14.45,,error
high,85.2418,14.15,,error
low,85.2437,12.50,,error
low,85.2445,12.05,,error
medium,85.2451,11.70,,error
low,85.2283,28.79,,error
high,85.2519,8.61,,error
medium,85.2533,7.55,,error
low,85.2540,7.13,,error
low,75.7104,9550.92,429,shed
medium,75.5341,9727.25,429,shed
low,77.1806,8083.92,429,shed
medium,76.4173,8870.61,429,shed
medium,71.0034,14284.54,200,ok
medium,72.2338,13057.34,200,ok
high,85.3003,5.25,,error
medium,85.3024,3.46,,error
low,85.3032,2.98,,error
low,85.3103,2.81,,error
medium,85.3172,3.80,,error
low,85.3211,2.57,,error
medium,77.2680,8058.29,429,shed
high,72.7010,12625.80,200,ok
low,66.6907,18638.13,200,ok
low,64.8308,20503.18,200,ok
medium,75.6845,9650.92,429,shed
low,67.3309,18017.62,200,ok
high,72.7506,12602.13,200,ok
medium,85.3671,7.14,,error
low,85.3743,3.62,,error
low,85.3810,2.21,,error
medium,85.3843,1.75,,error
low,85.3902,5.78,,error
medium,73.6396,11760.73,200,ok
low,85.4027,1.58,,error
high,85.4005,4.17,,error
medium,76.1531,9261.98,429,shed
low,85.4216,3.86,,error
medium,85.4173,8.57,,error
medium,85.4347,3.26,,error
low,85.4323,6.85,,error
low,85.4406,3.69,,error
medium,73.1517,12298.91,200,ok
medium,72.7847,12674.98,200,ok
low,66.7611,18698.61,200,ok
low,66.7033,18756.43,200,ok
low,85.4724,2.16,,error
medium,85.4702,4.63,,error
low,75.5807,9898.69,429,shed
low,76.0054,9474.60,429,shed
low,75.4907,9992.61,429,shed
medium,71.9051,13583.53,200,ok
low,85.5038,4.17,,error
high,85.5007,7.56,,error
low,85.5107,3.87,,error
medium,85.5177,3.19,,error
low,85.5209,2.55,,error
low,85.5306,3.75,,error
medium,85.5344,2.91,,error
low,85.5405,2.97,,error
medium,85.5536,3.49,,error
low,85.5546,2.82,,error
high,85.5511,6.62,,error
low,85.5612,3.57,,error
medium,85.5669,4.81,,error
low,85.5718,2.75,,error
low,77.3808,8198.46,429,shed
medium,85.5835,3.06,,error
low,77.4034,8183.94,429,shed
low,76.3756,9215.88,429,shed
low,77.2702,8321.80,429,shed
low,77.3308,8263.26,429,shed
medium,73.5915,12015.69,200,ok
medium,85.6168,3.73,,error
low,85.6206,3.00,,error
medium,85.6336,3.09,,error
low,85.6308,6.38,,error
low,85.6403,2.34,,error
high,85.6504,6.06,,error
medium,85.6527,4.57,,error
low,85.6543,3.30,,error
low,85.6608,2.66,,error
medium,72.0678,13600.12,200,ok
medium,71.9676,13700.29,200,ok
low,85.6807,4.16,,error
medium,85.6849,2.61,,error
low,85.6907,3.62,,error
high,77.4507,8256.21,429,shed
medium,85.7029,6.09,,error
low,85.7044,4.91,,error
low,85.7111,3.52,,error
medium,71.8746,13840.60,200,ok
low,66.9374,18779.26,200,ok
low,85.7307,3.81,,error
medium,85.7346,2.92,,error
low,85.7409,2.65,,error
high,85.7507,5.82,,error
medium,85.7527,4.20,,error
low,85.7539,3.42,,error
low,85.7604,3.19,,error
medium,85.7677,3.38,,error
low,65.7728,20000.07,200,ok
low,85.7808,4.32,,error
medium,85.7851,2.01,,error
low,85.7903,4.51,,error
medium,85.8030,3.98,,error
low,85.8038,3.50,,error
high,85.8010,6.63,,error
low,85.8108,3.24,,error
high,72.5205,13302.79,200,ok
medium,85.8182,23.20,,error
low,85.8429,4.32,,error
medium,85.8441,3.47,,error
low,85.8415,6.40,,error
high,85.8511,4.17,,error
medium,85.8526,2.91,,error
low,85.8534,2.40,,error
medium,77.4171,8448.97,429,shed
medium,77.3600,8506.07,429,shed
medium,77.4702,8398.74,429,shed
low,67.2919,18577.74,200,ok
low,67.4808,18389.31,200,ok
medium,72.2308,13641.25,200,ok
medium,72.6511,13220.89,200,ok
medium,85.9038,4.84,,error
low,85.9058,3.23,,error
low,85.9111,2.06,,error
medium,85.9203,5.14,,error
low,85.9227,3.20,,error
low,85.9311,5.92,,error
low,67.6030,18339.22,200,ok
medium,72.7025,13239.78,200,ok
high,85.9511,14.81,,error
medium,85.9535,12.74,,error
low,85.9596,7.00,,error
low,85.9637,3.24,,error
medium,74.6672,11304.45,200,ok
medium,74.6567,11315.02,200,ok
low,77.5999,8379.35,429,shed
medium,85.9836,2.28,,error
low,85.9910,3.17,,error
high,86.0004,4.23,,error
medium,86.0025,2.45,,error
low,86.0033,1.96,,error
low,86.0105,2.81,,error
medium,86.0177,2.61,,error
low,68.3759,17646.27,200,ok
low,86.0311,14.98,,error
low,86.0461,4.81,,error
medium,86.0374,14.10,,error
high,86.0516,4.06,,error
medium,86.0533,2.73,,error
low,86.0543,2.24,,error
low,86.0607,6.29,,error
medium,86.0670,2.80,,error
low,86.0710,2.92,,error
low,75.6911,10388.40,429,shed
medium,86.0838,6.27,,error
low,67.3409,18750.18,200,ok
low,68.3767,17720.29,200,ok
medium,86.1024,14.82,,error
low,86.1038,13.97,,error
low,77.7315,8387.47,429,shed
medium,86.1190,4.78,,error
low,86.1210,3.22,,error
low,77.9708,8164.62,429,shed
low,86.1355,7.36,,error
low,86.1407,4.08,,error
high,72.2493,13911.88,200,ok
medium,86.1533,8.45,,error
low,86.1549,7.26,,error
high,86.1510,11.46,,error
medium,86.1669,4.60,,error
low,86.1715,3.03,,error
low,86.1813,3.60,,error
medium,86.1849,1.53,,error
low,86.1906,2.12,,error
high,86.2010,5.32,,error
medium,86.2030,3.61,,error
low,86.2044,2.51,,error
medium,78.0533,8155.23,429,shed
medium,86.2169,2.46,,error
low,77.4206,8802.91,429,shed
medium,77.5335,8690.05,429,shed
low,68.3789,17844.70,200,ok
low,76.5083,9715.93,429,shed
low,67.5806,18657.59,200,ok
low,68.8811,17357.56,200,ok
medium,72.1339,14108.96,200,ok
low,68.5906,17661.11,200,ok
medium,73.9496,12302.13,200,ok
low,77.5036,8784.77,429,shed
high,73.1011,13187.36,200,ok
medium,78.1678,8187.70,429,shed
low,68.8439,17511.59,200,ok
medium,73.2843,13071.24,200,ok
high,77.9510,8404.60,429,shed
high,74.1510,12204.55,200,ok
low,67.7498,18605.85,200,ok
low,67.9032,18452.39,200,ok
medium,86.3530,16.67,,error
medium,86.3536,16.38,,error
low,86.3410,29.29,,error
high,86.3588,14.28,,error
medium,86.3594,39.81,,error
low,86.3625,37.05,,error
low,86.3575,42.37,,error
low,86.3566,43.53,,error
low,66.8101,19590.46,200,ok
medium,77.7682,8632.44,429,shed
high,78.1510,8249.68,429,shed
low,67.2964,19104.32,200,ok
low,67.3112,19089.51,200,ok
medium,74.4176,11991.95,200,ok
low,69.1201,17289.42,200,ok
low,69.2038,17205.73,200,ok
low,68.1404,18285.03,200,ok
low,68.0114,18414.00,200,ok
medium,74.6582,11767.24,200,ok
low,86.4124,16.02,,error
medium,86.4354,2.51,,error
low,86.4407,5.57,,error
low,69.1902,17257.73,200,ok
low,86.4539,2.63,,error
high,86.4512,5.67,,error
low,86.4606,5.26,,error
low,66.9349,19533.01,200,ok
medium,73.2714,13196.54,200,ok
low,66.9384,19529.53,200,ok
medium,86.4835,2.52,,error
low,86.4908,3.72,,error
medium,73.7836,12725.67,200,ok
high,73.1504,13358.93,200,ok
high,86.5017,8.47,,error
low,86.5109,2.96,,error
low,86.5203,2.34,,error
medium,86.5182,4.82,,error
medium,73.4179,13105.80,200,ok
medium,73.7684,12758.02,200,ok
medium,72.9339,13592.52,200,ok
medium,72.9676,13559.23,200,ok
medium,74.6589,11881.55,200,ok
low,66.9692,19575.99,200,ok
low,68.5816,17964.07,200,ok
low,66.9362,19611.20,200,ok
medium,74.0337,12542.88,200,ok
medium,77.4026,9174.05,429,shed
low,68.3779,18198.70,200,ok
low,64.9631,21618.18,200,ok
low,65.0205,21560.77,200,ok
low,65.0540,21527.70,200,ok
high,73.4005,13185.79,200,ok
low,86.6112,4.05,,error
low,86.6224,3.31,,error
medium,86.6202,5.91,,error
low,68.7719,17857.10,200,ok
medium,86.6342,3.65,,error
low,86.6410,2.81,,error
high,86.6507,6.99,,error
medium,86.6533,4.84,,error
low,86.6548,4.45,,error
low,86.6604,2.30,,error
low,86.6704,2.90,,error
medium,86.6679,5.81,,error
low,86.6809,4.27,,error
medium,86.6852,3.60,,error
low,65.1202,21573.29,200,ok
low,67.3930,19305.23,200,ok
medium,75.8836,10816.52,200,ok
low,86.7035,2.61,,error
low,86.7109,3.84,,error
medium,86.7178,3.15,,error
low,86.7210,3.63,,error
high,72.5226,14204.39,200,ok
medium,86.7337,3.10,,error
low,86.7409,3.52,,error
high,78.5011,8248.62,429,shed
low,86.7548,3.61,,error
high,86.7522,6.51,,error
low,86.7602,1.77,,error
medium,77.7337,9039.16,429,shed
medium,86.7671,8.14,,error
low,78.2205,8557.47,429,shed
low,86.7816,4.58,,error
medium,73.4669,13325.29,200,ok
medium,86.8033,2.80,,error
low,86.8042,2.20,,error
high,86.8012,5.52,,error
low,86.8109,3.73,,error
medium,86.8178,3.03,,error
low,86.8208,2.46,,error
low,86.8305,3.13,,error
medium,86.8337,1.81,,error
medium,78.6676,8170.98,429,shed
low,69.0540,17801.93,200,ok
low,78.3251,8530.84,429,shed
high,86.8507,7.15,,error
low,86.8604,2.08,,error
medium,86.8676,2.76,,error
low,86.8704,1.68,,error
low,86.8804,3.17,,error
medium,86.8836,1.76,,error
low,86.8912,3.16,,error
high,86.9013,10.21,,error
medium,86.9034,8.42,,error
low,86.9087,3.46,,error
low,86.9122,2.33,,error
medium,86.9177,3.03,,error
low,86.9207,2.83,,error
low,86.9307,2.91,,error
medium,86.9337,2.88,,error
low,86.9411,3.64,,error
medium,86.9531,2.63,,error
low,86.9539,2.12,,error
high,86.9509,5.38,,error
low,86.9605,3.20,,error
medium,86.9679,3.79,,error
low,86.9717,2.84,,error
low,86.9807,3.96,,error
low,78.6204,8366.82,429,shed
low,69.1703,17817.47,200,ok
low,78.6826,8312.59,429,shed
medium,87.0028,2.99,,error
low,87.0037,2.40,,error
low,68.8540,18154.95,200,ok
medium,87.0179,4.54,,error
low,87.0201,2.60,,error
low,87.0309,3.42,,error
medium,87.0344,2.08,,error
low,87.0406,2.94,,error
medium,87.0529,30.13,,error
low,87.0537,29.65,,error
high,87.0508,32.86,,error
low,68.9030,18182.61,200,ok
low,87.0741,13.33,,error
medium,87.0757,12.05,,error
low,87.0843,3.73,,error
medium,87.0857,2.63,,error
low,87.0922,4.63,,error
low,70.2910,16813.26,200,ok
low,87.1035,3.12,,error
high,87.1014,5.67,,error
low,87.1108,2.68,,error
medium,87.1177,5.19,,error
low,87.1229,2.67,,error
low,87.1307,3.90,,error
medium,87.1347,2.97,,error
low,87.1408,2.88,,error
high,87.1509,4.74,,error
medium,87.1531,2.85,,error
low,87.1539,2.33,,error
low,87.1604,4.37,,error
high,73.6506,13518.80,200,ok
low,87.1704,4.44,,error
low,87.1810,3.79,,error
medium,87.1848,2.72,,error
low,87.1907,3.06,,error
medium,87.2031,3.47,,error
low,87.2042,2.64,,error
high,87.2009,6.22,,error
low,87.2103,2.85,,error
medium,87.2173,3.37,,error
low,87.2207,2.82,,error
low,87.2307,3.09,,error
medium,87.2338,2.75,,error
low,87.2407,5.15,,error
medium,87.2533,3.29,,error
low,87.2543,2.57,,error
high,87.2511,6.12,,error
low,87.2604,3.67,,error
medium,87.2672,2.81,,error
low,87.2711,3.50,,error
low,87.2808,3.93,,error
medium,87.2848,2.75,,error
low,87.2907,3.12,,error
high,87.3010,4.49,,error
medium,87.3031,2.70,,error
low,87.3040,2.16,,error
low,87.3103,3.40,,error
medium,87.3179,3.82,,error
low,87.3217,3.92,,error
low,87.3308,3.91,,error
medium,87.3348,2.80,,error
low,87.3407,8.59,,error
high,87.3510,5.62,,error
low,87.3544,3.19,,error
medium,87.3532,4.68,,error
low,87.3614,2.64,,error
medium,87.3672,85.25,,error
medium,73.1036,14348.88,200,ok
low,68.6120,18840.49,200,ok
low,87.4457,12.33,,error
low,87.4464,12.04,,error
low,87.4470,11.73,,error
low,87.4476,11.41,,error
low,87.4482,11.09,,error
medium,87.4488,10.76,,error
medium,87.4495,10.44,,error
medium,87.4501,10.13,,error
medium,87.4507,9.83,,error
high,87.4513,9.51,,error
high,87.4530,8.05,,error
medium,87.4537,7.68,,error
low,87.4543,7.35,,error
low,87.4430,18.90,,error
low,87.4627,2.23,,error
medium,87.4671,2.50,,error
low,87.4707,2.70,,error
medium,78.7033,8783.73,429,shed
low,87.4813,7.56,,error
low,87.4902,4.52,,error
low,68.3773,19121.73,200,ok
medium,78.6006,8898.50,429,shed
low,68.3801,19118.98,200,ok
low,78.4406,9058.51,429,shed
low,78.6534,8954.10,429,shed
medium,74.1339,13473.60,200,ok
low,68.4307,19176.87,200,ok
medium,78.6841,8923.47,429,shed
high,79.4019,8223.48,429,shed
medium,74.1673,13458.14,200,ok
low,66.3609,21266.57,200,ok
low,87.5526,77.58,,error
high,87.6084,22.18,,error
low,87.6189,12.62,,error
low,87.6196,12.21,,error
low,87.6202,11.84,,error
low,87.6209,11.52,,error
low,87.6215,11.19,,error
medium,87.6230,9.94,,error
medium,87.6239,9.32,,error
medium,87.6246,8.97,,error
low,87.6176,16.25,,error
medium,87.6275,11.19,,error
low,87.6340,4.98,,error
medium,87.6358,3.44,,error
low,87.6284,11.24,,error
low,87.6407,1.82,,error
medium,74.8023,12843.75,200,ok
medium,87.6522,5.62,,error
low,87.6557,2.96,,error
low,87.6608,3.29,,error
low,69.2221,18444.73,200,ok
low,87.6705,3.06,,error
low,87.6808,3.96,,error
medium,87.6847,1.93,,error
low,87.6908,2.90,,error
medium,87.7069,5.73,,error
high,87.7013,11.64,,error
low,87.7106,2.66,,error
low,87.7088,4.73,,error
medium,87.7177,2.13,,error
low,87.7219,2.18,,error
high,75.0576,12672.05,200,ok
low,69.2966,18467.31,200,ok
low,87.7404,33.37,,error
high,87.7513,22.75,,error
medium,87.7534,20.95,,error
low,87.7573,17.31,,error
low,87.7604,14.58,,error
medium,87.7670,8.23,,error
low,87.7716,5.25,,error
low,87.7810,5.60,,error
medium,87.7838,3.13,,error
low,87.7911,4.65,,error
high,87.8010,4.52,,error
medium,87.8029,2.91,,error
low,87.8037,2.46,,error
medium,76.2541,11554.69,200,ok
medium,87.8169,2.80,,error
low,87.8208,2.09,,error
medium,87.8335,1.96,,error
low,87.8312,4.60,,error
low,87.8408,3.22,,error
high,87.8503,4.68,,error
medium,87.8524,2.85,,error
low,87.8535,2.08,,error
low,69.6083,18251.55,200,ok
medium,87.8675,3.25,,error
low,87.8707,2.82,,error
low,87.8807,3.97,,error
medium,87.8847,2.47,,error
low,69.5304,18357.42,200,ok
low,69.2981,18591.71,200,ok
low,69.3708,18519.62,200,ok
medium,76.3174,11582.44,200,ok
low,69.0404,18860.12,200,ok
medium,87.9172,3.60,,error
low,87.9208,2.83,,error
high,74.6548,13278.27,200,ok
low,69.4760,18460.45,200,ok
low,87.9410,3.07,,error
low,69.7805,18164.67,200,ok
low,68.6045,19340.65,200,ok
high,87.9504,5.27,,error
low,87.9604,4.44,,error
medium,87.9669,3.61,,error
low,87.9706,3.00,,error
medium,87.9835,2.17,,error
low,87.9808,5.16,,error
low,87.9911,2.75,,error
medium,88.0119,3.65,,error
low,88.0131,2.75,,error
low,88.0140,2.14,,error
high,88.0098,6.62,,error
medium,88.0175,3.06,,error
low,88.0206,2.91,,error
low,88.0307,2.97,,error
medium,88.0337,1.79,,error
low,68.8255,19218.07,200,ok
medium,78.3529,9690.67,429,shed
medium,78.3195,9725.34,429,shed
low,67.9810,20063.88,200,ok
low,88.0612,3.47,,error
medium,88.0678,3.87,,error
low,88.0717,1.77,,error
low,88.0823,4.30,,error
medium,88.0846,2.28,,error
low,88.0912,3.50,,error
medium,88.1030,3.58,,error
low,88.1039,2.95,,error
high,88.1009,6.25,,error
low,88.1112,9.53,,error
medium,88.1180,3.08,,error
low,88.1211,2.04,,error
medium,78.5338,9670.64,429,shed
medium,78.6174,9592.00,429,shed
medium,78.9543,9289.68,429,shed
low,69.2102,19033.84,200,ok
medium,79.3032,8940.89,429,shed
high,79.8006,8443.51,429,shed
high,73.3013,14942.87,200,ok
medium,79.1668,9091.55,429,shed
medium,79.6657,8593.05,429,shed
medium,79.7671,8491.68,429,shed
medium,74.6663,13592.84,200,ok
medium,88.2333,35.73,,error
high,88.2381,32.44,,error
high,88.2418,29.02,,error
low,88.2209,50.33,,error
low,88.2493,24.57,,error
low,88.2506,23.55,,error
low,88.2523,22.17,,error
low,88.2549,19.86,,error
medium,88.2560,19.05,,error
medium,88.2570,18.34,,error
high,88.2616,16.70,,error
low,88.2643,15.23,,error
medium,88.2631,17.38,,error
low,88.2666,15.88,,error
medium,88.2718,11.70,,error
medium,88.2835,2.03,,error
low,88.2805,5.33,,error
low,88.2757,10.48,,error
medium,79.6762,8617.50,429,shed
medium,76.2836,12018.41,200,ok
high,79.6672,8640.82,429,shed
medium,76.9177,11390.41,200,ok
low,88.3105,2.13,,error
medium,88.3188,5.53,,error
low,69.5086,18820.82,200,ok
low,79.2311,9098.33,429,shed
medium,77.1199,11210.32,200,ok
medium,79.3214,9062.34,429,shed
low,79.7911,8597.91,429,shed
high,80.0015,8387.57,429,shed
low,88.3742,16.43,,error
low,88.3760,14.96,,error
low,88.3776,13.70,,error
high,88.3789,12.70,,error
medium,88.3804,11.43,,error
medium,88.3812,10.97,,error
medium,79.3535,9041.55,429,shed
medium,79.4034,8991.66,429,shed
medium,88.4032,4.11,,error
low,88.4039,3.63,,error
low,88.4111,2.44,,error
medium,74.6679,13746.95,200,ok
low,79.6525,8763.20,429,shed
medium,80.0675,8367.99,429,shed
medium,79.9836,8465.23,429,shed
low,70.7026,17746.26,200,ok
low,70.8404,17608.40,200,ok
medium,77.3890,11059.83,200,ok
low,79.1703,9279.73,429,shed
medium,80.0532,8400.67,429,shed
medium,76.7530,11705.75,200,ok
low,69.2308,19228.83,200,ok
low,88.4803,2.73,,error
medium,88.4840,2.52,,error
low,88.4907,3.59,,error
high,88.5005,5.55,,error
medium,88.5026,3.81,,error
low,88.5035,3.14,,error
low,88.5108,2.50,,error
medium,88.5175,2.55,,error
low,70.9103,17610.33,200,ok
low,71.0614,17462.00,200,ok
low,77.9806,10553.38,429,shed
low,69.2987,19236.61,200,ok
medium,79.8335,8701.84,429,shed
low,69.2975,19239.58,200,ok
high,88.5511,4.67,,error
medium,76.8169,11742.01,200,ok
medium,77.2843,11283.41,200,ok
medium,76.3031,12264.65,200,ok
low,88.5808,4.87,,error
medium,88.5835,2.63,,error
low,88.5903,2.33,,error
high,88.6012,6.79,,error
medium,88.6033,5.55,,error
low,88.6040,5.11,,error
low,69.3903,19219.15,200,ok
high,80.2006,8409.70,429,shed
high,75.0011,13609.24,200,ok
low,68.3807,20235.45,200,ok
low,67.2906,21325.62,200,ok
low,71.5530,17075.22,200,ok
low,71.5717,17058.11,200,ok
low,71.0153,17622.21,200,ok
low,88.6539,10.32,,error
low,88.6622,2.61,,error
medium,88.6682,2.09,,error
low,88.6704,3.23,,error
medium,80.3524,8326.46,429,shed
low,78.4544,10224.47,429,shed
low,88.6903,2.73,,error
low,78.6603,10037.08,429,shed
low,88.7038,4.04,,error
high,88.7005,8.51,,error
low,79.9418,8773.58,429,shed
medium,88.7177,3.31,,error
low,88.7211,2.13,,error
low,65.4840,23243.60,200,ok
medium,88.7340,2.76,,error
low,88.7409,2.78,,error
medium,77.7533,11003.52,200,ok
low,80.2215,8535.27,429,shed
low,88.7541,3.33,,error
low,88.7610,2.04,,error
low,70.8107,17954.97,200,ok
medium,77.4858,11283.27,200,ok
medium,77.4520,11322.46,200,ok
low,65.4081,23370.83,200,ok
low,88.7909,4.36,,error
high,88.8006,5.17,,error
medium,88.8027,3.51,,error
low,88.8036,2.86,,error
low,88.8107,3.07,,error
medium,88.8169,2.68,,error
medium,80.4668,8355.50,429,shed
low,80.2606,8563.35,429,shed
medium,88.8336,4.17,,error
low,88.8409,2.85,,error
low,80.3416,8506.80,429,shed
low,71.6307,17218.88,200,ok
low,80.3554,8494.18,429,shed
low,88.8608,2.99,,error
medium,88.8669,2.83,,error
low,88.8709,3.73,,error
low,88.8808,4.17,,error
medium,88.8850,2.74,,error
low,88.8909,3.70,,error
low,66.7734,22124.44,200,ok
low,69.7915,19115.57,200,ok
medium,88.9028,4.66,,error
low,88.9036,4.17,,error
medium,88.9168,3.56,,error
low,88.9204,4.10,,error
low,88.9307,2.93,,error
medium,88.9337,1.96,,error
low,88.9408,3.15,,error
medium,75.8019,13143.25,200,ok
medium,77.5169,11429.80,200,ok
low,68.5111,20437.23,200,ok
low,66.8043,22145.40,200,ok
low,71.0560,17907.41,200,ok
low,88.9703,2.36,,error
low,88.9809,4.58,,error
medium,88.9836,2.20,,error
low,88.9912,3.90,,error
medium,89.0026,3.03,,error
high,89.0004,6.09,,error
low,89.0038,3.05,,error
low,89.0109,3.91,,error
medium,89.0170,3.35,,error
low,89.0204,2.14,,error
low,89.0307,3.01,,error
medium,89.0338,3.13,,error
low,89.0411,3.73,,error
high,89.0510,6.60,,error
medium,89.0535,4.50,,error
low,89.0549,3.42,,error
medium,75.8673,13192.00,200,ok
medium,76.1339,12925.45,200,ok
high,73.8009,15263.05,200,ok
medium,74.0056,15078.00,200,ok
medium,80.7341,8350.19,429,shed
low,89.0910,4.81,,error
medium,89.1030,3.46,,error
low,89.1043,2.53,,error
high,89.1010,6.11,,error
low,89.1103,2.57,,error
medium,89.1170,2.94,,error
low,89.1210,2.53,,error
medium,75.6179,13513.27,200,ok
medium,89.1335,5.21,,error
low,89.1408,2.96,,error
low,67.6608,21494.12,200,ok
low,67.5906,21564.97,200,ok
low,89.1542,3.54,,error
low,89.1604,3.16,,error
medium,89.1676,3.06,,error
low,89.1707,1.85,,error
high,79.6742,9504.40,429,shed
medium,89.1842,2.41,,error
low,89.1907,2.85,,error
high,89.2003,4.29,,error
medium,89.2023,2.58,,error
low,89.2030,2.46,,error
low,89.2106,3.07,,error
low,89.2213,4.32,,error
medium,89.2176,8.39,,error
medium,75.1022,14125.49,200,ok
medium,89.2335,2.30,,error
low,89.2410,3.71,,error
medium,75.2068,14040.05,200,ok
medium,80.8980,8349.84,429,shed
low,70.9901,18263.28,200,ok
low,68.0062,21248.86,200,ok
low,79.4050,9850.09,429,shed
low,89.2705,2.71,,error
low,89.2812,3.79,,error
medium,89.2834,1.93,,error
low,89.2918,3.98,,error
medium,80.9063,8394.86,429,shed
medium,89.3026,12.11,,error
low,89.3033,11.70,,error
medium,89.3175,1.96,,error
low,89.3116,13.16,,error
low,89.3205,4.53,,error
medium,80.9364,8394.35,429,shed
medium,80.8900,8443.08,429,shed
low,89.3411,4.66,,error
medium,89.3530,2.88,,error
low,89.3539,2.31,,error
high,89.3510,5.55,,error
low,89.3606,2.92,,error
medium,80.3349,9032.15,429,shed
low,69.9707,19398.22,200,ok
low,70.5106,18859.02,200,ok
high,80.9048,8470.35,429,shed
low,70.8527,18523.17,200,ok
medium,80.8932,8483.37,429,shed
low,89.4037,2.54,,error
high,89.4008,5.75,,error
low,89.4110,6.46,,error
medium,89.4175,3.87,,error
low,89.4214,2.04,,error
medium,80.5177,8912.81,429,shed
medium,89.4342,3.41,,error
low,69.4216,20016.68,200,ok
low,78.9307,10509.23,429,shed
low,69.5220,19918.45,200,ok
medium,76.0034,13439.35,200,ok
low,89.4607,4.06,,error
low,68.6308,20835.01,200,ok
medium,78.6525,10816.43,200,ok
low,79.5015,9972.55,429,shed
low,79.5008,9984.12,429,shed
low,78.9806,10512.38,429,shed
low,79.2433,10250.90,429,shed
medium,80.5345,8959.71,429,shed
high,80.9510,8553.82,429,shed
low,80.4312,9083.12,429,shed
low,79.8030,9712.71,429,shed
low,79.9809,9536.36,429,shed
low,69.6059,19911.32,200,ok
low,80.4806,9036.61,429,shed
medium,77.6034,11913.87,200,ok
low,80.0612,9456.68,429,shed
medium,80.6336,8903.72,429,shed
low,80.6307,8906.61,429,shed
medium,76.5343,13009.32,200,ok
low,80.6112,8935.18,429,shed
medium,80.6525,8894.60,429,shed
low,70.5890,18965.14,200,ok
low,80.8801,8677.03,429,shed
high,81.0508,8523.82,429,shed
high,75.5003,14074.25,200,ok
medium,78.3242,11251.49,200,ok
medium,76.7348,12845.23,200,ok
medium,76.5036,13079.11,200,ok
medium,80.9168,8673.98,429,shed
low,79.5040,10087.67,429,shed
medium,75.3344,14265.50,200,ok
low,70.5932,19007.28,200,ok
low,69.6215,19995.61,200,ok
medium,77.7170,11902.94,200,ok
low,71.5909,18031.59,200,ok
low,70.7215,18914.49,200,ok
low,69.7409,19907.04,200,ok
low,70.7405,18922.66,200,ok
medium,76.8032,12861.95,200,ok
medium,76.6025,13067.73,200,ok
medium,76.6673,13002.90,200,ok
low,80.2406,9430.33,429,shed
medium,80.6177,9059.20,429,shed
high,76.6005,13080.52,200,ok
low,69.8551,19833.97,200,ok
low,79.6518,10063.20,429,shed
low,79.6562,10058.91,429,shed
low,71.5503,18164.82,200,ok
low,71.7618,17953.35,200,ok
medium,81.1032,8614.25,429,shed
medium,78.7234,11000.06,200,ok
high,81.0014,8722.16,429,shed
high,76.7014,13143.45,200,ok
high,81.3008,8569.61,429,shed
low,79.3811,10489.31,429,shed
medium,80.2344,9636.07,429,shed
low,72.5327,17337.80,200,ok
low,79.6574,10213.11,429,shed
medium,80.2179,9652.64,429,shed
medium,81.0339,8836.61,429,shed
low,71.0480,18822.52,200,ok
low,69.4825,20388.05,200,ok
medium,81.0028,8867.80,429,shed
low,80.4902,9380.44,429,shed
low,80.9205,8950.16,429,shed
medium,81.4668,8403.83,429,shed
medium,81.2179,8652.80,429,shed
low,68.7733,21097.40,200,ok
medium,81.1534,8717.31,429,shed
low,69.6313,20239.41,200,ok
low,79.8414,10035.92,429,shed
low,80.0712,9806.07,429,shed
low,80.3331,9544.23,429,shed
low,79.7706,10106.68,429,shed
low,79.3907,10486.68,429,shed
high,81.2022,8678.68,429,shed
low,80.5416,9339.26,429,shed
medium,81.3545,8526.37,429,shed
low,81.0306,8868.10,429,shed
low,81.1911,8708.95,429,shed
low,81.0036,8899.69,429,shed
low,69.9305,19978.96,200,ok
low,69.9913,19918.15,200,ok
low,81.0102,8900.36,429,shed
low,80.5205,9395.01,429,shed
medium,89.9337,3.66,,error
low,70.4913,19447.12,200,ok
high,81.6505,8305.88,429,shed
low,70.2810,19675.49,200,ok
medium,89.9529,3.94,,error
low,89.9539,3.23,,error
high,89.9507,6.77,,error
medium,81.4353,8531.15,429,shed
low,70.5309,19436.11,200,ok
low,80.8858,9089.74,429,shed
low,80.6903,9286.01,429,shed
low,81.5106,8468.04,429,shed
low,81.3111,8667.51,429,shed
low,81.5559,8422.72,429,shed
low,81.5209,8457.73,429,shed
medium,81.6338,8350.37,429,shed
low,71.8966,18111.80,200,ok
low,71.8244,18184.02,200,ok
low,70.3828,19640.51,200,ok
medium,78.1526,11887.30,200,ok
medium,81.6880,8361.57,429,shed
low,90.0540,3.91,,error
high,90.0507,7.57,,error
low,90.0604,2.22,,error
medium,90.0678,3.52,,error
low,90.0714,1.68,,error
low,80.8885,9192.50,429,shed
low,80.8865,9194.55,429,shed
low,72.0607,18023.81,200,ok
medium,79.3839,10700.69,200,ok
low,72.2364,17850.35,200,ok
low,90.1034,12.35,,error
medium,77.3172,12802.36,200,ok
medium,78.2840,11886.69,200,ok
low,81.7823,8419.39,429,shed
medium,77.1353,13066.40,200,ok
low,72.4380,17763.71,200,ok
low,72.1305,18071.24,200,ok
medium,81.8045,8397.30,429,shed
low,90.1240,79.03,,error
low,71.1545,19103.18,200,ok
low,71.9808,18276.91,200,ok
low,71.8892,18368.55,200,ok
medium,78.4530,11804.75,200,ok
low,71.8711,18407.99,200,ok
low,71.6905,18588.56,200,ok
low,71.6621,18617.05,200,ok
low,80.7608,9518.37,429,shed
high,90.2554,25.62,,error
low,72.2376,18055.30,200,ok
medium,90.2728,21.02,,error
high,90.2765,17.64,,error
low,90.2375,56.97,,error
low,90.2662,32.06,,error
low,90.2676,30.94,,error
low,90.2689,29.95,,error
medium,90.2700,29.14,,error
medium,90.2717,27.78,,error
low,90.2648,35.00,,error
low,90.2900,11.52,,error
medium,90.2953,6.52,,error
low,90.2885,17.85,,error
medium,78.5169,11790.96,200,ok
high,76.2526,14055.19,200,ok
low,90.2965,15.64,,error
medium,90.2913,21.35,,error
low,90.3042,10.67,,error
low,90.2865,28.66,,error
low,90.3129,3.33,,error
medium,90.3173,2.16,,error
low,90.3206,2.91,,error
low,90.3307,5.94,,error
medium,90.3340,2.98,,error
low,90.3412,3.58,,error
medium,81.7838,8561.89,429,shed
high,77.2514,13097.02,200,ok
high,90.3506,4.90,,error
low,90.3607,3.07,,error
medium,90.3669,3.15,,error
low,90.3702,3.51,,error
low,90.3809,3.19,,error
medium,90.3841,1.86,,error
low,90.3912,3.41,,error
low,72.3883,18009.13,200,ok
low,72.3928,18014.13,200,ok
medium,81.8770,8529.96,429,shed
medium,90.4028,4.49,,error
low,90.4037,3.88,,error
low,90.4212,2.94,,error
low,90.4303,3.33,,error
medium,90.4337,1.82,,error
low,90.4407,3.06,,error
medium,90.4531,3.53,,error
low,90.4541,2.84,,error
high,90.4510,6.30,,error
low,90.4604,3.22,,error
medium,90.4678,2.99,,error
low,90.4708,2.69,,error
low,90.4807,3.94,,error
medium,90.4847,1.79,,error
low,81.6921,8796.87,429,shed
medium,90.5027,2.70,,error
high,90.5008,6.17,,error
low,90.5036,3.69,,error
low,90.5122,2.76,,error
medium,90.5176,2.43,,error
high,82.0007,8521.50,429,shed
low,72.4413,18081.40,200,ok
low,72.7035,17830.73,200,ok
low,90.5421,3.89,,error
low,71.8880,18808.01,200,ok
medium,79.1844,11511.64,200,ok
medium,82.2844,8411.64,429,shed
medium,77.9341,12761.99,200,ok
medium,79.5061,11189.98,200,ok
high,82.0585,8637.64,429,shed
high,77.1011,13595.01,200,ok
low,72.3949,18301.31,200,ok
medium,82.3169,8379.26,429,shed
low,81.8738,8822.44,429,shed
medium,81.9811,8715.13,429,shed
medium,90.5585,138.82,,error
low,90.5607,136.90,,error
high,90.5513,146.66,,error
low,72.7676,17933.36,200,ok
medium,90.6922,19.54,,error
low,90.6853,26.73,,error
low,90.6892,23.16,,error
medium,90.6934,20.97,,error
medium,90.6940,20.69,,error
high,90.6946,20.39,,error
high,90.6953,19.95,,error
low,90.6980,17.57,,error
medium,90.6995,16.30,,error
high,90.7009,15.20,,error
low,90.7023,14.17,,error
medium,90.6904,26.30,,error
medium,90.6928,24.22,,error
low,90.6988,18.48,,error
medium,90.7016,33.83,,error
low,90.7125,148.92,,error
low,90.7251,136.92,,error
low,90.7355,126.97,,error
medium,90.7184,144.43,,error
medium,82.2525,8610.40,429,shed
medium,90.7375,128.90,,error
medium,82.1848,8681.59,429,shed
high,78.3181,12571.14,200,ok
low,81.7411,9148.14,429,shed
low,81.8210,9068.22,429,shed
low,82.0470,8842.24,429,shed
low,81.9205,8968.75,429,shed
low,80.8892,10000.13,429,shed
low,82.2904,8598.92,429,shed
high,77.1506,13738.71,200,ok
medium,82.4530,8436.41,429,shed
low,82.2805,8608.93,429,shed
low,82.4208,8468.57,429,shed
high,90.8835,23.13,,error
high,90.8841,22.83,,error
medium,90.8849,22.41,,error
medium,90.8855,22.10,,error
medium,90.8861,21.79,,error
medium,90.8867,21.50,,error
medium,90.8873,21.19,,error
medium,90.8879,20.88,,error
medium,90.8885,20.56,,error
medium,90.8911,18.27,,error
medium,90.8918,17.85,,error
low,90.8925,17.48,,error
low,90.8931,17.16,,error
low,90.8939,16.68,,error
low,90.8796,31.33,,error
medium,90.9031,11.75,,error
low,90.9047,10.54,,error
low,90.9113,4.22,,error
high,90.9012,14.60,,error
high,78.4516,12465.74,200,ok
medium,78.5032,12414.08,200,ok
low,72.9308,17986.49,200,ok
medium,90.9335,2.41,,error
low,90.9407,4.02,,error
low,72.8612,18084.18,200,ok
low,90.9535,3.27,,error
high,90.9507,6.44,,error
low,90.9606,2.11,,error
medium,90.9679,2.75,,error
low,90.9707,1.83,,error
low,70.5535,20425.87,200,ok
medium,90.9835,2.42,,error
low,90.9905,3.13,,error
low,69.8513,21155.43,200,ok
medium,81.7528,9253.90,429,shed
low,80.8966,10110.16,429,shed
medium,77.1673,13843.12,200,ok
low,80.8878,10135.62,429,shed
low,81.6317,9391.73,429,shed
low,80.9071,10122.57,429,shed
low,80.9615,10068.12,429,shed
medium,91.0354,10.10,,error
high,91.0503,7.57,,error
medium,91.0520,6.19,,error
low,91.0528,5.70,,error
low,91.0614,2.00,,error
low,72.0111,19063.64,200,ok
medium,91.0682,7.03,,error
low,91.0808,2.30,,error
medium,91.0843,1.93,,error
low,91.0903,2.15,,error
high,78.1008,12992.97,200,ok
low,80.9309,10166.63,429,shed
high,81.8024,9296.68,429,shed
low,80.9138,10186.13,429,shed
low,72.9604,18217.58,200,ok
low,73.0909,18087.14,200,ok
medium,81.7054,9472.64,429,shed
low,71.2047,19973.38,200,ok
high,78.3509,12827.17,200,ok
low,73.0806,18097.50,200,ok
medium,91.1724,32.61,,error
high,91.1730,32.69,,error
low,91.1606,45.59,,error
low,91.1944,18.59,,error
medium,91.1785,34.78,,error
low,70.5415,20672.08,200,ok
low,81.0804,10141.51,429,shed
low,80.9539,10267.95,429,shed
low,91.2084,15.56,,error
low,91.2097,14.61,,error
medium,91.2108,13.75,,error
medium,91.2119,12.96,,error
low,80.9410,10287.56,429,shed
low,81.7068,9521.77,429,shed
medium,91.2260,7.58,,error
medium,91.2337,2.92,,error
low,91.2415,4.41,,error
medium,91.2536,9.97,,error
low,91.2572,7.01,,error
high,91.2512,13.52,,error
high,77.5008,13771.95,200,ok
low,91.2648,17.09,,error
medium,79.2174,12064.53,200,ok
medium,91.2853,2.45,,error
low,91.2820,7.63,,error
low,91.2907,1.85,,error
low,70.4806,20816.86,200,ok
low,72.8808,18416.68,200,ok
high,81.9510,9346.48,429,shed
low,73.9459,17351.64,200,ok
medium,91.3169,4.61,,error
low,91.3215,2.13,,error
low,91.3308,6.07,,error
medium,91.3369,3.63,,error
low,91.3406,1.82,,error
high,91.3506,4.88,,error
medium,91.3527,3.10,,error
low,91.3540,2.11,,error
low,91.3603,3.29,,error
medium,91.3677,2.89,,error
low,91.3706,2.93,,error
low,91.3807,3.91,,error
medium,91.3847,2.90,,error
low,91.3907,3.98,,error
low,70.5910,20804.66,200,ok
low,91.4036,3.41,,error
high,91.4007,6.63,,error
low,91.4114,4.94,,error
medium,91.4189,3.73,,error
low,91.4208,2.09,,error
low,91.4312,9.36,,error
low,91.4406,2.92,,error
medium,91.4338,10.05,,error
low,73.1113,18352.63,200,ok
high,91.4511,14.72,,error
medium,91.4535,12.67,,error
low,91.4628,3.85,,error
low,70.7563,20713.15,200,ok
medium,77.5028,13966.66,200,ok
low,71.0464,20428.28,200,ok
medium,91.4835,4.69,,error
low,91.4904,2.33,,error
medium,91.5031,2.37,,error
low,91.5039,1.82,,error
high,91.5009,5.12,,error
high,77.4007,14106.31,200,ok
medium,91.5170,2.56,,error
low,91.5207,1.82,,error
low,71.5807,19952.37,200,ok
medium,91.5335,2.01,,error
high,78.9531,12583.22,200,ok
low,70.9826,20554.51,200,ok
medium,79.5073,12030.33,200,ok
low,91.5539,2.34,,error
low,91.5608,3.88,,error
high,82.2008,9371.33,429,shed
low,91.5701,3.14,,error
low,91.5802,3.38,,error
medium,91.5836,2.82,,error
low,91.5906,3.08,,error
high,91.6010,7.06,,error
medium,91.6037,4.72,,error
low,91.6052,3.52,,error
low,91.6109,3.39,,error
low,72.3942,19225.89,200,ok
low,71.0548,20565.82,200,ok
low,91.6312,5.13,,error
medium,91.6335,3.19,,error
low,91.6408,3.19,,error
medium,91.6533,2.16,,error
low,91.6541,1.73,,error
high,91.6513,4.86,,error
low,71.9703,19687.55,200,ok
low,70.8607,20798.43,200,ok
low,72.3893,19276.06,200,ok
low,71.5124,20156.48,200,ok
low,72.6706,19014.02,200,ok
low,91.6903,5.22,,error
low,73.7423,17953.27,200,ok
medium,79.6755,12020.67,200,ok
low,73.8204,17876.08,200,ok
low,91.7112,3.92,,error
medium,91.7173,2.25,,error
low,91.7208,1.73,,error
medium,83.3674,8355.79,429,shed
low,72.2410,19482.79,200,ok
low,72.3863,19342.98,200,ok
low,72.9412,18788.80,200,ok
low,72.9703,18760.55,200,ok
low,91.7535,1.71,,error
medium,83.5177,8242.66,429,shed
medium,91.7674,3.13,,error
low,91.7705,2.54,,error
low,72.9526,18833.60,200,ok
low,91.7812,5.39,,error
low,91.7908,2.88,,error
medium,80.8913,10906.97,200,ok
medium,80.8925,10905.78,200,ok
high,83.4510,8347.35,429,shed
high,77.7014,14105.33,200,ok
high,77.8515,13955.69,200,ok
medium,79.2684,12544.33,200,ok
low,82.3204,9513.33,429,shed
low,91.8307,6.39,,error
medium,78.6345,13203.15,200,ok
low,73.1304,18708.03,200,ok
medium,91.8528,7.67,,error
low,91.8536,7.20,,error
low,91.8610,3.59,,error
low,91.8703,5.40,,error
medium,91.8682,7.80,,error
low,73.2443,18639.11,200,ok
medium,91.8843,2.28,,error
low,91.8931,3.06,,error
medium,83.6537,8250.83,429,shed
high,91.9012,5.90,,error
low,91.9038,3.66,,error
low,91.9106,2.58,,error
medium,91.9173,2.13,,error
low,91.9206,2.14,,error
low,72.4463,19477.60,200,ok
medium,91.9335,2.35,,error
low,73.1060,18832.53,200,ok
high,91.9510,4.53,,error
medium,91.9530,2.82,,error
low,91.9538,2.36,,error
medium,79.8529,12110.16,200,ok
medium,91.9678,3.24,,error
low,91.9711,2.78,,error
low,73.2394,18738.49,200,ok
medium,91.9845,2.87,,error
low,91.9905,4.20,,error
medium,92.0029,2.38,,error
high,92.0009,6.67,,error
low,92.0036,4.26,,error
low,92.0114,2.28,,error
high,79.0007,13015.80,200,ok
low,92.0211,1.81,,error
medium,83.8350,8199.95,429,shed
low,83.7710,8263.90,429,shed
low,92.0311,4.24,,error
high,83.8510,8200.87,429,shed
medium,92.0535,3.64,,error
low,92.0544,3.04,,error
low,92.0610,2.84,,error
low,74.4038,17665.47,200,ok
low,92.0703,2.25,,error
low,92.0808,4.01,,error
high,78.7012,13385.62,200,ok
medium,80.1838,11904.51,200,ok
high,78.6511,13437.64,200,ok
low,83.7308,8359.00,429,shed
low,92.1040,3.35,,error
low,92.1110,2.56,,error
medium,92.1177,2.94,,error
low,92.1206,2.85,,error
low,92.1307,2.99,,error
medium,92.1337,1.81,,error
low,92.1407,2.90,,error
low,83.8308,8316.38,429,shed
low,74.6697,17477.45,200,ok
low,74.7210,17433.57,200,ok
low,92.1612,3.60,,error
medium,92.1669,3.71,,error
low,92.1706,2.91,,error
low,92.1807,3.56,,error
medium,92.1843,3.26,,error
low,92.1906,2.90,,error
high,92.2007,5.84,,error
medium,92.2027,4.13,,error
low,92.2040,3.22,,error
low,92.2103,3.40,,error
medium,81.3172,10899.87,200,ok
low,92.2204,3.28,,error
low,92.2308,4.12,,error
medium,92.2350,2.73,,error
low,92.2409,5.58,,error
low,73.1202,19136.29,200,ok
low,72.9830,19273.52,200,ok
high,92.2506,8.02,,error
low,73.2436,19021.15,200,ok
medium,92.2676,2.70,,error
low,92.2703,2.76,,error
medium,79.6597,12618.47,200,ok
medium,92.2864,3.29,,error
low,92.2908,2.92,,error
medium,92.3029,2.58,,error
low,92.3038,1.98,,error
high,92.3010,5.15,,error
medium,84.2340,8076.15,429,shed
medium,92.3175,2.48,,error
low,92.3211,3.51,,error
low,92.3308,3.16,,error
medium,92.3340,1.77,,error
medium,82.3608,9977.93,429,shed
medium,79.7843,12563.94,200,ok
low,73.7910,18557.30,200,ok
medium,79.6603,12687.96,200,ok
low,92.3607,4.07,,error
medium,92.3669,2.53,,error
low,92.3706,2.32,,error
medium,92.3837,2.97,,error
low,92.3808,6.18,,error
low,92.3911,3.51,,error
low,73.7709,18635.49,200,ok
low,73.6420,18764.40,200,ok
low,73.6170,18789.46,200,ok
low,73.4710,18935.47,200,ok
low,73.8103,18596.65,200,ok
low,92.4203,1.93,,error
low,92.4304,3.19,,error
medium,92.4336,1.97,,error
low,73.3907,19052.84,200,ok
low,73.9478,18506.97,200,ok
low,92.4540,2.86,,error
high,92.4515,5.69,,error
low,92.4606,2.97,,error
medium,92.4677,4.76,,error
low,92.4705,2.30,,error
low,92.4809,3.71,,error
low,71.3202,21166.49,200,ok
low,92.4908,3.90,,error
medium,92.5026,2.91,,error
low,92.5035,2.38,,error
high,92.5007,5.48,,error
medium,79.5067,13006.70,200,ok
medium,92.5175,3.14,,error
low,92.5207,2.85,,error
low,92.5307,3.65,,error
medium,92.5343,2.15,,error
low,92.5406,2.98,,error
low,73.4806,19076.31,200,ok
low,73.2449,19312.05,200,ok
low,73.2411,19315.81,200,ok
low,73.7624,18794.53,200,ok
medium,79.6666,12892.06,200,ok
low,73.3707,19187.90,200,ok
low,92.5806,3.02,,error
medium,92.5836,2.86,,error
low,72.1405,20446.52,200,ok
high,92.6008,4.71,,error
medium,92.6029,2.96,,error
low,92.6037,2.47,,error
low,92.6103,3.32,,error
medium,92.6178,3.58,,error
low,92.6214,2.10,,error
high,78.6037,14055.79,200,ok
low,73.9465,18812.27,200,ok
high,84.3010,8457.75,429,shed
low,74.1311,18627.66,200,ok
high,79.6679,13090.95,200,ok
medium,81.5176,11268.86,200,ok
medium,82.6335,10152.97,429,shed
low,84.4205,8365.93,429,shed
low,74.8202,17966.33,200,ok
medium,82.6835,10103.05,429,shed
low,74.6881,18098.45,200,ok
medium,82.7836,10002.95,429,shed
medium,78.8032,13983.38,200,ok
low,84.4553,8331.30,429,shed
medium,80.1535,12633.07,200,ok
low,73.9484,18838.26,200,ok
low,73.4311,19355.56,200,ok
low,74.6710,18138.40,200,ok
medium,92.7797,30.81,,error
medium,92.7812,29.67,,error
medium,92.7822,29.01,,error
medium,92.7830,28.57,,error
medium,92.7838,27.98,,error
medium,92.7845,27.64,,error
high,92.7851,27.32,,error
high,92.7857,27.01,,error
high,92.8066,8.61,,error
medium,92.8078,7.78,,error
medium,92.7940,21.94,,error
low,92.7972,19.03,,error
low,92.7989,17.68,,error
low,92.8035,16.85,,error
low,92.8050,15.69,,error
low,92.8171,6.68,,error
low,92.8239,2.48,,error
medium,92.8213,6.22,,error
medium,92.8338,2.44,,error
low,92.8316,5.04,,error
low,92.8408,4.60,,error
medium,92.8537,15.22,,error
low,92.8627,6.54,,error
low,92.8660,3.55,,error
medium,92.8674,2.43,,error
high,92.8513,18.98,,error
low,92.8704,1.47,,error
high,79.3521,13525.37,200,ok
medium,84.3526,8526.33,429,shed
low,92.8903,4.27,,error
high,92.9008,4.99,,error
medium,92.9034,2.75,,error
low,92.9044,2.10,,error
low,92.9106,4.01,,error
medium,92.9176,3.05,,error
low,92.9207,2.73,,error
low,73.3610,19572.84,200,ok
medium,92.9339,2.86,,error
low,92.9409,6.90,,error
medium,92.9527,2.40,,error
high,92.9510,4.52,,error
low,92.9537,2.11,,error
medium,80.6840,12272.56,200,ok
medium,92.9670,5.09,,error
low,73.9471,19024.99,200,ok
medium,84.5645,8407.55,429,shed
medium,92.9837,2.95,,error
low,92.9908,2.65,,error
high,93.0007,4.86,,error
medium,93.0028,3.05,,error
low,93.0037,2.54,,error
low,93.0113,3.59,,error
medium,93.0170,2.74,,error
low,93.0209,2.15,,error
high,84.6096,8417.58,429,shed
low,74.7602,18266.99,200,ok
low,93.0409,4.93,,error
high,93.0510,6.98,,error
medium,93.0532,5.27,,error
low,93.0547,4.09,,error
low,73.3807,19678.79,200,ok
medium,78.6051,14454.88,200,ok
medium,84.3846,8691.92,429,shed
low,93.0703,7.17,,error
medium,93.0841,4.20,,error
low,93.0909,2.77,,error
low,74.7408,18357.93,200,ok
low,73.9444,19167.40,200,ok
low,84.5043,8607.51,429,shed
low,73.9452,19166.59,200,ok
medium,84.6913,8421.34,429,shed
low,93.1211,3.31,,error
low,93.1315,4.50,,error
medium,93.1336,2.70,,error
low,73.2429,19895.46,200,ok
low,74.6685,18474.95,200,ok
high,84.7054,8439.91,429,shed
low,73.3406,19804.70,200,ok
low,73.2478,19897.52,200,ok
medium,93.1671,3.77,,error
low,93.1709,3.74,,error
low,93.1808,3.95,,error
medium,93.1848,2.73,,error
low,73.4204,19768.31,200,ok
low,74.6691,18527.63,200,ok
low,84.5102,8686.53,429,shed
low,74.0541,19143.34,200,ok
low,84.6311,8576.03,429,shed
medium,84.4546,8763.56,429,shed
high,84.6509,8567.24,429,shed
low,93.2313,5.93,,error
medium,93.2343,3.32,,error
low,93.2407,2.80,,error
high,84.7509,8506.29,429,shed
low,93.2540,5.98,,error
high,93.2513,9.02,,error
low,93.2604,2.12,,error
medium,93.2677,7.18,,error
low,93.2715,4.14,,error
low,93.2809,3.75,,error
medium,93.2847,1.85,,error
low,93.2907,3.40,,error
medium,93.3024,2.19,,error
low,93.3032,1.67,,error
high,93.3003,5.19,,error
low,74.6752,18639.44,200,ok
low,74.7540,18561.29,200,ok
low,93.3112,4.44,,error
low,93.3311,5.90,,error
medium,93.3370,2.52,,error
low,93.3406,2.10,,error
high,80.4007,12945.28,200,ok
low,74.6737,18672.82,200,ok
medium,78.9360,14418.67,200,ok
low,93.3607,2.53,,error
medium,93.3673,3.62,,error
low,93.3710,3.54,,error
low,93.3807,3.68,,error
medium,93.3845,3.49,,error
low,93.3911,2.74,,error
medium,93.4032,3.37,,error
low,93.4047,2.16,,error
high,93.4011,6.12,,error
low,93.4103,3.29,,error
medium,93.4177,2.87,,error
low,93.4206,2.91,,error
low,93.4307,4.05,,error
medium,93.4348,2.78,,error
low,93.4406,2.97,,error
medium,84.2026,9241.75,429,shed
medium,84.7020,8743.04,429,shed
high,93.4503,5.68,,error
high,80.8945,12564.40,200,ok
medium,93.4669,2.70,,error
low,93.4707,1.81,,error
low,93.4807,3.23,,error
medium,93.4839,2.18,,error
low,93.4903,3.65,,error
medium,84.2528,9244.93,429,shed
medium,84.4197,9078.05,429,shed
low,93.5035,6.82,,error
low,93.5105,3.02,,error
low,74.1539,19367.26,200,ok
high,84.8007,8722.76,429,shed
low,93.5305,3.20,,error
medium,93.5338,2.20,,error
low,93.5414,9.97,,error
medium,93.5529,2.16,,error
low,93.5537,1.69,,error
high,93.5514,4.25,,error
low,74.5409,19015.38,200,ok
low,82.7529,10804.88,429,shed
medium,84.7528,8805.42,429,shed
low,74.1805,19397.83,200,ok
medium,93.5844,2.97,,error
low,93.5918,2.53,,error
medium,84.8674,8736.39,429,shed
medium,93.6080,5.03,,error
low,93.6092,4.17,,error
low,93.6104,3.21,,error
medium,93.6169,2.95,,error
low,93.6202,1.77,,error
medium,79.6586,13964.27,200,ok
medium,79.5079,14115.52,200,ok
high,84.3504,9283.91,429,shed
low,75.1904,18446.32,200,ok
low,74.0408,19595.92,200,ok
medium,84.4836,9153.94,429,shed
low,84.6085,9030.12,429,shed
low,76.1038,17538.54,200,ok
low,76.2312,17411.69,200,ok
low,93.6808,2.94,,error
medium,93.6837,2.30,,error
low,75.7038,17989.83,200,ok
low,75.8308,17865.44,200,ok
low,74.9004,18796.67,200,ok
low,93.7037,2.13,,error
low,93.7105,4.18,,error
medium,93.7178,2.79,,error
low,93.7206,2.17,,error
medium,79.6609,14067.27,200,ok
medium,93.7340,2.67,,error
low,93.7408,3.05,,error
high,84.5009,9245.68,429,shed
low,93.7534,2.77,,error
high,93.7508,5.67,,error
low,93.7610,4.80,,error
medium,93.7669,3.61,,error
low,93.7705,1.77,,error
low,93.7805,4.06,,error
medium,93.7846,2.46,,error
low,93.7902,3.20,,error
high,79.3009,14530.28,200,ok
high,93.8006,33.37,,error
medium,93.8124,21.98,,error
low,93.8234,12.68,,error
low,93.8252,11.20,,error
medium,93.8266,10.07,,error
low,93.8314,5.56,,error
medium,93.8346,10.18,,error
low,93.8408,4.29,,error
high,93.8503,5.24,,error
medium,93.8524,3.45,,error
low,93.8535,2.66,,error
low,93.8603,3.39,,error
medium,93.8678,2.81,,error
low,93.8707,2.91,,error
low,75.8912,17985.09,200,ok
medium,93.8838,2.82,,error
low,93.8908,3.96,,error
high,93.9009,4.59,,error
medium,93.9030,2.85,,error
low,93.9038,2.30,,error
low,93.9102,3.48,,error
medium,93.9178,4.04,,error
low,93.9219,3.86,,error
low,93.9310,3.80,,error
medium,93.9348,2.00,,error
low,93.9410,3.24,,error
medium,79.6592,14288.79,200,ok
medium,93.9532,2.65,,error
low,93.9540,2.13,,error
low,93.9610,2.58,,error
low,75.2704,18702.05,200,ok
low,75.2606,18712.28,200,ok
low,93.9811,3.66,,error
medium,93.9848,1.83,,error
high,84.5602,9433.22,429,shed
medium,94.0030,2.62,,error
low,94.0039,2.05,,error
high,94.0010,5.73,,error
low,94.0109,3.89,,error
medium,94.0169,3.01,,error
low,94.0210,2.39,,error
low,94.0306,3.14,,error
medium,94.0338,1.92,,error
low,94.0409,3.41,,error
high,94.0505,5.02,,error
low,94.0535,3.12,,error
medium,94.0526,4.37,,error
low,75.8109,18252.53,200,ok
medium,94.0670,3.02,,error
low,94.0711,2.42,,error
low,94.0807,3.88,,error
medium,94.0846,2.89,,error
low,94.0906,2.11,,error
high,94.1010,5.70,,error
low,94.1042,3.54,,error
medium,94.1031,4.87,,error
low,94.1112,3.37,,error
medium,94.1177,3.10,,error
low,94.1208,1.64,,error
low,94.1307,3.40,,error
medium,94.1341,2.43,,error
low,94.1407,4.11,,error
low,75.9602,18185.11,200,ok
low,76.0311,18115.73,200,ok
high,94.1510,5.54,,error
low,94.1612,3.46,,error
medium,94.1678,3.25,,error
low,94.1711,1.92,,error
low,94.1812,4.61,,error
medium,94.1839,2.35,,error
low,94.1904,2.95,,error
high,94.2005,5.06,,error
medium,94.2026,4.87,,error
low,94.2035,4.29,,error
low,94.2109,2.59,,error
medium,94.2177,5.95,,error
low,94.2208,4.73,,error
low,94.2307,2.62,,error
medium,94.2344,2.31,,error
low,94.2412,5.46,,error
medium,94.2524,2.29,,error
low,94.2531,1.92,,error
high,94.2508,4.51,,error
low,94.2604,3.08,,error
medium,94.2676,2.90,,error
low,94.2705,2.95,,error
medium,85.2891,8987.25,429,shed
medium,85.2388,9038.28,429,shed
low,94.2903,5.95,,error
medium,81.9178,12388.26,200,ok
low,94.3032,4.64,,error
high,94.3005,7.64,,error
low,94.3106,2.93,,error
medium,94.3176,5.10,,error
low,94.3227,1.83,,error
low,94.3307,3.60,,error
medium,94.3343,2.90,,error
low,94.3412,4.05,,error
medium,79.8022,14553.37,200,ok
low,83.6402,10715.39,429,shed
medium,85.4539,8903.29,429,shed
medium,85.3355,9021.70,429,shed
medium,85.4019,8955.35,429,shed
low,94.3704,2.29,,error
low,75.0823,19295.75,200,ok
medium,82.4171,11968.89,200,ok
low,94.3904,2.73,,error
high,94.4004,5.11,,error
medium,94.4025,3.35,,error
low,94.4040,2.06,,error
medium,81.8856,12523.97,200,ok
low,76.0409,18374.50,200,ok
low,94.4208,1.87,,error
low,75.4804,18943.12,200,ok
high,79.9008,14528.64,200,ok
medium,81.6525,12779.83,200,ok
low,75.3305,19125.23,200,ok
low,94.4550,3.43,,error
high,94.4522,6.54,,error
low,94.4603,2.45,,error
low,74.8110,19654.42,200,ok
low,94.4709,2.67,,error
high,85.1007,9378.74,429,shed
low,73.6427,20844.72,200,ok
low,75.5721,18920.35,200,ok
high,94.5011,5.00,,error
medium,94.5033,3.19,,error
low,94.5043,2.47,,error
low,84.9912,9519.82,429,shed
low,74.9016,19615.57,200,ok
low,94.5210,2.54,,error
low,94.5307,4.37,,error
low,84.7004,9837.74,429,shed
low,94.5409,3.19,,error
low,76.0810,18465.94,200,ok
low,73.9417,20608.79,200,ok
low,73.6452,20905.23,200,ok
medium,82.6169,11937.27,200,ok
medium,94.5669,2.62,,error
low,94.5706,2.05,,error
low,73.7564,20828.10,200,ok
low,73.5876,20998.76,200,ok
low,94.5910,2.88,,error
high,94.6011,5.45,,error
medium,94.6032,3.64,,error
low,94.6040,3.18,,error
low,94.6103,2.24,,error
high,80.0511,14562.28,200,ok
medium,85.6030,9011.06,429,shed
high,80.8937,13731.33,200,ok
medium,94.6335,2.13,,error
low,94.6408,3.08,,error
medium,82.6531,12002.67,200,ok
low,94.6542,2.56,,error
high,94.6511,5.97,,error
low,94.6606,3.22,,error
medium,94.6669,2.78,,error
low,94.6709,2.65,,error
low,94.6807,3.07,,error
low,85.2297,9456.10,429,shed
medium,94.6838,2.37,,error
low,76.1407,18549.26,200,ok
low,74.2905,20414.49,200,ok
low,94.7043,3.42,,error
low,94.7104,2.18,,error
low,76.5003,18216.91,200,ok
medium,84.8836,9835.04,429,shed
low,76.5806,18138.03,200,ok
low,76.2709,18449.53,200,ok
low,94.7408,17.86,,error
medium,80.8919,13875.23,200,ok
low,85.4811,9287.62,429,shed
low,85.2327,9539.85,429,shed
medium,81.8170,12955.50,200,ok
medium,85.8676,8904.98,429,shed
medium,83.3173,11455.32,200,ok
medium,84.7187,10073.27,429,shed
low,94.7806,12.10,,error
low,94.7954,3.32,,error
medium,85.6680,9146.79,429,shed
low,84.8037,10011.12,429,shed
low,85.2363,9578.54,429,shed
medium,94.8017,13.58,,error
high,94.8003,15.27,,error
low,94.8053,10.57,,error
medium,85.2376,9583.82,429,shed
medium,84.0176,10807.00,200,ok
low,85.9425,8884.51,429,shed
medium,82.7562,12071.74,200,ok
low,85.5804,9254.22,429,shed
low,85.2333,9623.68,429,shed
low,84.9305,9926.52,429,shed
medium,94.8678,5.92,,error
low,94.8701,3.86,,error
low,76.6039,18271.16,200,ok
medium,81.8826,12992.45,200,ok
low,94.8908,2.80,,error
medium,84.7849,10112.03,429,shed
medium,86.2602,8645.22,429,shed
high,94.9011,5.69,,error
low,94.9112,2.36,,error
medium,94.9177,3.26,,error
low,94.9210,2.25,,error
low,94.9304,2.33,,error
medium,94.9339,2.68,,error
low,94.9407,3.64,,error
medium,80.8907,14053.68,200,ok
low,74.1401,20804.25,200,ok
low,94.9533,1.94,,error
low,94.9603,3.55,,error
medium,84.2173,10747.18,200,ok
low,76.6307,18334.34,200,ok
low,94.9806,3.98,,error
medium,94.9846,1.98,,error
low,94.9907,5.04,,error
low,76.5704,18429.39,200,ok
low,85.8808,9130.16,429,shed
low,85.2357,9815.57,429,shed
high,81.1011,13950.21,200,ok
low,85.2345,9816.81,429,shed
low,76.4308,18620.53,200,ok
medium,84.8027,10248.63,429,shed
high,95.0003,51.60,,error
low,95.0110,41.43,,error
high,95.0524,4.25,,error
medium,95.0532,3.80,,error
low,95.0538,3.46,,error
low,95.0602,2.90,,error
low,86.3439,8720.88,429,shed
low,75.6807,19385.04,200,ok
low,95.0802,2.74,,error
medium,95.0841,2.45,,error
high,81.3529,13741.33,200,ok
low,77.1408,17966.99,200,ok
low,86.4035,8704.31,429,shed
low,76.8618,18245.98,200,ok
low,77.1223,17985.49,200,ok
medium,85.0026,10106.69,429,shed
low,76.7408,18371.40,200,ok
low,77.2043,17908.74,200,ok
low,77.0808,18033.78,200,ok
low,95.1407,4.10,,error
high,95.1510,5.03,,error
medium,95.1531,3.23,,error
low,95.1541,2.60,,error
high,82.5508,12606.36,200,ok
medium,81.2336,13929.47,200,ok
low,95.1702,3.48,,error
low,76.7602,18415.67,200,ok
medium,80.7675,14411.46,200,ok
medium,82.5528,12626.15,200,ok
low,86.1112,9067.76,429,shed
low,76.6111,18574.72,200,ok
low,85.9723,9214.66,429,shed
low,95.2110,2.65,,error
medium,95.2177,5.20,,error
low,95.2230,6.73,,error
low,76.5021,18734.89,200,ok
medium,86.4530,8783.92,429,shed
low,95.2308,6.53,,error
medium,86.5345,8705.38,429,shed
medium,95.2528,2.68,,error
low,95.2535,2.24,,error
medium,81.9525,13310.74,200,ok
medium,95.2669,4.09,,error
low,95.2710,3.43,,error
low,95.2806,3.93,,error
medium,95.2846,1.92,,error
low,86.4256,8864.57,429,shed
medium,95.3028,3.65,,error
low,95.3036,3.18,,error
high,95.3007,6.36,,error
low,95.3103,3.35,,error
medium,95.3177,3.73,,error
low,84.6997,10623.94,429,shed
low,86.5751,8751.99,429,shed
low,86.5925,8735.22,429,shed
medium,86.3974,8936.04,429,shed
low,77.3110,18025.58,200,ok
low,76.5308,18813.34,200,ok
medium,82.7475,12597.74,200,ok
medium,81.3025,14053.79,200,ok
low,86.2622,9095.35,429,shed
low,95.3703,2.02,,error
low,95.3806,2.99,,error
medium,95.3836,3.11,,error
low,95.3906,2.51,,error
low,77.3619,18040.11,200,ok
low,84.9036,10498.42,429,shed
high,95.4021,4.88,,error
low,95.4107,2.41,,error
medium,95.4172,2.73,,error
low,95.4211,4.71,,error
low,95.4309,2.79,,error
medium,95.4338,2.86,,error
low,95.4408,3.85,,error
high,95.4508,4.33,,error
medium,95.4529,2.59,,error
low,95.4538,1.98,,error
low,76.6206,18835.83,200,ok
low,95.4703,2.41,,error
medium,95.4678,5.23,,error
high,82.6018,12871.80,200,ok
medium,82.7468,12727.24,200,ok
low,77.2112,18263.35,200,ok
high,95.5008,5.10,,error
medium,95.5029,3.36,,error
low,95.5037,2.86,,error
low,95.5132,3.61,,error
medium,95.5169,2.08,,error
low,95.5211,2.86,,error
medium,95.5335,2.46,,error
low,95.5312,5.11,,error
low,95.5405,3.02,,error
low,77.4820,18181.29,200,ok
high,95.5507,113.52,,error
medium,95.5531,111.52,,error
low,95.6423,22.60,,error
low,95.6480,22.27,,error
low,95.6493,21.31,,error
low,95.6504,20.50,,error
low,95.6511,20.10,,error
low,95.6563,15.12,,error
low,95.6573,14.45,,error
low,95.6580,14.00,,error
low,95.6587,13.67,,error
medium,95.6595,13.07,,error
medium,95.6602,12.74,,error
medium,95.6608,12.42,,error
medium,95.6614,12.10,,error
medium,95.6620,11.79,,error
high,95.6626,11.47,,error
high,95.6650,9.38,,error
medium,95.6657,8.94,,error
low,95.6663,8.59,,error
low,95.6669,8.26,,error
medium,95.6677,7.75,,error
medium,84.8197,10858.50,200,ok
low,95.6807,2.86,,error
medium,95.6836,2.84,,error
low,95.6906,3.77,,error
medium,95.7027,2.84,,error
low,95.7035,2.38,,error
high,95.7006,5.88,,error
low,95.7107,2.73,,error
medium,95.7175,3.55,,error
low,78.3717,17364.37,200,ok
medium,84.7026,11060.25,200,ok
low,77.4718,18291.78,200,ok
high,95.7508,26.82,,error
medium,95.7529,24.99,,error
low,95.7542,24.01,,error
low,95.7614,17.14,,error
medium,95.7677,11.12,,error
low,95.7709,8.25,,error
low,95.7211,58.29,,error
low,95.7802,2.39,,error
medium,95.7837,1.93,,error
low,95.7908,3.75,,error
high,95.8007,4.90,,error
medium,95.8027,3.22,,error
low,95.8036,2.69,,error
low,95.8107,3.92,,error
low,86.6312,9184.33,429,shed
low,95.8203,2.29,,error
high,86.3512,9473.01,429,shed
medium,84.9175,10911.25,200,ok
low,78.4911,17338.29,200,ok
high,84.2002,11629.85,200,ok
low,76.8308,19024.59,200,ok
low,95.8539,2.89,,error
medium,83.3857,12478.21,200,ok
low,77.0308,18833.07,200,ok
low,95.8702,2.14,,error
low,95.8805,3.35,,error
medium,86.4207,9473.68,429,shed
low,85.4111,10483.24,429,shed
low,77.9909,17903.48,200,ok
medium,95.8839,10.86,,error
medium,83.4525,12479.27,200,ok
low,77.1610,18770.75,200,ok
low,77.4527,18479.04,200,ok
low,77.3220,18609.83,200,ok
low,77.3908,18541.06,200,ok
medium,95.9346,2.52,,error
low,77.7220,18221.55,200,ok
high,81.9005,14056.08,200,ok
high,95.9505,6.72,,error
medium,95.9528,4.96,,error
low,95.9612,2.08,,error
medium,95.9674,2.24,,error
low,95.9707,1.57,,error
low,95.9805,3.56,,error
medium,95.9841,1.68,,error
low,95.9907,2.47,,error
high,96.0004,4.80,,error
medium,96.0025,2.94,,error
low,96.0036,2.15,,error
low,96.0110,2.82,,error
medium,96.0169,2.84,,error
low,96.0209,2.01,,error
low,96.0304,2.84,,error
medium,96.0343,2.18,,error
low,96.0407,2.71,,error
high,96.0506,5.06,,error
medium,96.0528,3.19,,error
low,96.0539,2.40,,error
low,96.0626,2.94,,error
medium,96.0672,2.12,,error
low,96.0705,6.21,,error
low,77.7410,18337.06,200,ok
high,87.6503,8427.81,429,shed
medium,87.5845,8494.02,429,shed
medium,96.1038,7.19,,error
low,96.1056,6.02,,error
high,96.1013,10.75,,error
low,96.1121,2.30,,error
low,96.1203,3.50,,error
medium,96.1175,8.17,,error
low,96.1309,3.92,,error
medium,96.1348,2.75,,error
low,96.1413,43.83,,error
low,77.6313,18572.75,200,ok
low,77.2542,18949.84,200,ok
low,85.5920,10612.06,429,shed
low,85.8219,10382.22,429,shed
medium,85.0178,11186.25,200,ok
low,85.6038,10600.34,429,shed
medium,87.9525,8251.62,429,shed
low,96.2033,32.79,,error
medium,83.8846,12352.25,200,ok
high,96.2241,18.78,,error
medium,96.2252,17.99,,error
low,96.2291,14.36,,error
low,96.2306,13.12,,error
medium,96.2317,12.35,,error
low,96.2369,7.41,,error
medium,96.2381,6.53,,error
low,96.2157,29.19,,error
low,96.2414,4.08,,error
low,86.0807,10178.27,429,shed
medium,96.2532,6.59,,error
low,96.2562,3.84,,error
low,96.2602,1.74,,error
medium,96.2671,2.60,,error
medium,82.7556,13517.34,200,ok
low,96.2805,3.32,,error
medium,96.2839,1.61,,error
low,96.2912,5.73,,error
medium,96.3030,2.65,,error
low,96.3038,2.11,,error
high,96.3011,5.11,,error
medium,88.2244,8088.59,429,shed
medium,96.3170,3.53,,error
low,96.3206,2.15,,error
low,96.3309,2.75,,error
high,83.0040,13330.21,200,ok
low,86.4708,9865.49,429,shed
low,77.9410,18396.88,200,ok
low,87.8602,8477.68,429,shed
low,78.3543,18001.18,200,ok
low,96.3533,2.58,,error
medium,83.7169,12641.99,200,ok
low,96.3703,1.48,,error
low,96.3802,2.68,,error
medium,96.3836,1.60,,error
low,78.9352,17450.49,200,ok
low,87.9110,8516.45,429,shed
low,88.0421,8385.31,429,shed
low,87.8905,8536.99,429,shed
low,86.5059,9921.55,429,shed
high,86.5506,9883.81,429,shed
medium,86.7020,9732.39,429,shed
medium,83.4023,13230.14,200,ok
low,88.0536,8578.92,429,shed
medium,83.8028,12829.68,200,ok
low,77.5411,19091.45,200,ok
low,88.2155,8417.06,429,shed
low,77.6018,19030.75,200,ok
low,88.2219,8410.72,429,shed
low,78.5203,18112.33,200,ok
medium,83.1339,13498.72,200,ok
medium,82.1099,14522.75,200,ok
medium,86.7835,9849.13,429,shed
low,77.5552,19077.50,200,ok
low,85.8722,10760.54,429,shed
low,86.0210,10611.79,429,shed
low,86.2415,10391.28,429,shed
low,77.4109,19221.90,200,ok
medium,87.4835,9149.27,429,shed
medium,84.1842,12448.62,200,ok
low,79.1303,17502.52,200,ok
medium,82.3736,14259.21,200,ok
low,76.8805,19752.40,200,ok
low,96.4348,199.94,,error
medium,96.4358,199.25,,error
low,86.5736,10069.85,429,shed
low,86.6045,10039.12,429,shed
low,86.3446,10299.01,429,shed
medium,86.8527,9790.93,429,shed
medium,83.8530,12793.43,200,ok
low,96.6291,19.47,,error
low,96.6298,19.07,,error
low,96.6304,18.79,,error
low,96.6310,18.49,,error
low,96.6316,18.18,,error
high,96.6140,36.02,,error
low,96.6410,14.93,,error
low,96.6402,16.13,,error
medium,96.6422,14.36,,error
low,96.6465,10.41,,error
medium,96.6416,16.13,,error
high,96.6521,9.29,,error
medium,96.6532,8.42,,error
low,96.6539,8.03,,error
low,96.6622,1.98,,error
medium,96.6673,3.32,,error
low,96.6706,2.52,,error
low,78.5303,18152.71,200,ok
medium,96.6838,2.16,,error
medium,83.9530,12739.75,200,ok
low,77.4906,19205.36,200,ok
medium,96.7031,3.68,,error
low,96.7040,3.19,,error
low,96.7107,2.69,,error
low,77.3609,19358.98,200,ok
low,78.5715,18149.08,200,ok
medium,83.3033,13425.94,200,ok
high,81.8778,14859.25,200,ok
medium,81.9024,14835.12,200,ok
medium,96.7530,2.76,,error
low,96.7539,2.25,,error
high,96.7509,5.58,,error
medium,81.8761,14889.42,200,ok
low,78.1539,18612.14,200,ok
low,96.7706,2.15,,error
low,78.6310,18144.75,200,ok
low,78.6060,18173.11,200,ok
low,77.5312,19249.35,200,ok
high,96.8015,8.37,,error
medium,96.8035,6.71,,error
low,96.8044,6.16,,error
low,96.8108,2.97,,error
medium,96.8169,2.18,,error
low,96.8202,2.35,,error
low,96.8308,2.95,,error
medium,96.8337,2.27,,error
low,96.8412,5.60,,error
high,96.8504,4.15,,error
medium,96.8522,2.67,,error
low,96.8530,2.20,,error
low,96.8606,2.73,,error
medium,83.5676,13302.58,200,ok
medium,96.8675,3.12,,error
medium,86.5040,10368.47,429,shed
high,88.4012,8476.80,429,shed
medium,86.4068,10476.98,200,ok
low,96.9073,2.43,,error
high,96.9005,9.58,,error
medium,96.9026,7.77,,error
low,77.5208,19389.62,200,ok
medium,96.9178,4.75,,error
low,96.9201,2.77,,error
medium,96.9340,3.58,,error
low,96.9311,6.88,,error
low,96.9411,2.73,,error
low,78.4110,18535.21,200,ok
low,78.2808,18665.82,200,ok
low,78.3608,18589.96,200,ok
low,75.8026,21148.19,200,ok
high,88.6509,8299.91,429,shed
low,76.3313,20622.96,200,ok
medium,85.2382,11716.94,200,ok
medium,88.3057,8658.52,429,shed
medium,88.4356,8529.84,429,shed
medium,84.8343,12136.09,200,ok
low,78.6707,18302.10,200,ok
low,75.9907,20983.15,200,ok
low,78.8041,18203.54,200,ok
medium,97.0172,2.71,,error
low,88.2923,8731.14,429,shed
low,88.2127,8811.45,429,shed
low,79.6548,17370.50,200,ok
low,88.2197,8805.66,429,shed
low,79.6768,17348.57,200,ok
medium,81.9337,15102.29,200,ok
medium,83.6383,13399.69,200,ok
medium,85.3546,11683.42,200,ok
low,77.5104,19527.63,200,ok
low,76.4081,20631.96,200,ok
medium,88.2271,8813.03,429,shed
medium,82.3622,14682.87,200,ok
low,88.3303,8743.57,429,shed
low,88.3069,8767.58,429,shed
low,79.7614,17313.94,200,ok
low,88.3709,8704.52,429,shed
low,79.6949,17380.89,200,ok
high,82.7571,14361.95,200,ok
medium,88.7835,8335.50,429,shed
medium,88.3891,8757.72,429,shed
low,97.1311,16.98,,error
medium,82.2029,14949.35,200,ok
high,97.1528,5.56,,error
low,97.1561,2.64,,error
medium,97.1543,4.97,,error
low,97.1607,1.87,,error
medium,97.1677,63.92,,error
medium,82.9352,14323.87,200,ok
medium,88.4517,8807.44,429,shed
low,97.1712,88.24,,error
high,82.2510,15008.52,200,ok
high,88.9010,8358.56,429,shed
low,97.2525,14.68,,error
low,97.2542,13.63,,error
medium,97.2556,12.66,,error
medium,97.2565,12.09,,error
medium,97.2572,11.76,,error
medium,97.2578,11.67,,error
high,97.2584,11.39,,error
low,97.2601,9.98,,error
low,97.2608,9.61,,error
low,97.2614,9.27,,error
high,97.2620,8.95,,error
medium,97.2626,8.63,,error
medium,97.2716,5.20,,error
low,97.2731,4.12,,error
low,80.0808,17267.44,200,ok
medium,97.2845,64.25,,error
low,97.2905,58.61,,error
high,97.3007,48.74,,error
medium,97.3031,46.62,,error
low,97.3048,46.33,,error
medium,97.3177,37.88,,error
low,97.3211,34.84,,error
low,97.3309,25.30,,error
medium,97.3359,20.67,,error
low,97.3407,16.14,,error
high,97.3517,5.68,,error
medium,97.3531,4.63,,error
low,97.3540,4.01,,error
low,97.2812,77.12,,error
low,97.3609,2.40,,error
medium,97.3674,2.79,,error
low,97.3702,2.49,,error
low,97.3809,3.85,,error
medium,97.3848,2.28,,error
low,97.3902,2.65,,error
medium,97.4032,2.16,,error
low,97.4040,1.66,,error
high,97.4010,4.89,,error
low,97.4111,2.82,,error
medium,97.4170,3.97,,error
low,97.4210,3.54,,error
low,97.4307,4.03,,error
medium,97.4351,1.95,,error
low,97.4412,2.51,,error
high,97.4509,4.58,,error
medium,97.4530,2.81,,error
low,97.4539,2.18,,error
low,97.4612,4.56,,error
medium,97.4669,3.77,,error
low,97.4707,2.72,,error
low,97.4806,2.74,,error
medium,97.4844,1.83,,error
low,97.4904,2.20,,error
medium,97.5028,3.79,,error
low,97.5036,3.28,,error
high,97.5007,6.47,,error
low,89.3712,8142.16,429,shed
medium,97.5173,2.47,,error
low,97.5208,1.79,,error
low,97.5308,2.71,,error
medium,97.5335,1.30,,error
low,97.5410,3.64,,error
medium,97.5526,3.89,,error
low,97.5540,2.89,,error
high,97.5508,6.38,,error
medium,89.3336,8226.44,429,shed
high,89.4507,8111.28,429,shed
low,97.5711,1.88,,error
low,97.5805,3.59,,error
medium,97.5841,3.46,,error
low,80.2906,17298.20,200,ok
low,78.5936,19023.08,200,ok
low,78.6123,19010.13,200,ok
medium,97.6211,7.07,,error
low,97.6225,6.00,,error
medium,97.6118,17.03,,error
high,97.6017,27.40,,error
medium,83.6682,14045.02,200,ok
low,97.6406,84.17,,error
high,97.6513,73.79,,error
medium,97.6553,70.14,,error
low,97.6562,69.47,,error
low,97.6612,64.75,,error
medium,97.6675,58.75,,error
low,97.6706,55.92,,error
low,97.6813,45.59,,error
medium,97.6835,43.65,,error
low,97.6910,36.43,,error
high,97.7012,26.54,,error
medium,97.7033,24.68,,error
low,97.7041,24.17,,error
low,97.7103,18.25,,error
medium,97.7173,11.53,,error
low,97.7204,8.77,,error
low,97.6307,98.71,,error
low,97.7310,3.06,,error
medium,97.7342,4.69,,error
low,97.7410,3.68,,error
medium,97.7529,2.62,,error
low,97.7537,2.12,,error
high,97.7509,5.26,,error
low,97.7602,4.47,,error
medium,97.7693,5.38,,error
low,97.7713,3.64,,error
low,97.7812,3.62,,error
medium,97.7848,3.88,,error
low,97.7909,2.77,,error
high,97.8006,7.14,,error
medium,97.8027,5.38,,error
low,97.8036,4.81,,error
low,97.8105,3.18,,error
medium,97.8179,3.72,,error
low,97.8216,2.89,,error
low,97.8307,3.85,,error
medium,97.8346,2.97,,error
low,97.8406,2.96,,error
low,77.4603,20397.10,200,ok
low,77.4406,20416.80,200,ok
high,97.8512,7.57,,error
low,97.8604,2.94,,error
low,88.7308,9139.18,429,shed
low,88.8531,9019.49,429,shed
low,88.6204,9252.17,429,shed
low,88.5306,9342.01,429,shed
low,88.3872,9485.43,429,shed
high,97.9008,4.75,,error
medium,97.9029,3.07,,error
low,97.9037,2.71,,error
low,97.9113,3.32,,error
medium,97.9176,2.97,,error
low,97.9206,2.89,,error
low,97.9307,3.30,,error
medium,97.9340,2.52,,error
low,97.9407,2.89,,error
high,97.9507,5.81,,error
medium,97.9528,4.11,,error
low,97.9535,3.66,,error
low,97.9632,3.45,,error
medium,97.9678,2.80,,error
low,97.9706,2.91,,error
low,97.9807,3.80,,error
medium,84.2842,13703.56,200,ok
medium,84.3172,13670.60,200,ok
low,77.6617,20326.04,200,ok
low,79.7808,18207.54,200,ok
medium,88.5357,9460.00,429,shed
medium,84.0340,13961.79,200,ok
low,79.5034,18492.46,200,ok
medium,88.5678,9428.05,429,shed
medium,84.1678,13828.00,200,ok
low,78.7306,19274.46,200,ok
low,78.6904,19316.51,200,ok
low,78.7703,19237.17,200,ok
high,87.5005,10536.25,429,shed
high,85.0008,13050.05,200,ok
low,79.1806,18870.26,200,ok
low,79.8210,18244.48,200,ok
low,98.0707,4.75,,error
medium,85.2369,12839.25,200,ok
medium,98.0842,2.57,,error
low,98.0922,3.48,,error
medium,98.1031,3.55,,error
low,98.1040,2.95,,error
high,98.1009,6.37,,error
medium,88.6874,9422.82,429,shed
medium,88.6173,9495.57,429,shed
low,79.5046,18608.79,200,ok
low,78.9319,19189.55,200,ok
medium,84.9029,13218.61,200,ok
low,98.1409,3.86,,error
medium,98.1531,3.72,,error
low,98.1540,3.22,,error
high,98.1510,6.54,,error
low,98.1612,3.49,,error
medium,98.1678,4.41,,error
low,98.1723,1.99,,error
low,79.6512,18535.75,200,ok
low,98.1805,6.94,,error
low,88.2141,9973.75,429,shed
high,98.2006,7.21,,error
medium,98.2029,5.25,,error
low,98.2040,4.55,,error
low,98.2106,2.93,,error
medium,98.2177,3.09,,error
low,98.2208,3.04,,error
low,98.2310,6.07,,error
medium,98.2337,3.69,,error
low,98.2405,3.92,,error
medium,89.4029,8958.44,429,shed
low,79.2102,19151.17,200,ok
low,78.3206,20040.78,200,ok
medium,84.4221,13939.32,200,ok
medium,89.6336,8727.86,429,shed
medium,85.8864,12475.04,200,ok
medium,86.5839,11777.58,200,ok
high,98.2507,111.82,,error
medium,98.2535,109.32,,error
low,98.3448,18.37,,error
medium,88.2317,10136.39,429,shed
low,79.3047,19063.42,200,ok
low,79.5052,18862.98,200,ok
high,89.6511,8717.05,429,shed
medium,98.3594,14.11,,error
medium,98.3600,13.83,,error
high,98.3607,13.53,,error
high,98.3632,11.30,,error
medium,98.3639,10.86,,error
low,98.3645,10.50,,error
low,98.3652,10.16,,error
medium,98.3682,7.43,,error
low,98.3502,25.67,,error
low,80.2310,18147.87,200,ok
low,98.3807,54.97,,error
low,78.5042,19941.98,200,ok
low,78.4604,19985.82,200,ok
medium,86.2934,12156.03,200,ok
low,80.4714,17978.03,200,ok
medium,98.4404,9.81,,error
medium,98.4410,9.47,,error
low,98.4417,9.14,,error
low,98.4423,8.80,,error
low,98.4429,8.49,,error
low,98.4435,8.15,,error
low,98.4448,7.13,,error
high,98.4455,6.79,,error
medium,98.4540,2.71,,error
low,98.4547,2.34,,error
low,98.4606,4.10,,error
medium,98.4675,3.05,,error
low,98.4706,1.57,,error
low,98.4804,3.43,,error
low,80.0302,18455.89,200,ok
low,98.4908,2.60,,error
low,98.5032,2.53,,error
medium,98.5024,3.63,,error
high,98.5006,5.79,,error
low,98.5105,4.18,,error
medium,98.5171,2.07,,error
low,98.5203,2.00,,error
low,79.7304,18796.74,200,ok
low,80.1111,18418.63,200,ok
high,85.7006,12829.08,200,ok
medium,98.5529,3.62,,error
low,98.5537,3.16,,error
high,98.5508,6.34,,error
low,98.5603,1.91,,error
medium,98.5673,2.01,,error
low,98.5707,1.66,,error
high,86.2518,12335.44,200,ok
low,98.5806,8.32,,error
low,98.5908,2.46,,error
medium,89.8616,8752.73,429,shed
medium,85.2394,13375.00,200,ok
high,98.6016,13.31,,error
medium,98.6040,12.05,,error
medium,98.6178,2.12,,error
low,98.6226,5.08,,error
medium,89.4528,9180.84,429,shed
low,78.5106,20124.92,200,ok
low,98.6409,2.70,,error
medium,86.1376,12508.04,200,ok
high,84.9011,13754.17,200,ok
high,98.6512,7.16,,error
low,98.6604,2.16,,error
medium,89.8752,8795.60,429,shed
low,98.6708,3.55,,error
low,98.6809,3.72,,error
medium,98.6847,1.81,,error
low,98.6906,2.61,,error
medium,87.5858,11112.43,200,ok
high,86.4084,12290.46,200,ok
high,84.1002,14610.75,200,ok
high,84.0011,14709.83,200,ok
medium,89.5350,9178.27,429,shed
low,79.3549,19364.39,200,ok
medium,98.7372,3.19,,error
low,98.7312,9.66,,error
low,98.7410,2.99,,error
high,98.7512,23.46,,error
medium,98.7533,21.82,,error
low,98.7567,18.79,,error
low,98.7770,3.40,,error
medium,98.7782,2.46,,error
low,89.4916,9291.06,429,shed
low,98.7755,8.18,,error
medium,84.5032,14283.35,200,ok
medium,89.8610,8926.21,429,shed
medium,85.4856,13307.45,200,ok
medium,85.7177,13075.32,200,ok
high,82.3702,16431.10,200,ok
low,98.8104,2.77,,error
medium,98.8173,2.33,,error
low,89.5210,9304.64,429,shed
low,78.5957,20231.58,200,ok
medium,89.5517,9277.87,429,shed
low,98.8413,3.47,,error
low,79.1606,19684.19,200,ok
low,98.8544,4.73,,error
high,98.8515,8.89,,error
low,98.8605,2.02,,error
medium,98.8677,10.11,,error
low,98.8723,6.01,,error
low,98.8804,4.13,,error
medium,98.8846,4.52,,error
low,78.9313,19958.38,200,ok
low,78.9287,19963.16,200,ok
low,89.5525,9339.42,429,shed
low,79.1908,19726.10,200,ok
low,78.9326,19984.29,200,ok
medium,98.9041,15.03,,error
low,98.9216,2.02,,error
low,98.9312,4.38,,error
medium,98.9337,3.41,,error
low,89.5813,9359.59,429,shed
medium,84.0675,14875.51,200,ok
medium,84.0050,14938.49,200,ok
medium,89.9174,9032.75,429,shed
medium,89.8848,9074.20,429,shed
low,89.5112,9448.66,429,shed
low,98.9720,3.23,,error
low,98.9804,3.45,,error
medium,98.9839,3.16,,error
low,98.9912,2.86,,error
low,89.8646,9134.08,429,shed
low,89.8676,9132.76,429,shed
low,89.9309,9069.45,429,shed
low,99.0112,10.44,,error
high,85.3530,13675.43,200,ok
low,77.0906,21937.90,200,ok
medium,86.5522,12476.37,200,ok
medium,89.9670,9061.53,429,shed
low,99.0412,4.96,,error
medium,89.9843,9063.04,429,shed
medium,84.4360,14621.02,200,ok
high,99.0516,7.41,,error
low,99.0606,4.09,,error
medium,99.0678,3.14,,error
low,99.0710,2.61,,error
medium,90.0037,9071.12,429,shed
low,77.7709,21304.80,200,ok
medium,83.0088,16067.92,200,ok
low,89.5916,9497.50,429,shed
medium,90.0178,9099.80,429,shed
medium,84.6343,14483.28,200,ok
high,90.1005,9017.15,429,shed
medium,99.1177,2.13,,error
low,99.1207,2.88,,error
low,89.5036,9636.60,429,shed
medium,90.1197,9021.80,429,shed
low,99.1417,2.69,,error
medium,84.3031,14841.78,200,ok
low,90.0821,9064.90,429,shed
high,99.1512,5.07,,error
low,99.1609,4.05,,error
medium,99.1682,3.32,,error
low,99.1715,1.96,,error
low,90.1750,9004.54,429,shed
low,78.3216,20865.58,200,ok
medium,99.1839,3.80,,error
low,77.5745,21613.69,200,ok
medium,86.7541,12438.57,200,ok
low,99.2041,1.73,,error
low,99.2104,3.17,,error
medium,99.2177,3.18,,error
low,99.2209,2.56,,error
low,99.2306,4.26,,error
medium,99.2349,3.77,,error
low,99.2408,2.77,,error
medium,85.9384,13318.16,200,ok
high,99.2508,6.19,,error
medium,99.2529,4.38,,error
low,99.2541,3.51,,error
medium,90.2391,9028.44,429,shed
low,99.2703,4.32,,error
low,99.2808,3.84,,error
medium,99.2847,2.81,,error
low,78.7912,20498.59,200,ok
low,78.1718,21124.10,200,ok
low,99.3041,2.79,,error
high,99.3011,6.03,,error
low,99.3106,2.99,,error
medium,99.3178,4.82,,error
low,99.3203,2.59,,error
low,80.5308,18803.32,200,ok
medium,99.3342,2.39,,error
low,99.3407,2.86,,error
high,99.3508,5.84,,error
medium,99.3530,4.00,,error
low,99.3541,3.14,,error
low,99.3604,4.31,,error
medium,99.3668,2.72,,error
low,99.3707,2.85,,error
medium,90.2468,9137.33,429,shed
low,90.0410,9345.37,429,shed
medium,99.3842,3.36,,error
high,99.4009,5.65,,error
medium,99.4030,3.83,,error
low,99.4040,3.19,,error
low,99.4103,2.20,,error
medium,99.4176,2.95,,error
low,99.4206,1.84,,error
high,89.5502,9879.26,429,shed
low,90.1767,9259.87,429,shed
low,90.0913,9345.23,429,shed
medium,99.4336,3.32,,error
medium,89.5029,9954.31,429,shed
low,99.4544,11.71,,error
low,99.4604,6.03,,error
low,90.3532,9119.73,429,shed
low,90.2170,9255.95,429,shed
low,99.4811,3.63,,error
medium,99.4847,2.83,,error
low,88.6104,10883.78,429,shed
medium,84.3686,15125.56,200,ok
medium,86.9847,12520.07,200,ok
low,80.6410,18865.68,200,ok
medium,89.5678,9938.90,429,shed
low,78.3436,21163.14,200,ok
medium,89.5179,9989.42,429,shed
medium,89.5845,9924.53,429,shed
low,79.6568,19873.70,200,ok
medium,90.0336,9500.55,429,shed
low,89.6203,9930.28,429,shed
medium,90.1837,9372.42,429,shed
medium,90.4174,9138.79,429,shed
low,88.6309,10925.24,429,shed
medium,99.5678,4.01,,error
low,99.5718,3.12,,error
medium,99.5835,3.12,,error
low,99.5812,5.71,,error
low,99.5919,4.27,,error
high,84.4532,15144.67,200,ok
low,99.6038,2.41,,error
high,99.6011,6.88,,error
low,99.6105,2.98,,error
medium,99.6176,2.99,,error
low,99.6207,1.84,,error
low,99.6307,2.94,,error
medium,99.6337,2.85,,error
low,99.6407,3.08,,error
medium,99.6532,2.42,,error
high,99.6510,5.47,,error
low,99.6541,2.70,,error
low,81.2911,18368.51,200,ok
medium,90.6910,8968.61,429,shed
medium,85.2400,14422.56,200,ok
high,90.8829,8780.37,429,shed
low,79.2201,20455.23,200,ok
low,79.2930,20384.40,200,ok
low,89.4306,10266.51,429,shed
low,89.8658,9832.10,429,shed
medium,88.0527,11650.24,200,ok
low,99.7113,4.70,,error
medium,99.7171,5.22,,error
low,99.7224,3.49,,error
medium,90.9527,8775.60,429,shed
low,89.6028,10133.73,429,shed
low,81.2210,18516.13,200,ok
low,79.5028,20242.88,200,ok
high,91.0008,8744.81,429,shed
low,99.7532,1.85,,error
low,99.7607,2.88,,error
low,89.8689,9900.85,429,shed
low,79.6580,20112.47,200,ok
high,84.4184,15354.05,200,ok
medium,99.7836,3.16,,error
low,89.9606,9828.81,429,shed
medium,91.0190,8816.59,429,shed
low,79.6542,20181.40,200,ok
low,89.8917,9944.00,429,shed
high,85.4507,14384.98,200,ok
low,89.9065,9929.17,429,shed
low,89.9406,9895.18,429,shed
medium,99.8367,5.57,,error
high,99.8308,11.84,,error
low,99.8407,5.02,,error
high,99.8509,4.29,,error
medium,99.8530,4.70,,error
low,99.8538,4.13,,error
low,99.8611,3.48,,error
medium,99.8676,3.17,,error
low,99.8708,1.80,,error
low,99.8806,3.23,,error
medium,99.8839,2.78,,error
low,99.8905,4.22,,error
high,85.9007,14003.94,200,ok
low,90.6898,9215.69,429,shed
high,99.9014,6.58,,error
low,99.9106,3.16,,error
low,90.8761,9039.77,429,shed
low,80.8815,19034.40,200,ok
low,90.8722,9043.75,429,shed
low,80.6812,19234.73,200,ok
low,99.9411,3.69,,error
medium,89.6835,10285.39,200,ok
medium,88.7533,11215.58,200,ok
low,80.1822,19790.54,200,ok
low,82.7809,17195.22,200,ok
low,82.7538,17222.33,200,ok
low,99.9729,5.93,,error
low,80.0540,19928.19,200,ok
medium,85.5028,14479.37,200,ok
high,90.1849,9797.25,429,shed
medium,91.2727,8725.93,429,shed
medium,88.2263,11772.43,200,ok
low,80.3808,19617.96,200,ok
low,91.1688,8849.64,429,shed
medium,100.0056,14.59,,error
low,91.1127,8907.55,429,shed
low,81.8836,18136.68,200,ok
medium,91.3026,8717.75,429,shed
high,85.6009,14421.40,200,ok
low,82.9105,17127.09,200,ok
low,83.2403,16797.76,200,ok
low,83.0246,17015.50,200,ok
low,91.1674,8879.75,429,shed
low,83.2925,16754.64,200,ok
medium,91.4670,8580.22,429,shed
low,79.8305,20229.98,200,ok
low,83.0909,16987.58,200,ok
low,91.2069,8876.63,429,shed
medium,84.4676,15618.62,200,ok
low,100.1040,2.01,,error
high,100.1009,5.39,,error
low,100.1108,2.85,,error
medium,100.1178,3.40,,error
low,100.1213,2.41,,error
low,91.2836,8850.54,429,shed
low,100.1309,5.62,,error
low,81.7304,18407.99,200,ok
high,100.1510,4.84,,error
medium,100.1531,3.03,,error
low,100.1539,2.51,,error
medium,88.5533,11606.54,200,ok
low,91.3110,8854.64,429,shed
low,91.3033,8863.16,429,shed
medium,91.5530,8613.90,429,shed
low,91.5408,8644.89,429,shed
low,91.4807,8704.94,429,shed
low,91.4605,8725.20,429,shed
low,100.2037,3.12,,error
high,100.2008,6.26,,error
low,100.2106,3.18,,error
medium,100.2173,2.53,,error
low,100.2209,2.43,,error
low,100.2305,2.87,,error
medium,100.2345,3.06,,error
low,100.2406,2.20,,error
low,100.2538,2.77,,error
high,100.2509,5.96,,error
medium,100.2530,4.20,,error
low,100.2611,2.46,,error
medium,87.7345,12535.51,200,ok
medium,86.2686,14002.55,200,ok
medium,100.2836,3.02,,error
low,100.2810,5.91,,error
medium,88.9522,11335.96,200,ok
medium,88.8523,11435.89,200,ok
low,90.6841,9608.34,429,shed
low,83.3308,16979.47,200,ok
medium,86.2336,14076.73,200,ok
low,100.3210,2.55,,error
medium,100.3188,5.10,,error
low,100.3311,4.46,,error
medium,100.3337,2.18,,error
low,100.3410,3.62,,error
medium,91.6848,8670.48,429,shed
medium,100.3528,5.09,,error
low,100.3537,4.55,,error
high,91.5510,8811.49,429,shed
medium,100.3672,3.56,,error
low,100.3708,2.70,,error
low,100.3807,2.85,,error
medium,100.3836,1.93,,error
low,100.3906,4.11,,error
high,100.4009,4.69,,error
medium,100.4031,2.84,,error
low,100.4041,2.18,,error
medium,87.9343,12479.95,200,ok
low,79.6536,20785.46,200,ok
medium,88.4178,12025.47,200,ok
high,91.7505,8699.14,429,shed
low,80.8973,19557.55,200,ok
low,100.4407,74.93,,error
high,100.4519,64.05,,error
medium,100.4533,63.02,,error
low,100.4541,62.57,,error
low,100.4608,56.21,,error
medium,100.4672,50.11,,error
low,100.4703,47.22,,error
low,100.4804,37.45,,error
medium,100.4838,34.34,,error
low,100.4912,27.24,,error
high,100.5006,18.15,,error
medium,100.5027,16.29,,error
low,100.5036,15.71,,error
low,90.0307,10491.17,429,shed
medium,85.9680,14558.52,200,ok
low,79.4994,21029.69,200,ok
low,83.7210,16973.98,200,ok
low,83.3838,17311.28,200,ok
low,83.6703,17024.79,200,ok
low,83.8047,16890.40,200,ok
medium,91.0029,9692.18,429,shed
low,90.6835,10011.66,429,shed
medium,89.6020,11093.21,200,ok
high,86.1006,14594.61,200,ok
low,80.8872,19808.06,200,ok
medium,91.8019,8893.37,429,shed
low,90.2353,10459.98,429,shed
low,90.1178,10577.52,429,shed
low,81.4709,19224.43,200,ok
low,79.5021,21193.18,200,ok
medium,91.8178,8877.58,429,shed
low,81.5575,19137.88,200,ok
low,81.2311,19464.33,200,ok
low,81.7220,18973.44,200,ok
low,81.8107,18884.69,200,ok
medium,91.1039,9591.58,429,shed
low,81.4408,19254.69,200,ok
high,87.9005,12794.96,200,ok
medium,91.8338,8861.75,429,shed
low,91.9311,8764.45,429,shed
low,91.2193,9476.29,429,shed
medium,100.5338,163.04,,error
low,100.5413,155.87,,error
low,100.5205,177.04,,error
medium,88.4671,12234.15,200,ok
low,83.6349,17066.37,200,ok
low,83.8545,16846.80,200,ok
low,83.5711,17130.13,200,ok
medium,92.1519,8565.70,429,shed
low,90.6809,10036.72,429,shed
high,91.1022,9615.39,429,shed
medium,85.2669,15450.76,200,ok
low,81.5583,19159.39,200,ok
medium,86.3524,14365.32,200,ok
low,81.9407,18776.99,200,ok
low,81.6534,19064.32,200,ok
low,90.8780,9839.72,429,shed
low,90.8734,9844.49,429,shed
low,90.6873,10030.55,429,shed
high,86.6010,14118.39,200,ok
low,81.8904,18830.94,200,ok
medium,86.6030,14121.62,200,ok
medium,89.1536,11581.80,200,ok
medium,87.9019,12835.59,200,ok
low,90.8823,9863.14,429,shed
low,92.0407,8704.68,429,shed
low,91.0302,9715.25,429,shed
medium,87.1669,13579.02,200,ok
low,92.2543,8503.11,429,shed
medium,92.2172,8549.47,429,shed
medium,87.5019,13264.74,200,ok
low,92.0909,8676.87,429,shed
low,81.7537,19014.09,200,ok
medium,92.4028,8367.39,429,shed
low,81.8712,18921.86,200,ok
low,81.8054,18987.68,200,ok
medium,89.2521,11571.86,200,ok
low,90.8707,9954.30,429,shed
medium,89.0843,11770.92,200,ok
low,81.8845,18971.73,200,ok
medium,88.6530,12213.18,200,ok
high,86.7002,14174.04,200,ok
medium,92.1030,8780.97,429,shed
medium,89.3839,11521.11,200,ok
low,100.9035,3.29,,error
low,90.8744,10035.64,429,shed
low,82.5609,18361.21,200,ok
low,100.9208,3.13,,error
low,100.9305,4.03,,error
medium,100.9346,2.11,,error
low,81.9038,19036.29,200,ok
low,81.9103,19029.76,200,ok
low,81.8748,19067.63,200,ok
high,100.9509,5.94,,error
low,100.9605,3.34,,error
low,92.5103,8460.14,429,shed
low,100.9704,1.85,,error
low,92.4407,8534.80,429,shed
medium,89.6171,11360.69,200,ok
medium,89.4849,11502.87,200,ok
low,81.3558,19640.70,200,ok
low,90.9805,10016.05,429,shed
low,80.8828,20113.77,200,ok
low,80.4102,20587.47,200,ok
low,81.4615,19537.09,200,ok
low,80.7704,20229.65,200,ok
high,88.8509,12166.08,200,ok
high,88.9508,12068.85,200,ok
low,81.9307,19088.97,200,ok
low,82.1924,18827.82,200,ok
high,92.0519,8984.97,429,shed
low,80.6707,20384.68,200,ok
low,80.6203,20436.54,200,ok
medium,101.0670,3.65,,error
low,101.0707,2.07,,error
low,101.0809,3.12,,error
low,82.2534,18833.48,200,ok
low,82.1114,18975.49,200,ok
high,92.5508,8542.96,429,shed
medium,90.3034,10793.18,429,shed
low,81.7907,19305.89,200,ok
low,101.1104,4.32,,error
medium,101.1178,3.07,,error
low,101.1210,1.84,,error
medium,101.1336,2.99,,error
low,101.1310,5.99,,error
low,101.1411,2.95,,error
high,101.1503,4.59,,error
medium,101.1524,2.91,,error
low,101.1534,2.21,,error
high,87.0007,14163.29,200,ok
low,82.6407,18523.30,200,ok
low,101.1711,10.38,,error
high,88.0506,13131.97,200,ok
medium,101.1850,2.30,,error
low,101.1904,4.29,,error
medium,101.2036,6.38,,error
high,101.2013,9.04,,error
low,101.2046,6.00,,error
low,101.2107,2.79,,error
medium,101.2176,2.98,,error
low,91.8806,9342.39,429,shed
low,101.2310,3.88,,error
medium,101.2349,1.71,,error
medium,91.7849,9454.06,429,shed
low,80.8837,20355.83,200,ok
medium,88.7677,12480.33,200,ok
high,101.2502,4.73,,error
low,101.2606,3.17,,error
medium,101.2669,3.78,,error
low,101.2707,2.86,,error
medium,91.9030,9371.78,429,shed
low,91.9603,9314.45,429,shed
medium,92.2528,9022.58,429,shed
low,81.4812,19805.66,200,ok
low,90.9307,10356.14,429,shed
low,91.0236,10263.95,429,shed
medium,92.5528,8754.55,429,shed
medium,87.1028,14205.13,200,ok
low,101.3204,2.06,,error
high,93.1092,8217.46,429,shed
low,92.3527,9119.95,429,shed
low,82.7549,18717.70,200,ok
high,93.1509,8321.80,429,shed
medium,92.7915,8681.15,429,shed
low,91.1700,10302.71,429,shed
low,81.6417,19831.07,200,ok
low,92.4036,9069.09,429,shed
low,81.8726,19600.16,200,ok
low,91.2274,10245.37,429,shed
low,93.0635,8409.29,429,shed
low,93.1908,8282.03,429,shed
low,92.7696,8703.21,429,shed
low,92.5904,8882.49,429,shed
medium,86.4077,15065.17,200,ok
low,81.9753,19497.59,200,ok
low,91.7409,9732.04,429,shed
low,91.6603,9812.67,429,shed
low,93.0303,8442.62,429,shed
low,91.6807,9792.24,429,shed
medium,92.0176,9455.41,429,shed
medium,101.3342,143.72,,error
low,92.5605,8923.03,429,shed
low,93.1127,8376.47,429,shed
low,93.2035,8285.71,429,shed
low,101.4828,12.96,,error
low,101.4856,10.40,,error
medium,101.4865,9.83,,error
low,101.4552,41.47,,error
low,101.4930,7.68,,error
low,81.9532,19553.05,200,ok
high,101.5008,5.89,,error
medium,101.5021,4.94,,error
low,101.5028,4.51,,error
low,82.8808,18633.89,200,ok
high,88.3042,13216.04,200,ok
medium,92.6611,8881.65,429,shed
low,101.5313,15.37,,error
medium,101.5364,13.07,,error
low,82.2415,19312.42,200,ok
medium,86.4680,15085.91,200,ok
low,92.7684,8786.24,429,shed
medium,89.7219,11857.72,200,ok
medium,88.3335,13246.08,200,ok
medium,93.1530,8426.69,429,shed
low,101.5813,8.88,,error
medium,101.5902,8.46,,error
low,101.5952,3.94,,error
medium,101.6021,5.03,,error
low,101.6036,3.95,,error
high,101.6005,7.36,,error
medium,88.7024,13225.72,200,ok
low,82.3688,19559.37,200,ok
low,82.6131,19375.92,200,ok
low,82.5406,19448.52,200,ok
low,82.3675,19621.58,200,ok
low,83.9902,17998.92,200,ok
medium,88.6361,13353.07,200,ok
high,89.2507,12738.47,200,ok
low,82.6547,19334.50,200,ok
low,82.7482,19241.08,200,ok
medium,89.6529,12336.35,200,ok
high,92.7524,9236.86,429,shed
medium,92.0679,10171.38,429,shed
low,84.3547,17884.61,200,ok
medium,89.2677,12971.56,200,ok
medium,89.4669,12772.40,200,ok
medium,90.3524,11886.98,200,ok
low,91.8103,10432.20,429,shed
medium,101.9447,299.55,,error
medium,101.9554,289.42,,error
medium,101.9574,287.91,,error
medium,101.9588,286.79,,error
medium,101.9601,285.81,,error
medium,101.9613,284.96,,error
medium,101.9624,284.24,,error
low,101.9633,283.58,,error
low,101.9645,282.79,,error
low,101.9653,282.27,,error
low,101.9662,281.64,,error
low,101.9670,281.19,,error
low,101.9679,280.59,,error
low,101.9686,280.52,,error
low,101.9693,280.27,,error
low,101.9700,279.93,,error
low,101.9706,279.61,,error
low,101.9713,279.22,,error
low,101.9719,278.90,,error
low,101.9727,278.43,,error
low,101.9735,277.88,,error
low,101.9742,277.52,,error
low,101.9748,277.19,,error
low,101.9754,276.86,,error
low,101.9760,276.56,,error
low,101.9767,276.20,,error
low,101.9773,275.89,,error
low,101.9779,275.58,,error
low,101.9785,275.26,,error
low,101.9791,274.94,,error
low,101.9797,274.65,,error
low,101.9805,274.31,,error
low,101.9811,273.99,,error
medium,101.9352,320.17,,error
low,92.1527,10121.17,429,shed
medium,94.3522,7921.67,429,shed
low,82.7494,19524.50,200,ok
low,84.4431,17830.84,200,ok
high,101.9850,289.98,,error
high,101.9863,289.04,,error
high,101.9870,288.68,,error
high,101.9876,288.37,,error
high,101.9883,287.91,,error
low,102.1741,102.51,,error
low,102.2097,67.33,,error
low,102.2111,66.17,,error
low,102.2123,65.34,,error
low,102.2130,76.27,,error
low,102.2082,81.40,,error
low,102.2171,73.52,,error
low,102.2177,73.19,,error
low,102.2183,72.88,,error
low,102.2191,72.47,,error
low,102.2197,72.12,,error
low,102.2203,71.80,,error
low,102.2210,71.50,,error
low,102.2216,71.18,,error
low,102.2222,70.86,,error
low,102.2228,70.55,,error
medium,102.2234,70.23,,error
medium,102.2240,69.92,,error
medium,102.2247,69.59,,error
medium,102.2254,69.18,,error
medium,102.2260,68.86,,error
medium,102.2267,68.44,,error
medium,102.2273,68.19,,error
medium,102.2280,67.89,,error
medium,102.2286,67.57,,error
medium,102.2292,67.23,,error
medium,102.2298,66.92,,error
medium,102.2305,66.60,,error
medium,102.2312,66.21,,error
medium,102.2318,65.89,,error
high,102.2324,65.56,,error
high,102.2330,65.30,,error
high,102.2336,64.98,,error
high,102.2346,64.27,,error
high,102.2353,63.91,,error
medium,102.2575,42.04,,error
medium,102.2594,40.46,,error
medium,102.2646,35.51,,error
medium,102.2662,34.38,,error
medium,102.2669,34.00,,error
low,102.2675,33.69,,error
low,102.2681,33.37,,error
low,102.2687,33.04,,error
low,102.2695,32.58,,error
low,102.2701,32.24,,error
low,102.2707,31.91,,error
low,102.2714,31.58,,error
low,102.2720,31.27,,error
high,102.2726,30.94,,error
low,102.2066,97.36,,error
high,102.2789,32.60,,error
medium,94.3835,7928.12,429,shed
low,82.2108,20100.78,200,ok
low,102.2136,98.78,,error
low,102.2143,98.37,,error
low,102.2164,96.86,,error
low,92.7666,9548.54,429,shed
medium,102.2804,36.86,,error
medium,93.0342,9283.22,429,shed
low,102.3063,17.43,,error
low,102.3077,16.41,,error
low,102.3084,15.96,,error
medium,102.3090,15.62,,error
medium,102.3097,15.29,,error
high,102.3137,11.52,,error
low,102.3152,12.18,,error
medium,102.3175,10.19,,error
low,102.3255,3.43,,error
low,102.3310,2.60,,error
medium,102.3337,1.92,,error
medium,93.2532,9090.08,429,shed
low,84.2406,18118.98,200,ok
low,82.0111,20348.50,200,ok
low,92.8811,9478.51,429,shed
medium,94.4676,7892.06,429,shed
high,102.3510,9.02,,error
medium,102.3532,7.15,,error
low,102.3548,5.89,,error
low,102.3809,7.15,,error
low,94.4904,7898.81,429,shed
low,93.1539,9237.50,429,shed
low,92.9607,9430.66,429,shed
medium,93.2028,9198.44,429,shed
low,92.7728,9662.92,429,shed
high,93.5010,8934.73,429,shed
medium,102.4383,5.15,,error
low,102.4262,17.54,,error
low,102.4250,19.05,,error
low,102.4414,4.45,,error
medium,102.4525,3.17,,error
low,102.4532,2.77,,error
high,102.4506,5.67,,error
low,93.5808,8883.33,429,shed
low,85.2308,17238.65,200,ok
low,102.4710,3.60,,error
low,102.4808,2.84,,error
medium,102.4837,1.83,,error
medium,87.5852,14901.51,200,ok
high,87.6099,14877.35,200,ok
low,92.9808,9508.22,429,shed
low,92.7722,9716.84,429,shed
low,92.7703,9718.67,429,shed
low,83.5609,18945.66,200,ok
high,93.6038,8902.76,429,shed
high,88.4503,14056.28,200,ok
low,93.6707,8849.34,429,shed
low,93.6409,8895.08,429,shed
low,93.4531,9082.93,429,shed
low,93.5613,8974.76,429,shed
high,102.5508,7.04,,error
low,83.9544,18610.35,200,ok
medium,93.6668,8898.63,429,shed
low,102.5611,5.47,,error
low,84.4702,18097.07,200,ok
medium,102.5845,2.84,,error
low,102.5912,4.69,,error
low,91.8210,10775.86,429,shed
medium,102.6020,2.99,,error
low,102.6027,2.63,,error
low,102.6107,3.00,,error
medium,102.6178,2.83,,error
low,102.6207,1.93,,error
medium,87.6669,14957.87,200,ok
low,85.3309,17305.44,200,ok
low,102.6420,3.61,,error
high,102.6508,4.76,,error
medium,102.6525,3.39,,error
low,102.6532,2.97,,error
medium,89.8595,12798.63,200,ok
medium,102.6675,2.98,,error
low,102.6705,1.71,,error
medium,94.7035,7974.38,429,shed
medium,102.6838,1.83,,error
low,102.6907,2.80,,error
high,102.7007,4.98,,error
medium,102.7026,3.41,,error
low,102.7040,2.28,,error
low,94.5535,8154.32,429,shed
medium,102.7183,3.85,,error
low,102.7208,1.81,,error
low,82.3696,20355.05,200,ok
low,82.2037,20521.85,200,ok
high,89.1522,13592.54,200,ok
low,92.2631,10499.13,429,shed
high,88.7509,14011.35,200,ok
medium,94.7640,7998.26,429,shed
low,102.7622,2.64,,error
medium,102.7676,1.98,,error
low,102.7707,1.67,,error
low,102.7806,3.51,,error
low,94.6305,8156.46,429,shed
medium,91.1707,11616.26,200,ok
low,83.1925,19595.48,200,ok
medium,90.0526,12735.40,200,ok
medium,88.9673,13821.36,200,ok
low,102.8105,2.80,,error
medium,102.8175,3.45,,error
low,102.8210,2.04,,error
low,102.8312,4.41,,error
medium,102.8335,2.43,,error
low,81.9767,20867.88,200,ok
low,94.7727,8071.89,429,shed
low,94.7654,8079.19,429,shed
medium,89.8628,12982.39,200,ok
low,92.7709,10079.01,429,shed
high,89.3012,13549.33,200,ok
low,82.6307,20234.07,200,ok
low,82.4538,20411.43,200,ok
medium,92.4529,10416.30,200,ok
low,84.7916,18121.13,200,ok
medium,94.8365,8076.23,429,shed
low,102.9011,12.05,,error
high,102.9028,10.67,,error
medium,102.9042,9.51,,error
low,102.9051,8.99,,error
medium,86.5768,16344.28,200,ok
medium,89.0671,13854.00,200,ok
medium,89.3676,13636.12,200,ok
low,82.6207,20383.00,200,ok
low,102.9948,36.34,,error
low,102.9967,34.89,,error
medium,102.9977,34.25,,error
medium,102.9984,33.92,,error
medium,102.9990,33.63,,error
medium,102.9997,33.21,,error
high,103.0003,32.90,,error
low,102.9878,45.65,,error
low,83.0105,20027.99,200,ok
low,82.7923,20246.19,200,ok
high,103.0066,38.17,,error
low,103.0344,10.65,,error
low,103.0357,9.64,,error
low,103.0369,8.77,,error
medium,103.0376,8.35,,error
medium,103.0389,7.30,,error
medium,103.0267,19.86,,error
low,103.0429,4.66,,error
high,103.0508,5.82,,error
medium,103.0522,4.69,,error
low,103.0530,4.25,,error
low,103.0603,3.20,,error
low,94.8602,8220.06,429,shed
low,94.8168,8270.51,429,shed
medium,103.0845,10.12,,error
medium,103.0677,27.31,,error
low,103.0905,4.82,,error
medium,103.1032,4.55,,error
low,103.1054,2.76,,error
high,103.1011,7.43,,error
low,103.1122,4.50,,error
low,84.8730,18353.49,200,ok
medium,90.0856,13140.89,200,ok
low,84.8804,18346.11,200,ok
low,84.8105,18416.03,200,ok
low,85.0112,18215.34,200,ok
low,84.8907,18335.84,200,ok
medium,89.8758,13350.77,200,ok
medium,89.8634,13363.18,200,ok
low,83.7143,19512.38,200,ok
low,83.9302,19296.42,200,ok
low,84.6407,18585.93,200,ok
low,94.9708,8255.85,429,shed
low,95.0078,8218.90,429,shed
low,95.0503,8176.39,429,shed
medium,95.1030,8123.70,429,shed
low,85.1031,18123.69,200,ok
low,82.5536,20673.23,200,ok
low,82.7488,20478.02,200,ok
low,84.3412,18885.66,200,ok
medium,95.0469,8180.00,429,shed
low,84.7010,18535.05,200,ok
medium,90.9174,12318.77,200,ok
low,82.4723,20765.11,200,ok
medium,89.6673,13576.03,200,ok
low,85.2314,18017.31,200,ok
high,103.2505,4.11,,error
low,103.2603,3.10,,error
low,85.0034,18261.33,200,ok
high,95.1009,8181.38,429,shed
medium,103.2839,2.74,,error
medium,103.2757,11.43,,error
low,103.2909,3.38,,error
low,82.7609,20539.91,200,ok
medium,103.3028,6.28,,error
low,103.3045,5.00,,error
low,103.3110,73.67,,error
medium,103.3170,67.94,,error
low,103.3203,65.04,,error
low,103.3319,53.69,,error
medium,103.3342,51.71,,error
low,103.3405,45.75,,error
high,103.3507,35.87,,error
medium,103.3528,34.08,,error
low,103.3536,33.55,,error
low,103.3609,26.51,,error
medium,103.3678,19.93,,error
low,103.3710,17.03,,error
low,103.3806,7.76,,error
low,95.1041,8286.54,429,shed
low,85.2351,18156.74,200,ok
medium,103.4035,2.46,,error
high,103.4006,5.71,,error
low,103.4046,2.11,,error
low,103.4112,5.65,,error
high,95.2507,8167.08,429,shed
high,89.6006,13824.35,200,ok
low,84.2325,19192.42,200,ok
medium,103.4337,2.91,,error
low,103.4407,2.88,,error
low,84.3704,19073.85,200,ok
low,84.4212,19029.14,200,ok
high,103.4504,5.06,,error
low,84.1299,19334.52,200,ok
medium,103.4685,4.05,,error
low,103.4704,2.48,,error
medium,89.7126,13763.80,200,ok
high,89.7110,13765.45,200,ok
low,84.2905,19196.34,200,ok
high,89.5015,13999.51,200,ok
high,89.9033,13601.63,200,ok
high,103.5017,4.12,,error
low,103.5128,3.24,,error
medium,89.7348,13784.17,200,ok
low,103.5207,1.85,,error
low,103.5308,2.97,,error
medium,103.5338,1.87,,error
high,89.8587,13679.24,200,ok
high,103.5537,9.56,,error
medium,103.5561,7.43,,error
low,103.5604,3.43,,error
low,103.5639,2.87,,error
medium,103.5668,1.84,,error
low,103.5708,1.73,,error
low,103.5810,3.45,,error
medium,103.5845,2.63,,error
low,103.5904,2.60,,error
low,85.2339,18365.93,200,ok
low,85.2321,18368.30,200,ok
low,103.6027,2.01,,error
high,89.8574,13748.35,200,ok
medium,103.6178,2.56,,error
low,103.6204,2.07,,error
high,89.8743,13752.96,200,ok
low,84.5868,19050.09,200,ok
low,84.2814,19359.48,200,ok
low,84.7804,18863.77,200,ok
low,85.0210,18623.81,200,ok
low,103.6539,6.77,,error
low,84.3922,19271.43,200,ok
medium,103.6669,5.35,,error
low,103.6708,2.36,,error
low,103.6803,4.24,,error
medium,103.6846,67.55,,error
low,84.3618,19390.42,200,ok
low,83.8827,19869.50,200,ok
medium,91.6186,12133.61,200,ok
low,84.3041,19448.17,200,ok
high,95.8508,7901.53,429,shed
medium,95.3525,8399.77,429,shed
medium,95.2026,8549.72,429,shed
medium,90.1831,13569.24,200,ok
low,103.7354,18.04,,error
low,103.7377,16.07,,error
low,103.7393,14.79,,error
low,103.7406,13.72,,error
low,103.7421,12.60,,error
high,103.7432,11.74,,error
medium,103.7442,11.04,,error
medium,103.7451,10.40,,error
medium,103.7460,9.86,,error
low,85.3579,18400.48,200,ok
low,85.6708,18092.33,200,ok
low,95.0707,8692.41,429,shed
medium,96.0842,7707.21,429,shed
medium,91.7526,12043.95,200,ok
low,103.8112,4.67,,error
low,83.4532,20363.29,200,ok
low,83.3705,20449.12,200,ok
low,103.8310,3.92,,error
medium,103.8350,2.53,,error
medium,96.1994,7645.27,429,shed
medium,95.7345,8110.12,429,shed
medium,90.1843,13660.32,200,ok
low,86.2635,17591.37,200,ok
medium,92.8837,10971.21,200,ok
medium,103.8678,2.83,,error
low,103.8706,1.83,,error
low,83.5907,20293.43,200,ok
low,83.6551,20230.85,200,ok
high,96.2510,7639.44,429,shed
high,96.3504,7556.86,429,shed
low,103.9044,5.53,,error
high,103.9012,9.01,,error
low,103.9104,2.18,,error
medium,103.9177,3.75,,error
low,103.9215,3.01,,error
high,90.4009,13533.25,200,ok
low,103.9307,5.36,,error
low,103.9411,4.76,,error
medium,103.9532,2.78,,error
low,103.9544,1.92,,error
high,103.9511,5.60,,error
medium,93.4522,10506.42,200,ok
medium,103.9672,3.47,,error
low,103.9706,2.87,,error
high,95.9250,8058.93,429,shed
medium,103.9840,2.82,,error
low,85.2706,18722.23,200,ok
medium,104.0030,3.41,,error
low,104.0037,2.98,,error
high,104.0009,6.14,,error
low,85.3629,18649.58,200,ok
medium,96.4249,7588.38,429,shed
low,85.2912,18725.18,200,ok
medium,93.5177,10498.72,200,ok
medium,93.3171,10705.32,200,ok
low,104.0407,4.02,,error
medium,94.2838,9762.21,429,shed
medium,104.0533,3.52,,error
low,104.0542,2.86,,error
low,104.0606,2.98,,error
medium,104.0677,2.93,,error
low,104.0707,1.83,,error
low,104.0807,2.92,,error
medium,104.0836,1.83,,error
low,83.8409,20246.41,200,ok
low,84.3103,19778.67,200,ok
low,84.3811,19709.04,200,ok
medium,96.4234,7669.85,429,shed
low,104.1108,3.21,,error
medium,104.1171,2.41,,error
low,104.1207,1.83,,error
low,104.1307,3.95,,error
medium,104.1347,2.29,,error
low,104.1411,4.58,,error
medium,89.9052,14244.88,200,ok
medium,95.8677,8286.66,429,shed
low,104.1528,2.89,,error
low,104.1603,2.67,,error
medium,104.1671,2.63,,error
low,104.1708,2.67,,error
low,104.1807,3.79,,error
medium,104.1845,2.99,,error
low,104.1906,2.92,,error
low,86.2914,17913.51,200,ok
low,104.2042,2.65,,error
high,104.2020,5.19,,error
low,104.2106,2.65,,error
medium,104.2174,3.27,,error
low,104.2207,2.85,,error
low,104.2307,3.85,,error
medium,104.2346,3.98,,error
low,104.2407,2.89,,error
medium,104.2529,3.38,,error
low,104.2536,2.98,,error
high,104.2508,6.09,,error
low,104.2610,4.72,,error
medium,104.2669,2.66,,error
low,104.2706,2.88,,error
low,104.2807,4.08,,error
medium,104.2848,2.70,,error
low,104.2906,2.92,,error
medium,104.3028,2.68,,error
low,104.3036,2.24,,error
high,104.3008,5.36,,error
low,104.3103,3.95,,error
medium,104.3174,3.31,,error
low,104.3207,4.90,,error
low,104.3308,2.79,,error
medium,104.3336,1.85,,error
low,104.3406,2.97,,error
high,104.3507,5.88,,error
medium,104.3528,4.13,,error
low,104.3537,3.54,,error
low,104.3604,3.28,,error
medium,104.3679,3.91,,error
low,104.3718,2.70,,error
low,104.3807,3.97,,error
medium,104.3847,2.72,,error
low,96.6279,7760.55,429,shed
high,104.4009,5.64,,error
medium,104.4031,3.82,,error
low,104.4040,3.15,,error
low,104.4103,3.36,,error
medium,104.4178,3.76,,error
low,104.4216,2.87,,error
low,104.4307,3.91,,error
medium,104.4346,2.94,,error
low,104.4407,3.00,,error
medium,96.6175,7840.27,429,shed
medium,96.6199,7837.87,429,shed
high,90.0015,14456.37,200,ok
medium,104.4534,5.11,,error
high,104.4509,7.96,,error
low,104.4704,2.14,,error
low,104.4802,3.46,,error
medium,104.4837,2.81,,error
low,104.4906,5.14,,error
medium,104.5030,2.48,,error
low,104.5041,1.75,,error
high,104.5010,5.48,,error
medium,89.8623,14650.66,200,ok
medium,104.5178,2.81,,error
low,104.5206,1.85,,error
low,86.4812,18042.89,200,ok
high,91.2144,13309.74,200,ok
high,91.3007,13239.02,200,ok
low,86.4328,18106.97,200,ok
medium,104.5536,2.47,,error
low,104.5544,1.96,,error
low,104.5609,3.79,,error
medium,104.5678,2.77,,error
low,104.5706,2.90,,error
low,104.5807,4.26,,error
medium,104.5850,3.55,,error
low,104.5907,2.19,,error
medium,96.2005,8405.54,429,shed
high,90.3022,14303.88,200,ok
low,104.6040,3.79,,error
low,104.6104,2.18,,error
low,86.5405,18072.60,200,ok
low,104.6204,2.32,,error
low,96.3116,8312.06,429,shed
low,95.9329,8691.47,429,shed
low,104.6403,3.36,,error
medium,104.6530,3.55,,error
low,104.6539,2.93,,error
high,104.6509,6.30,,error
medium,92.4178,12242.40,200,ok
medium,92.4853,12174.94,200,ok
low,104.6703,2.39,,error
low,104.6808,3.90,,error
medium,104.6847,2.03,,error
low,84.4812,20212.27,200,ok
medium,104.7031,2.41,,error
low,104.7038,2.01,,error
high,104.7011,5.07,,error
low,104.7102,2.26,,error
medium,104.7176,3.30,,error
low,104.7210,2.55,,error
low,104.7307,2.89,,error
medium,104.7339,2.59,,error
low,104.7406,2.95,,error
medium,104.7528,3.78,,error
low,104.7536,3.26,,error
high,104.7508,6.43,,error
low,104.7603,2.18,,error
medium,104.7676,3.00,,error
low,104.7710,2.54,,error
low,104.7806,3.66,,error
medium,104.7843,2.13,,error
low,104.7906,2.99,,error
low,84.6070,20198.33,200,ok
low,104.8043,2.42,,error
high,104.8022,4.83,,error
low,104.8105,3.55,,error
low,85.2828,19537.59,200,ok
low,84.4603,20365.45,200,ok
low,85.9810,18849.05,200,ok
medium,91.6675,13166.42,200,ok
low,104.8412,10.52,,error
low,86.5309,18359.38,200,ok
low,86.2205,18669.90,200,ok
medium,94.5527,10349.07,200,ok
medium,94.6172,10284.60,200,ok
low,87.5825,17319.29,200,ok
low,84.4322,20469.57,200,ok
medium,92.0854,12816.39,200,ok
low,86.4008,18505.93,200,ok
low,86.4020,18504.71,200,ok
medium,104.8970,11.41,,error
medium,104.9049,3.82,,error
low,104.9058,3.85,,error
low,104.9103,1.69,,error
medium,104.9172,3.52,,error
low,86.0911,18831.78,200,ok
low,87.7307,17199.78,200,ok
low,85.2627,19671.25,200,ok
low,104.9410,3.17,,error
high,104.9504,6.66,,error
medium,104.9526,4.78,,error
low,104.9550,2.76,,error
low,96.3403,8618.50,429,shed
medium,104.9681,3.29,,error
low,104.9714,2.11,,error
low,104.9807,3.45,,error
medium,104.9842,2.60,,error
high,96.6148,8379.43,429,shed
low,87.8109,17183.88,200,ok
high,92.3505,12645.76,200,ok
high,91.8508,13147.23,200,ok
low,87.9316,17066.99,200,ok
low,84.2542,20751.17,200,ok
low,85.4558,19554.77,200,ok
low,85.6104,19400.20,200,ok
medium,90.1026,14909.83,200,ok
medium,92.3519,12668.52,200,ok
low,85.3490,19673.22,200,ok
low,96.6255,8398.88,429,shed
low,96.6285,8396.51,429,shed
medium,93.6529,11372.62,200,ok
medium,94.5845,10441.52,200,ok
medium,92.0353,12991.16,200,ok
medium,94.8528,10175.86,200,ok
medium,97.1192,7914.93,429,shed
medium,96.6187,8452.23,429,shed
low,96.6243,8446.74,429,shed
medium,94.9525,10122.12,200,ok
low,96.6267,8447.95,429,shed
low,85.4609,19613.70,200,ok
high,97.0503,8047.80,429,shed
low,87.9537,17144.43,200,ok
medium,91.4027,13716.87,200,ok
medium,96.6205,8499.07,429,shed
high,96.7012,8422.10,429,shed
medium,93.7526,11370.73,200,ok
low,85.7717,19366.82,200,ok
medium,91.1718,13966.72,200,ok
low,84.6927,20451.58,200,ok
low,86.8535,18291.72,200,ok
high,92.1503,12995.37,200,ok
medium,95.0454,10121.21,200,ok
low,85.4903,19676.35,200,ok
medium,90.5342,14632.43,200,ok
high,105.2007,4.58,,error
low,105.2030,2.61,,error
medium,105.2040,1.95,,error
low,105.2111,2.06,,error
medium,105.2173,2.32,,error
low,97.8809,7339.11,429,shed
low,105.2305,3.18,,error
medium,105.2338,1.65,,error
low,105.2412,5.75,,error
medium,95.1845,10063.35,200,ok
low,105.2537,1.63,,error
high,105.2510,4.62,,error
low,105.2604,2.34,,error
medium,105.2669,2.67,,error
low,105.2707,1.84,,error
low,97.5608,7715.16,429,shed
medium,105.2835,2.50,,error
low,105.2902,3.22,,error
low,86.7730,18521.32,200,ok
low,87.0704,18223.88,200,ok
high,105.3012,5.00,,error
low,84.4929,20818.15,200,ok
low,86.3431,18970.64,200,ok
low,84.5714,20743.36,200,ok
low,105.3307,2.84,,error
medium,105.3336,1.45,,error
low,105.3412,2.70,,error
low,87.4444,17903.69,200,ok
medium,94.8222,10526.45,200,ok
low,105.3524,2.01,,error
high,96.6126,8746.54,429,shed
low,86.5818,18780.44,200,ok
low,86.7311,18634.49,200,ok
medium,94.1529,11213.13,200,ok
medium,94.5351,10831.42,200,ok
low,87.4451,17941.66,200,ok
medium,90.6916,14704.33,200,ok
low,98.0806,7329.29,429,shed
low,98.0411,7368.83,429,shed
medium,105.4028,7.69,,error
low,105.4036,7.14,,error
high,93.3507,12060.63,200,ok
low,86.2107,19205.19,200,ok
low,87.5026,17923.20,200,ok
medium,93.5682,11858.35,200,ok
medium,105.4528,2.99,,error
low,105.4538,2.38,,error
high,105.4508,5.71,,error
low,105.4609,2.37,,error
medium,105.4678,3.48,,error
medium,93.6343,11836.99,200,ok
low,96.7604,8712.14,429,shed
low,84.4227,21049.80,200,ok
medium,94.4175,11055.05,200,ok
low,85.8610,19616.91,200,ok
medium,105.5029,3.22,,error
low,105.5041,2.32,,error
high,94.7021,10805.49,200,ok
low,86.9908,18522.52,200,ok
low,86.7923,18721.06,200,ok
high,96.6155,8900.75,429,shed
medium,95.2374,10278.84,429,shed
medium,97.8844,7636.91,429,shed
low,98.3527,7168.66,429,shed
medium,98.0172,7507.79,429,shed
low,98.3570,7222.13,429,shed
low,96.6236,8955.52,429,shed
medium,94.4861,11093.10,200,ok
medium,98.1337,7445.53,429,shed
high,92.4009,13183.42,200,ok
low,98.5309,7053.44,429,shed
low,98.6088,6975.47,429,shed
medium,98.0024,7584.93,429,shed
low,84.7409,20846.43,200,ok
medium,98.0349,7565.74,429,shed
low,105.6108,10.95,,error
medium,105.6192,5.37,,error
low,105.6219,3.04,,error
low,87.5814,18044.56,200,ok
medium,98.6528,6975.44,429,shed
low,87.9028,17725.56,200,ok
high,97.1003,8550.33,429,shed
low,105.6541,2.34,,error
high,105.6507,6.09,,error
low,105.6602,2.92,,error
medium,105.6673,2.43,,error
low,105.6709,1.90,,error
medium,98.4380,7235.78,429,shed
medium,105.6835,2.16,,error
low,105.6911,5.92,,error
high,105.7022,8.69,,error
medium,105.7057,5.63,,error
low,105.7080,3.76,,error
low,105.7118,1.92,,error
medium,105.7179,2.79,,error
low,105.7207,1.76,,error
medium,98.6342,7099.81,429,shed
low,105.7320,5.07,,error
low,105.7406,3.42,,error
medium,105.7535,4.40,,error
low,105.7550,3.20,,error
high,105.7512,7.35,,error
low,105.7609,2.79,,error
medium,105.7679,3.95,,error
low,105.7719,2.89,,error
low,84.8212,20955.68,200,ok
medium,94.7928,10993.32,200,ok
medium,91.5678,14225.57,200,ok
low,88.4318,17370.62,200,ok
low,98.0547,7747.77,429,shed
low,98.3514,7451.11,429,shed
medium,96.6217,9185.91,429,shed
low,85.7205,20087.20,200,ok
low,86.6918,19115.84,200,ok
low,88.3924,17416.52,200,ok
low,88.4608,17348.25,200,ok
low,88.4524,17378.02,200,ok
medium,96.3525,9490.28,200,ok
low,105.8550,1.80,,error
high,105.8510,6.10,,error
low,105.8606,4.17,,error
medium,105.8669,3.80,,error
low,105.8707,2.81,,error
low,105.8806,3.71,,error
medium,105.8844,3.17,,error
low,105.8907,3.95,,error
high,93.6508,12248.46,200,ok
medium,96.6181,9286.92,429,shed
medium,96.6161,9289.58,429,shed
medium,95.8529,10059.46,200,ok
medium,105.9178,3.71,,error
low,105.9215,3.01,,error
low,88.9102,17023.37,200,ok
low,105.9307,3.26,,error
medium,92.5676,13372.67,200,ok
high,94.7619,11178.42,200,ok
low,88.9619,16978.40,200,ok
low,86.5534,19388.78,200,ok
low,87.5549,18394.62,200,ok
medium,105.9671,3.76,,error
low,105.9709,2.69,,error
medium,95.4841,10493.14,200,ok
medium,93.7029,12524.63,200,ok
medium,98.0530,8174.59,429,shed
medium,97.9845,8243.08,429,shed
medium,92.6597,13567.92,200,ok
medium,93.1177,13109.92,200,ok
low,88.6404,17587.28,200,ok
medium,98.7839,7443.81,429,shed
medium,94.4541,11773.59,200,ok
medium,98.3582,7869.47,429,shed
low,88.8210,17406.76,200,ok
medium,93.2182,13009.56,200,ok
low,95.4043,10839.04,429,shed
high,98.7038,7539.62,429,shed
low,88.5409,17702.49,200,ok
low,106.2188,39.00,,error
medium,106.2194,38.70,,error
medium,106.2200,166.34,,error
medium,106.2206,166.48,,error
medium,106.2212,166.45,,error
medium,106.2218,166.30,,error
medium,106.2224,166.07,,error
medium,106.2230,165.84,,error
medium,106.2236,165.58,,error
medium,106.2242,165.29,,error
medium,106.2249,164.98,,error
high,106.2255,164.68,,error
high,106.2262,164.29,,error
high,106.2268,163.98,,error
low,106.1588,232.35,,error
low,106.2502,174.26,,error
medium,106.2546,170.18,,error
low,106.2528,172.37,,error
high,106.2325,197.14,,error
medium,106.2332,196.71,,error
medium,106.2338,196.38,,error
medium,106.2345,196.05,,error
medium,106.2357,195.09,,error
low,106.2363,194.75,,error
low,106.2382,193.16,,error
low,106.2389,192.80,,error
low,106.2398,192.21,,error
low,106.2404,191.86,,error
low,106.2414,191.16,,error
low,106.2421,190.79,,error
low,106.2427,190.46,,error
high,106.2312,202.25,,error
medium,106.2351,198.65,,error
medium,99.0336,7402.31,429,shed
low,89.6107,16825.14,200,ok
high,93.9512,12484.73,200,ok
low,96.8713,9578.53,429,shed
low,85.8904,20559.44,200,ok
low,96.9105,9539.39,429,shed
medium,106.4086,43.18,,error
medium,106.4093,42.88,,error
medium,106.4099,42.59,,error
medium,106.4105,42.29,,error
medium,106.4111,41.99,,error
medium,106.4119,41.45,,error
medium,106.4126,41.13,,error
medium,106.4132,40.82,,error
low,106.4138,40.52,,error
low,106.4144,40.20,,error
low,106.4150,39.88,,error
low,106.4156,39.60,,error
low,106.4162,39.29,,error
low,106.4169,38.97,,error
low,106.4175,38.65,,error
low,106.4181,38.31,,error
low,106.4187,38.00,,error
low,106.4195,37.52,,error
low,106.4201,37.97,,error
low,106.4208,37.71,,error
low,106.4214,37.40,,error
low,106.4220,37.09,,error
low,106.4226,36.78,,error
low,106.4232,36.46,,error
low,106.4359,24.06,,error
low,106.4373,22.93,,error
low,106.4382,22.39,,error
medium,106.4389,22.01,,error
medium,106.4395,21.67,,error
low,106.4475,18.44,,error
medium,96.7838,9684.44,200,ok
medium,98.3588,8109.47,429,shed
low,97.0912,9382.16,429,shed
low,86.2308,20242.52,200,ok
medium,91.7023,14771.07,200,ok
low,106.4639,11.50,,error
low,97.0533,9422.73,429,shed
medium,106.4685,9.21,,error
low,106.4907,3.45,,error
medium,106.5025,4.54,,error
low,106.5035,3.86,,error
high,106.5005,7.25,,error
low,106.5109,3.95,,error
low,97.8908,8625.63,429,shed
low,98.3520,8164.44,429,shed
low,98.6541,7863.25,429,shed
low,98.4482,8071.21,429,shed
low,89.6305,16896.73,200,ok
high,99.2011,7326.13,429,shed
medium,106.5544,3.44,,error
low,106.5554,2.82,,error
low,106.5607,2.72,,error
medium,94.6532,11911.64,200,ok
medium,94.7190,11845.88,200,ok
low,86.2826,20282.35,200,ok
low,89.7332,16835.55,200,ok
high,94.9506,11618.17,200,ok
medium,98.4395,8129.25,429,shed
low,89.6710,16897.82,200,ok
low,89.8652,16703.57,200,ok
low,106.6112,6.76,,error
medium,99.2033,7416.99,429,shed
low,106.6203,2.42,,error
medium,96.8839,9741.97,200,ok
medium,106.6344,2.91,,error
low,106.6404,3.11,,error
high,106.6507,5.86,,error
medium,106.6528,4.11,,error
low,106.6536,3.62,,error
low,106.6603,3.26,,error
low,106.6713,2.19,,error
medium,106.6682,5.56,,error
low,106.6809,3.70,,error
medium,106.6847,4.14,,error
low,106.6909,1.86,,error
medium,106.7034,3.20,,error
low,106.7052,1.76,,error
high,106.7013,5.96,,error
medium,99.2676,7447.41,429,shed
medium,106.7169,2.61,,error
low,106.7207,1.87,,error
medium,98.7169,8017.54,429,shed
medium,106.7345,3.30,,error
low,106.7402,2.33,,error
high,106.7507,4.92,,error
medium,106.7526,3.28,,error
low,106.7534,3.21,,error
medium,98.8029,7957.22,429,shed
medium,106.7678,2.82,,error
low,106.7706,2.89,,error
low,106.7806,2.91,,error
medium,106.7836,1.87,,error
low,106.7906,4.06,,error
low,89.8664,16939.37,200,ok
medium,99.3032,7502.63,429,shed
high,106.8008,6.97,,error
low,106.8104,3.19,,error
medium,98.8340,7982.22,429,shed
medium,94.8837,11938.29,200,ok
low,106.8307,4.13,,error
medium,106.8349,3.78,,error
low,106.8408,3.79,,error
high,106.8508,4.55,,error
medium,106.8528,5.81,,error
low,106.8537,5.19,,error
low,89.4535,17406.26,200,ok
medium,96.9527,9911.13,200,ok
medium,96.9835,9881.86,200,ok
medium,99.4538,7412.35,429,shed
low,98.3539,8512.25,429,shed
medium,98.9524,7916.68,429,shed
low,98.1307,8741.37,429,shed
medium,106.9027,3.03,,error
low,106.9035,2.55,,error
high,98.9502,7959.72,429,shed
medium,98.8536,8056.42,429,shed
high,91.7007,15209.29,200,ok
low,106.9306,3.26,,error
medium,106.9339,4.47,,error
low,86.4028,20535.61,200,ok
low,99.3807,7557.77,429,shed
medium,99.5029,7435.60,429,shed
low,98.6308,8311.43,429,shed
low,98.5407,8407.50,429,shed
medium,95.1345,11814.44,200,ok
medium,94.5172,12446.90,200,ok
medium,91.7339,15231.01,200,ok
low,94.8235,12142.25,429,shed
high,91.8005,15169.40,200,ok
low,99.5036,7585.74,429,shed
low,89.8799,17209.49,200,ok
medium,97.0523,10037.05,200,ok
low,99.4705,7618.92,429,shed
low,99.4907,7598.78,429,shed
low,98.6130,8476.47,429,shed
medium,94.9029,12186.59,200,ok
low,96.4259,10663.58,429,shed
medium,93.3525,13737.14,200,ok
medium,99.0839,8015.55,429,shed
low,88.5542,18545.29,200,ok
low,98.9076,8197.78,429,shed
low,98.1219,8983.54,429,shed
high,107.0964,13.59,,error
medium,107.0974,12.95,,error
medium,107.0980,12.62,,error
medium,107.0987,12.31,,error
low,107.0919,19.38,,error
medium,107.1071,7.86,,error
low,107.1082,7.06,,error
high,107.1058,9.79,,error
low,107.1126,4.40,,error
medium,107.1170,17.90,,error
medium,94.3677,12772.62,200,ok
low,107.1384,3.97,,error
medium,107.1396,3.15,,error
low,107.1405,2.48,,error
low,89.6408,17526.11,200,ok
low,95.4907,11676.31,429,shed
medium,107.1529,15.00,,error
low,107.1588,9.48,,error
high,107.1508,17.76,,error
medium,99.1117,8057.37,429,shed
medium,94.3024,12875.89,200,ok
low,89.4405,17738.99,200,ok
low,107.1906,3.17,,error
low,89.9203,17275.69,200,ok
medium,96.7344,10464.54,200,ok
low,98.3759,8823.01,429,shed
low,88.5709,18629.67,200,ok
low,98.8036,8396.98,429,shed
low,98.9147,8285.90,429,shed
low,107.2306,5.07,,error
medium,107.2337,2.51,,error
low,107.2404,2.83,,error
low,95.9298,11317.47,429,shed
medium,107.2521,2.69,,error
low,107.2529,2.22,,error
low,86.8407,20415.10,200,ok
low,87.5765,19686.98,200,ok
low,96.2020,11061.48,429,shed
low,89.0818,18199.44,200,ok
low,107.2816,5.63,,error
low,107.2907,2.86,,error
low,99.1313,8168.33,429,shed
low,99.1135,8187.29,429,shed
low,99.1540,8147.67,429,shed
low,99.1903,8111.43,429,shed
medium,107.3178,3.22,,error
low,107.3211,2.50,,error
low,107.3307,2.86,,error
medium,94.7346,12601.52,200,ok
low,96.6229,10717.36,429,shed
low,96.4267,10917.34,429,shed
low,107.3532,1.97,,error
medium,107.3523,3.31,,error
medium,93.0669,14289.98,200,ok
low,87.0103,20355.03,200,ok
medium,95.9276,11438.21,200,ok
low,107.3806,3.10,,error
medium,107.3838,2.63,,error
medium,94.7716,12625.08,200,ok
high,107.4005,4.86,,error
medium,107.4029,2.80,,error
low,107.4039,2.44,,error
low,107.4109,3.90,,error
low,107.4218,4.91,,error
medium,107.4169,10.38,,error
low,96.6913,10744.10,429,shed
high,99.7503,7685.09,429,shed
low,97.2504,10184.96,429,shed
low,107.4307,6.68,,error
low,88.8306,18607.40,200,ok
medium,96.1917,11254.04,200,ok
medium,99.6029,7845.81,429,shed
low,88.9530,18495.76,200,ok
low,88.4708,18984.10,200,ok
low,97.5912,9887.25,429,shed
low,99.0271,8451.35,429,shed
high,92.1009,15377.59,200,ok
low,99.5535,7925.54,429,shed
low,88.5603,19087.48,200,ok
medium,99.9343,7713.53,429,shed
high,99.9513,7696.52,429,shed
medium,100.0209,7626.95,429,shed
low,88.7109,18937.01,200,ok
low,90.0125,17635.35,200,ok
low,90.1824,17465.49,200,ok
medium,96.6211,11026.79,200,ok
medium,95.0675,12588.60,200,ok
medium,93.1105,14547.59,200,ok
low,86.1625,21503.10,200,ok
low,107.6381,27.97,,error
low,107.6387,27.68,,error
low,107.6394,27.20,,error
low,107.6400,26.89,,error
medium,107.6407,26.58,,error
medium,107.6413,26.27,,error
medium,107.6418,25.98,,error
medium,107.6437,24.39,,error
medium,107.6444,24.03,,error
medium,107.6450,23.71,,error
medium,107.6456,23.38,,error
high,107.6463,23.02,,error
high,107.6469,22.72,,error
low,107.6516,18.29,,error
low,107.6528,17.42,,error
low,107.6538,16.75,,error
medium,107.6545,16.33,,error
medium,107.6553,15.79,,error
high,107.6563,15.24,,error
medium,107.6727,3.94,,error
low,107.6740,2.91,,error
low,88.4210,19266.18,200,ok
low,86.3455,21342.31,200,ok
medium,95.8176,11870.76,200,ok
high,94.3504,13338.42,200,ok
medium,107.6853,4.34,,error
low,89.5604,18134.48,200,ok
low,107.7112,2.40,,error
high,93.2012,14512.92,200,ok
low,99.0305,8689.46,429,shed
low,99.0039,8716.70,429,shed
low,99.5107,8232.25,429,shed
low,89.6605,18082.52,200,ok
high,107.7522,46.57,,error
medium,107.7900,9.32,,error
low,107.7920,7.68,,error
low,107.7997,7.27,,error
low,107.8011,6.21,,error
low,107.8023,5.32,,error
low,107.8033,4.59,,error
medium,107.8039,4.24,,error
medium,107.8046,3.87,,error
low,88.2166,19595.40,200,ok
medium,94.4336,13378.48,200,ok
medium,100.2029,7609.18,429,shed
high,95.2006,12612.91,200,ok
medium,107.8170,2.57,,error
low,107.8242,2.52,,error
low,107.8308,2.47,,error
medium,107.8357,3.06,,error
low,107.8415,3.54,,error
medium,93.5027,14358.14,200,ok
low,107.8581,4.78,,error
low,107.8609,2.42,,error
medium,107.8534,10.21,,error
medium,107.8675,8.02,,error
low,107.8704,5.66,,error
medium,107.8868,3.65,,error
low,107.8843,6.55,,error
low,107.8909,5.87,,error
medium,107.9030,6.71,,error
low,107.9046,5.61,,error
high,107.9010,9.55,,error
low,107.9106,2.96,,error
medium,95.3337,12587.35,200,ok
medium,107.9177,7.26,,error
low,107.9305,3.73,,error
medium,107.9343,3.57,,error
low,107.9410,4.20,,error
high,93.7010,14245.39,200,ok
medium,107.9530,4.51,,error
low,107.9546,3.27,,error
low,107.9604,3.62,,error
medium,107.9672,3.61,,error
low,107.9709,2.93,,error
low,99.9594,8023.96,429,shed
low,107.9819,3.58,,error
medium,95.1178,12868.85,200,ok
medium,108.0033,7.90,,error
low,108.0045,7.05,,error
high,108.0012,10.71,,error
low,108.0119,2.16,,error
low,108.0238,2.42,,error
medium,108.0173,10.55,,error
low,108.0310,3.10,,error
medium,108.0341,1.82,,error
low,108.0411,3.76,,error
low,90.2626,17782.91,200,ok
low,91.0405,17007.82,200,ok
medium,95.4036,12645.87,200,ok
low,89.6537,18402.41,200,ok
medium,108.0672,3.72,,error
low,108.0709,3.66,,error
low,108.0808,4.29,,error
medium,108.0851,2.87,,error
low,89.6811,18413.25,200,ok
high,108.1007,5.93,,error
medium,108.1030,3.88,,error
low,108.1047,2.55,,error
low,108.1104,2.53,,error
high,100.3508,7766.08,429,shed
medium,96.7185,11401.50,200,ok
low,108.1305,4.39,,error
medium,108.1349,2.99,,error
low,108.1410,3.72,,error
low,90.1781,17971.65,200,ok
medium,100.3024,7848.34,429,shed
low,108.1529,2.85,,error
low,108.1609,3.80,,error
medium,96.7670,11398.31,200,ok
low,108.1709,3.70,,error
low,108.1808,3.14,,error
medium,108.1840,1.57,,error
low,108.1907,2.94,,error
medium,108.2031,2.97,,error
low,108.2046,1.84,,error
high,108.2009,5.86,,error
low,100.1708,8042.21,429,shed
medium,108.2170,8.60,,error
low,108.2209,5.03,,error
low,108.2311,3.27,,error
medium,108.2344,1.59,,error
low,108.2411,2.57,,error
high,108.2509,5.67,,error
medium,108.2529,3.98,,error
low,108.2536,3.53,,error
low,108.2603,2.22,,error
medium,108.2675,3.15,,error
low,108.2707,1.74,,error
low,108.2804,3.33,,error
medium,108.2837,2.79,,error
low,108.2907,2.94,,error
high,108.3008,6.37,,error
medium,108.3029,4.61,,error
low,108.3043,3.52,,error
low,108.3109,3.69,,error
medium,108.3177,2.88,,error
low,108.3206,2.89,,error
low,108.3307,3.79,,error
medium,108.3345,1.99,,error
low,108.3406,3.59,,error
medium,100.4202,7930.45,429,shed
medium,108.3526,4.27,,error
low,108.3536,3.62,,error
low,108.3607,4.03,,error
medium,108.3678,3.31,,error
low,108.3712,2.33,,error
low,108.3806,3.90,,error
medium,108.3846,4.14,,error
low,108.3908,2.83,,error
high,108.4009,6.82,,error
medium,108.4032,4.82,,error
low,108.4048,3.54,,error
low,108.4105,3.17,,error
medium,108.4178,3.78,,error
low,99.5210,8905.17,429,shed
low,99.6805,8745.68,429,shed
medium,100.0524,8375.21,429,shed
low,99.7805,8647.10,429,shed
medium,100.6815,7762.30,429,shed
low,108.4547,3.73,,error
high,108.4508,7.99,,error
low,108.4606,3.14,,error
medium,95.0050,13465.65,200,ok
low,89.4805,18990.14,200,ok
low,89.2308,19243.43,200,ok
low,99.9911,8483.23,429,shed
low,100.0225,8451.79,429,shed
medium,108.5031,6.43,,error
low,108.5060,4.06,,error
high,108.5008,9.69,,error
medium,97.0842,11430.80,200,ok
medium,108.5168,2.98,,error
low,108.5209,2.55,,error
low,108.5306,4.30,,error
medium,108.5350,2.73,,error
low,108.5405,3.92,,error
low,89.3906,19153.86,200,ok
medium,108.5531,4.99,,error
low,108.5547,3.72,,error
low,108.5610,3.69,,error
medium,108.5678,3.01,,error
low,108.5709,2.74,,error
low,108.5812,20.59,,error
low,100.3610,8249.69,429,shed
low,89.5705,19040.23,200,ok
medium,97.8535,10757.26,200,ok
high,108.6085,8.55,,error
medium,108.6097,7.82,,error
low,108.6113,6.50,,error
high,94.5513,14066.53,200,ok
medium,100.4344,8183.50,429,shed
low,89.8640,18769.54,200,ok
low,88.7802,19855.75,200,ok
medium,95.1675,13472.80,200,ok
high,108.6508,6.89,,error
medium,108.6532,4.95,,error
low,108.6547,3.75,,error
low,89.8423,18817.30,200,ok
low,89.7138,18945.76,200,ok
medium,108.6679,5.72,,error
low,108.6812,7.63,,error
medium,108.6838,5.59,,error
low,108.6905,3.16,,error
high,108.7009,6.85,,error
medium,108.7033,4.96,,error
low,108.7049,3.68,,error
low,108.7107,3.94,,error
medium,108.7178,3.41,,error
low,108.7213,2.37,,error
medium,95.3678,13360.37,200,ok
high,94.8509,13878.18,200,ok
low,90.1775,18559.31,200,ok
high,96.4220,12322.56,200,ok
medium,108.7539,6.19,,error
low,108.7556,4.96,,error
low,108.7607,3.93,,error
medium,95.8335,12933.31,200,ok
low,108.7712,3.50,,error
low,90.4911,18284.14,200,ok
medium,108.7834,2.02,,error
low,108.7906,2.95,,error
low,91.4733,17333.23,200,ok
high,108.8005,7.44,,error
low,108.8034,5.08,,error
low,108.8109,3.61,,error
medium,108.8176,2.89,,error
low,108.8205,2.05,,error
low,88.5207,20312.64,200,ok
medium,108.8342,2.91,,error
low,108.8405,3.10,,error
low,89.7154,19156.47,200,ok
high,108.8509,21.32,,error
medium,108.8530,19.56,,error
low,108.8540,18.84,,error
low,89.1810,19691.91,200,ok
low,89.3308,19542.14,200,ok
low,88.4405,20432.46,200,ok
low,89.0703,19802.63,200,ok
low,88.7703,20106.84,200,ok
low,88.3255,20551.74,200,ok
low,89.6912,19189.06,200,ok
low,88.2230,20657.33,200,ok
medium,97.0024,11877.94,200,ok
low,91.7309,17149.43,200,ok
medium,96.9675,11922.94,200,ok
low,91.5302,17362.60,200,ok
low,100.6899,8217.82,429,shed
low,108.9403,3.51,,error
medium,108.9533,4.94,,error
low,108.9548,3.81,,error
high,108.9510,7.94,,error
low,108.9611,3.68,,error
low,100.6929,8276.79,429,shed
low,108.9713,3.57,,error
low,108.9811,4.66,,error
medium,108.9858,3.95,,error
low,91.8026,17191.67,200,ok
high,96.9514,12042.92,200,ok
low,108.9908,3.85,,error
low,109.0045,8.79,,error
low,109.0106,4.60,,error
medium,109.0173,2.35,,error
low,109.0208,2.56,,error
low,109.0305,2.94,,error
medium,109.0335,2.15,,error
low,109.0406,3.25,,error
low,90.0055,19039.06,200,ok
low,109.0546,3.18,,error
high,109.0507,16.27,,error
low,89.7276,19343.22,200,ok
low,109.0727,3.21,,error
low,109.0688,8.87,,error
medium,97.0336,12044.71,200,ok
medium,109.0846,2.58,,error
low,90.4103,18679.13,200,ok
medium,109.1031,4.61,,error
low,109.1053,2.83,,error
high,109.1008,7.68,,error
low,89.9704,19143.71,200,ok
medium,109.1172,6.07,,error
low,109.1207,2.95,,error
medium,96.6167,12507.64,200,ok
medium,109.1336,4.21,,error
low,109.1409,3.24,,error
low,89.9905,19157.73,200,ok
low,89.8815,19268.19,200,ok
low,90.0206,19135.56,200,ok
low,90.9209,18235.88,200,ok
low,100.6935,8471.23,429,shed
low,91.0104,18160.50,200,ok
medium,96.3677,12803.21,200,ok
low,91.0734,18098.15,200,ok
low,100.4224,8751.36,429,shed
low,90.6847,18489.59,200,ok
high,97.0004,12186.90,200,ok
medium,96.3351,12858.78,200,ok
low,109.2103,3.47,,error
medium,109.2178,6.20,,error
low,90.6886,18537.89,200,ok
low,100.7157,8513.42,429,shed
low,100.7139,8516.27,429,shed
low,89.8670,19365.66,200,ok
low,100.7230,8515.25,429,shed
low,109.2547,2.82,,error
medium,109.2533,4.60,,error
low,109.2622,2.64,,error
medium,109.2672,2.56,,error
medium,97.1047,12169.37,200,ok
high,101.0001,8276.97,429,shed
low,89.8786,19400.24,200,ok
low,90.8816,18406.52,200,ok
medium,100.6827,8625.89,429,shed
medium,109.3055,5.35,,error
high,109.3017,9.55,,error
low,109.3112,2.82,,error
low,109.3233,4.48,,error
medium,109.3182,10.00,,error
low,109.3303,3.14,,error
medium,109.3335,2.43,,error
low,109.3411,3.87,,error
high,109.3513,7.19,,error
medium,109.3539,4.96,,error
low,109.3554,3.80,,error
low,109.3604,2.70,,error
medium,109.3672,2.42,,error
low,109.3707,2.28,,error
low,99.7412,9643.15,429,shed
low,109.3823,6.04,,error
low,109.3909,3.15,,error
high,109.4006,6.15,,error
medium,109.4029,4.26,,error
low,109.4045,3.12,,error
low,109.4107,2.85,,error
medium,109.4177,2.54,,error
low,109.4203,2.24,,error
low,109.4302,3.02,,error
medium,109.4343,3.33,,error
low,109.4408,2.87,,error
medium,95.9264,13524.46,200,ok
low,100.7132,8743.06,429,shed
high,109.4509,8.07,,error
low,101.4565,8005.86,429,shed
medium,109.4677,3.07,,error
low,109.4708,1.69,,error
low,109.4810,3.79,,error
medium,109.4848,1.71,,error
low,109.4907,3.19,,error
low,89.8793,19618.07,200,ok
low,89.4703,20037.46,200,ok
low,89.1312,20376.64,200,ok
low,89.0605,20447.33,200,ok
medium,100.6845,8828.65,429,shed
low,100.9542,8566.70,429,shed
low,89.9826,19541.82,200,ok
low,89.5308,19993.78,200,ok
low,89.8695,19655.76,200,ok
medium,96.6194,12907.20,200,ok
low,109.5597,5.18,,error
low,109.5619,3.35,,error
medium,109.5579,7.67,,error
medium,109.5672,1.77,,error
low,109.5712,2.06,,error
low,89.8682,19715.62,200,ok
low,100.7606,8823.27,429,shed
low,90.5209,19065.36,200,ok
high,109.6013,8.76,,error
medium,109.6035,6.98,,error
low,109.6050,6.57,,error
medium,98.1879,11426.38,200,ok
medium,98.4838,11130.47,200,ok
low,109.6214,2.53,,error
medium,101.4699,8165.27,429,shed
medium,109.6352,3.56,,error
low,109.6406,2.99,,error
low,101.0610,8583.43,429,shed
medium,109.6528,4.26,,error
low,109.6542,3.15,,error
low,109.6609,1.87,,error
medium,109.6669,2.80,,error
low,109.6708,2.38,,error
low,88.6810,20994.83,200,ok
medium,100.7074,8968.49,429,shed
high,95.3505,14325.40,200,ok
low,89.2528,20423.56,200,ok
high,96.1904,13493.78,200,ok
medium,98.5856,11098.62,200,ok
low,109.7142,3.77,,error
medium,109.7180,1.51,,error
low,109.7207,1.82,,error
medium,101.4802,8253.71,429,shed
low,109.7307,6.11,,error
low,109.7403,3.31,,error
medium,109.7529,4.10,,error
low,109.7544,2.94,,error
high,109.7508,6.85,,error
low,109.7613,2.84,,error
medium,109.7673,3.67,,error
low,109.7710,1.84,,error
low,90.6880,19087.61,200,ok
medium,101.4809,8300.12,429,shed
low,109.7908,3.30,,error
high,109.8003,4.58,,error
medium,109.8024,2.83,,error
low,109.8033,2.23,,error
low,101.4577,8350.07,429,shed
low,91.1630,18647.75,200,ok
medium,100.7238,9091.62,429,shed
low,89.3807,20434.74,200,ok
low,101.3106,8506.75,429,shed
low,89.2608,20558.38,200,ok
low,89.5422,20277.60,200,ok
low,90.8771,18980.89,200,ok
high,109.8524,7.61,,error
low,109.8603,2.41,,error
low,90.5310,19334.42,200,ok
low,109.8707,2.65,,error
low,109.8806,3.26,,error
low,101.4821,8404.39,429,shed
low,109.8908,4.04,,error
high,109.9011,6.47,,error
medium,109.9034,4.61,,error
low,109.9050,3.38,,error
low,109.9105,3.15,,error
medium,109.9190,4.87,,error
low,109.9214,2.96,,error
low,109.9308,15.30,,error
medium,109.9413,5.52,,error
low,109.9439,3.65,,error
high,109.9508,6.41,,error
medium,109.9525,5.09,,error
low,109.9538,4.09,,error
low,109.9613,2.77,,error
medium,109.9672,4.53,,error
low,109.9718,2.72,,error
medium,109.9870,2.79,,error
low,109.9807,9.54,,error
low,109.9903,4.37,,error
medium,99.1532,10845.19,200,ok
medium,101.5170,8482.91,429,shed
low,90.8810,19119.57,200,ok
low,90.8788,19126.38,200,ok
medium,110.0178,8.91,,error
low,110.0202,7.05,,error
low,91.2302,18803.14,200,ok
medium,101.4693,8568.05,429,shed
low,101.4635,8574.65,429,shed
medium,93.9678,16079.90,200,ok
medium,100.7080,9340.55,429,shed
medium,101.9417,8114.81,429,shed
medium,101.9401,8118.59,429,shed
medium,110.0669,3.86,,error
low,110.0708,2.32,,error
medium,110.0844,2.64,,error
low,110.0812,7.40,,error
low,110.0907,2.70,,error
medium,101.9366,8171.02,429,shed
medium,110.1031,10.87,,error
low,110.1049,9.49,,error
low,110.1115,3.85,,error
medium,110.1175,3.39,,error
low,90.6829,19440.36,200,ok
medium,110.1341,3.10,,error
low,110.1315,6.15,,error
medium,101.9441,8196.91,429,shed
medium,101.9423,8200.82,429,shed
medium,99.0530,11092.56,200,ok
high,110.1508,6.27,,error
low,110.1608,2.75,,error
medium,110.1676,8.05,,error
low,110.1725,3.62,,error
medium,101.9435,8244.86,429,shed
low,91.6706,18517.76,200,ok
low,101.4652,8723.23,429,shed
low,110.1822,6.66,,error
high,101.5546,8635.25,429,shed
high,110.2005,19.47,,error
medium,110.2109,9.56,,error
low,110.2207,2.22,,error
medium,110.2176,6.85,,error
low,110.2333,4.99,,error
medium,110.2358,2.96,,error
low,110.2409,1.99,,error
high,110.2511,4.22,,error
medium,110.2532,2.39,,error
low,110.2540,1.95,,error
low,110.2608,3.10,,error
medium,110.2673,3.57,,error
low,110.2709,1.69,,error
low,110.2813,7.70,,error
medium,110.2837,5.88,,error
low,110.2907,2.00,,error
medium,99.7523,10546.71,200,ok
low,110.3050,2.23,,error
high,110.3012,6.36,,error
low,110.3111,3.17,,error
low,110.3203,2.29,,error
medium,110.3175,5.48,,error
medium,110.3338,2.92,,error
low,110.3311,5.88,,error
low,110.3412,4.27,,error
high,110.3507,10.28,,error
medium,110.3528,8.48,,error
low,110.3541,7.49,,error
low,91.7604,18601.30,200,ok
medium,97.8685,12493.20,200,ok
medium,97.6342,12727.58,200,ok
medium,100.7360,9625.73,429,shed
medium,110.3835,3.32,,error
low,110.3910,3.64,,error
medium,110.4034,4.20,,error
low,110.4045,3.45,,error
high,110.4009,7.38,,error
low,110.4104,3.23,,error
medium,110.4177,3.70,,error
low,110.4215,3.05,,error
low,110.4307,2.85,,error
medium,110.4336,2.15,,error
high,98.0510,12392.22,200,ok
high,110.4509,5.77,,error
medium,110.4530,3.99,,error
low,110.4539,3.38,,error
low,110.4604,4.24,,error
medium,110.4678,3.31,,error
low,110.4711,3.45,,error
high,101.9856,8501.02,429,shed
medium,99.9838,10503.43,200,ok
low,110.4907,3.99,,error
medium,98.1171,12379.79,200,ok
medium,97.0673,13437.95,200,ok
medium,110.5025,3.43,,error
low,91.7030,18803.38,200,ok
medium,110.5175,3.16,,error
low,110.5207,2.82,,error
low,110.5307,3.88,,error
medium,110.5346,3.98,,error
low,110.5407,3.89,,error
medium,110.5527,3.78,,error
low,110.5535,3.37,,error
high,110.5508,6.39,,error
low,110.5603,2.37,,error
medium,110.5678,3.82,,error
low,110.5717,2.85,,error
medium,110.5846,3.01,,error
low,110.5807,7.27,,error
low,110.5911,3.53,,error
medium,110.6028,3.75,,error
low,110.6037,3.20,,error
high,110.6008,6.40,,error
low,110.6103,2.71,,error
medium,110.6172,3.89,,error
low,110.6211,3.46,,error
low,110.6308,2.81,,error
medium,110.6336,2.94,,error
low,110.6407,4.01,,error
high,110.6510,5.75,,error
medium,110.6531,3.96,,error
low,110.6541,3.25,,error
low,110.6605,4.34,,error
medium,110.6670,3.75,,error
low,110.6707,4.05,,error
medium,101.4713,9212.37,429,shed
medium,102.2811,8402.57,429,shed
medium,94.9672,15719.51,200,ok
medium,101.9388,8748.03,429,shed
low,100.8406,9860.06,429,shed
low,100.7811,9924.54,429,shed
low,110.7029,3.11,,error
medium,110.7169,3.92,,error
low,110.7208,2.77,,error
low,110.7308,3.98,,error
medium,110.7348,3.85,,error
low,110.7408,3.87,,error
high,110.7509,4.73,,error
low,110.7539,3.69,,error
medium,110.7530,4.91,,error
low,110.7610,3.62,,error
medium,110.7678,3.41,,error
low,110.7712,3.41,,error
low,110.7808,3.81,,error
medium,110.7846,2.33,,error
low,100.5322,10260.85,429,shed
medium,110.8030,3.58,,error
low,110.8039,3.00,,error
high,110.8009,6.28,,error
low,110.8103,3.30,,error
medium,110.8178,2.97,,error
low,100.8936,9929.39,429,shed
medium,101.4686,9354.98,429,shed
low,100.8805,9943.51,429,shed
low,110.8414,3.40,,error
medium,110.8531,3.44,,error
low,110.8540,2.88,,error
high,110.8510,6.17,,error
low,110.8612,5.62,,error
medium,110.8669,3.75,,error
low,110.8707,1.88,,error
low,110.8803,3.54,,error
medium,110.8839,5.42,,error
low,110.8912,3.55,,error
medium,110.9032,4.26,,error
low,110.9047,3.12,,error
high,110.9009,7.59,,error
low,110.9107,3.25,,error
medium,110.9170,3.65,,error
low,110.9207,2.46,,error
low,110.9307,5.24,,error
medium,110.9360,2.61,,error
low,110.9407,3.91,,error
low,90.8803,20074.63,200,ok
low,110.9535,3.24,,error
high,110.9508,6.29,,error
low,110.9606,2.54,,error
medium,110.9672,3.46,,error
low,110.9707,1.80,,error
low,110.9806,3.78,,error
medium,110.9845,3.04,,error
low,110.9906,2.95,,error
high,101.4789,9515.47,429,shed
low,101.0203,9977.70,429,shed
low,101.1607,9837.35,429,shed
low,101.0410,9957.06,429,shed
medium,111.0178,3.54,,error
low,111.0213,2.14,,error
low,111.0306,5.14,,error
medium,111.0358,2.23,,error
low,111.0412,2.34,,error
medium,100.0836,10971.05,200,ok
low,111.0533,3.47,,error
high,111.0507,6.39,,error
low,111.0605,4.13,,error
high,100.9006,10165.33,429,shed
low,111.0703,3.28,,error
low,111.0808,2.86,,error
medium,111.0837,1.88,,error
low,111.0907,2.99,,error
high,111.1006,4.22,,error
medium,111.1026,2.48,,error
low,111.1034,2.00,,error
low,111.1106,3.73,,error
medium,111.1175,2.47,,error
low,90.6822,20440.72,200,ok
low,111.1309,3.49,,error
medium,111.1344,2.13,,error
low,111.1407,2.99,,error
medium,111.1530,3.63,,error
low,111.1539,3.03,,error
high,111.1509,6.36,,error
medium,99.5177,11641.03,200,ok
low,101.4625,9700.98,429,shed
low,101.2529,9910.62,429,shed
low,101.4644,9699.16,429,shed
low,101.5739,9590.37,429,shed
high,101.4673,9726.59,429,shed
low,91.0040,20189.92,200,ok
medium,111.2029,3.23,,error
low,111.2037,2.80,,error
medium,100.7838,10424.89,200,ok
medium,98.6679,12551.52,200,ok
low,101.6133,9606.23,429,shed
low,111.2307,6.32,,error
medium,111.2371,2.53,,error
low,111.2408,3.90,,error
low,92.2808,18969.03,200,ok
medium,98.0684,13181.42,200,ok
low,111.2540,2.94,,error
low,111.2606,4.15,,error
low,94.6911,16578.48,200,ok
medium,102.6336,8637.62,429,shed
medium,100.9839,10294.86,429,shed
high,98.0004,13279.70,200,ok
medium,99.6836,11597.23,200,ok
medium,111.3029,3.73,,error
low,111.3045,2.55,,error
medium,102.5030,8804.95,429,shed
high,111.3009,7.54,,error
medium,111.3178,4.03,,error
low,111.3219,3.90,,error
low,111.3310,3.90,,error
medium,111.3349,3.10,,error
medium,99.5521,11790.50,200,ok
medium,100.8178,10528.11,200,ok
high,99.5507,11796.15,200,ok
high,111.3510,8.05,,error
low,111.3607,2.92,,error
medium,111.3678,2.96,,error
low,111.3708,2.10,,error
medium,102.7547,8619.08,429,shed
low,94.5809,16793.56,200,ok
low,111.3909,4.03,,error
high,111.4014,6.32,,error
medium,111.4036,8.26,,error
low,111.4054,6.91,,error
low,111.4126,2.98,,error
medium,111.4177,2.48,,error
low,111.4203,2.23,,error
medium,100.5225,10907.01,200,ok
low,102.2817,9155.15,429,shed
medium,98.7058,12731.06,200,ok
high,111.4507,4.92,,error
medium,111.4528,3.19,,error
low,111.4536,2.66,,error
medium,97.5674,13890.76,200,ok
medium,97.1427,14323.98,200,ok
low,111.4708,2.13,,error
medium,111.4835,3.21,,error
low,111.4811,5.95,,error
low,111.4912,2.87,,error
high,111.5003,6.31,,error
medium,111.5024,4.57,,error
low,111.5037,3.53,,error
low,111.5104,2.11,,error
medium,111.5171,2.17,,error
low,111.5204,1.83,,error
low,94.8542,16670.19,200,ok
medium,102.8030,8722.01,429,shed
low,93.6306,17906.08,200,ok
high,111.5506,4.86,,error
medium,111.5526,3.19,,error
low,111.5534,2.66,,error
low,111.5612,2.37,,error
medium,111.5677,3.25,,error
medium,102.3678,9203.99,429,shed
medium,102.4191,9154.30,429,shed
low,102.2829,9292.27,429,shed
low,94.8817,16694.76,200,ok
medium,103.2162,8360.25,429,shed
low,102.3607,9227.62,429,shed
low,89.9106,21697.66,200,ok
medium,102.3842,9224.09,429,shed
medium,111.6175,3.49,,error
low,111.6210,2.62,,error
low,111.6308,3.78,,error
low,102.4214,9218.40,429,shed
low,102.3704,9270.56,429,shed
medium,99.9573,11686.12,200,ok
high,102.8009,8846.04,429,shed
medium,101.9407,9706.24,429,shed
low,91.1646,20485.05,200,ok
medium,101.0183,10638.66,200,ok
low,94.8347,16822.25,200,ok
medium,103.2149,8442.98,429,shed
low,102.4627,9208.07,429,shed
low,102.4902,9183.14,429,shed
low,93.6539,18039.55,200,ok
low,102.8431,8864.21,429,shed
medium,101.2520,10455.33,200,ok
low,111.7104,2.31,,error
medium,111.7169,3.16,,error
low,111.7211,3.45,,error
medium,103.2170,8511.22,429,shed
low,102.5040,9226.63,429,shed
medium,101.0841,10646.58,200,ok
medium,99.0018,12728.87,200,ok
low,102.8039,8926.78,429,shed
low,92.4112,19320.07,200,ok
medium,102.4269,9313.45,429,shed
low,91.9806,19760.33,200,ok
low,100.1405,11602.65,429,shed
medium,102.8671,8878.93,429,shed
high,103.2252,8533.73,429,shed
low,102.8812,8900.16,429,shed
low,102.9930,8788.39,429,shed
low,93.3532,18431.92,200,ok
low,93.6920,18093.12,200,ok
low,102.8608,8924.34,429,shed
low,93.7303,18068.41,200,ok
low,93.6612,18137.58,200,ok
high,98.9008,12904.76,200,ok
low,103.2218,8605.15,429,shed
high,98.8014,13027.35,200,ok
medium,98.9170,12923.09,200,ok
low,102.4363,9422.29,429,shed
high,102.5009,9357.68,429,shed
medium,102.4670,9391.62,429,shed
low,102.9212,8938.41,429,shed
low,111.8703,2.11,,error
medium,102.9176,8955.63,429,shed
medium,111.8838,4.55,,error
low,111.8922,3.52,,error
high,111.9013,5.35,,error
medium,111.9031,3.85,,error
low,111.9045,2.81,,error
high,99.0004,12912.34,200,ok
low,103.0708,8846.49,429,shed
low,111.9208,3.43,,error
low,91.6207,20309.22,200,ok
high,99.5014,12431.56,200,ok
medium,99.0255,12909.98,200,ok
low,103.2246,8710.97,429,shed
medium,99.4672,12468.38,200,ok
medium,100.7092,11229.54,200,ok
low,103.2206,8718.10,429,shed
medium,100.1342,11804.55,200,ok
low,93.2102,18732.67,200,ok
medium,99.7022,12240.65,200,ok
low,102.5537,9395.91,429,shed
low,95.1603,16816.05,200,ok
low,91.5112,20475.32,200,ok
high,99.4524,12536.80,200,ok
low,93.4610,18528.85,200,ok
low,112.0106,2.77,,error
medium,103.4518,8562.85,429,shed
low,103.2200,8795.32,429,shed
medium,103.2182,8800.80,429,shed
low,94.9037,17118.87,200,ok
medium,99.1344,12894.53,200,ok
high,103.2258,8803.15,429,shed
medium,112.0527,7.27,,error
low,112.0540,6.32,,error
low,112.0605,3.62,,error
medium,112.0672,2.35,,error
low,112.0706,1.78,,error
medium,112.0835,2.73,,error
low,112.0811,5.43,,error
low,112.0912,3.52,,error
medium,100.7086,11399.64,200,ok
medium,103.3893,8719.48,429,shed
low,102.7109,9421.44,429,shed
low,95.3534,16791.27,200,ok
low,95.2603,16884.40,200,ok
medium,101.3177,10826.96,200,ok
low,91.9406,20208.42,200,ok
low,95.4605,16688.61,200,ok
high,100.0505,12098.68,200,ok
low,95.6768,16472.37,200,ok
medium,99.5342,12626.67,200,ok
medium,99.6669,12494.00,200,ok
low,112.1612,3.07,,error
low,93.8804,18286.17,200,ok
low,112.1704,11.88,,error
high,103.6004,8581.97,429,shed
medium,103.6529,8529.46,429,shed
low,92.3412,19841.27,200,ok
low,92.3102,19872.22,200,ok
low,92.6554,19527.09,200,ok
low,102.7561,9427.23,429,shed
low,92.5709,19623.24,200,ok
high,103.7585,8462.12,429,shed
low,112.2245,3.62,,error
low,95.8312,16396.99,200,ok
medium,100.6876,11542.33,200,ok
low,91.8412,20395.46,200,ok
high,100.7067,11550.98,200,ok
high,100.6561,11602.18,200,ok
medium,112.2527,7.60,,error
low,112.2605,2.80,,error
low,92.5537,19713.23,200,ok
low,103.4526,8816.88,429,shed
low,112.2807,6.28,,error
medium,112.2871,2.81,,error
high,101.0506,11243.63,200,ok
low,112.2910,3.71,,error
low,95.8948,16400.89,200,ok
low,112.3039,8.41,,error
low,112.3104,3.23,,error
low,103.4904,8833.10,429,shed
low,103.6304,8693.12,429,shed
medium,103.9034,8423.31,429,shed
low,103.4805,8846.20,429,shed
low,112.3203,7.28,,error
medium,112.3173,10.55,,error
low,93.9703,18363.31,200,ok
low,95.9308,16431.03,200,ok
low,92.7509,19614.45,200,ok
high,112.3512,14.65,,error
low,92.6619,19707.43,200,ok
low,112.3805,2.89,,error
medium,112.3835,3.08,,error
low,93.8154,18578.27,200,ok
high,112.4009,5.40,,error
medium,112.4030,3.60,,error
low,112.4039,3.03,,error
low,92.7677,19641.90,200,ok
low,92.7716,19638.05,200,ok
low,92.7648,19644.83,200,ok
low,92.7690,19651.80,200,ok
high,99.7008,12720.62,200,ok
low,112.4410,3.71,,error
high,112.4512,4.29,,error
medium,112.4533,2.55,,error
low,112.4541,2.05,,error
low,112.4603,3.39,,error
medium,103.6353,8835.47,429,shed
medium,100.1857,12286.54,200,ok
low,92.9310,19541.24,200,ok
low,92.9721,19500.15,200,ok
medium,100.8528,11624.20,200,ok
low,94.2806,18196.36,200,ok
low,93.9907,18486.27,200,ok
medium,99.8329,12654.40,200,ok
medium,100.7529,11743.53,200,ok
medium,112.5169,4.14,,error
low,112.5211,3.69,,error
medium,103.7595,8771.54,429,shed
low,112.5311,9.17,,error
high,104.6010,7939.29,429,shed
high,112.5504,4.14,,error
medium,112.5525,2.34,,error
low,112.5532,1.93,,error
low,112.5604,3.32,,error
low,112.5704,2.18,,error
medium,112.5678,5.04,,error
low,104.5114,8062.21,429,shed
medium,112.5840,2.72,,error
low,95.9288,16661.65,200,ok
medium,100.0679,12526.96,200,ok
low,93.0806,19514.73,200,ok
high,112.6004,5.24,,error
low,112.6110,3.50,,error
low,94.3536,18269.60,200,ok
low,94.1537,18470.83,200,ok
low,103.8406,8783.92,429,shed
low,112.6310,7.96,,error
low,112.6405,5.50,,error
medium,100.1031,12555.76,200,ok
medium,112.6546,5.13,,error
low,112.6564,3.73,,error
high,112.6514,11.87,,error
low,95.9544,16715.90,200,ok
low,95.9409,16730.46,200,ok
low,112.6802,4.02,,error
medium,112.6843,3.26,,error
medium,104.8339,7858.28,429,shed
low,93.1604,19531.86,200,ok
low,93.1417,19550.54,200,ok
low,104.8204,7871.83,429,shed
low,93.1111,19583.72,200,ok
medium,112.7169,3.52,,error
low,112.7205,2.50,,error
low,112.7312,6.26,,error
medium,112.7338,4.09,,error
low,112.7410,3.81,,error
medium,112.7533,10.25,,error
low,112.7588,5.10,,error
low,112.7611,3.16,,error
high,112.7510,13.49,,error
medium,112.7677,3.10,,error
low,112.7708,2.70,,error
medium,100.1670,12613.42,200,ok
medium,100.6786,12104.48,200,ok
low,93.2209,19562.18,200,ok
low,103.2528,9536.25,429,shed
low,95.2902,17508.56,200,ok
high,100.7511,12056.45,200,ok
low,103.3919,9415.75,429,shed
medium,100.7679,12039.78,200,ok
medium,103.6018,9205.84,429,shed
medium,112.8338,5.03,,error
low,112.8312,8.04,,error
low,112.8404,2.66,,error
high,112.8511,7.67,,error
medium,112.8535,5.72,,error
low,112.8556,3.95,,error
low,112.8607,2.92,,error
medium,112.8678,6.03,,error
low,112.8702,4.03,,error
low,112.8804,3.86,,error
medium,112.8843,3.78,,error
low,112.8903,3.85,,error
low,93.3205,19580.01,200,ok
low,112.9054,2.42,,error
high,112.9006,7.51,,error
high,100.3003,12609.67,200,ok
low,95.1210,17832.23,200,ok
low,95.0481,17905.17,200,ok
low,112.9480,10.94,,error
low,112.9487,10.71,,error
low,112.9493,10.36,,error
high,112.9543,6.28,,error
medium,112.9562,4.64,,error
low,112.9570,4.16,,error
low,93.5706,19391.12,200,ok
medium,112.9759,4.19,,error
low,112.9779,2.46,,error
medium,112.9919,2.91,,error
low,112.9866,8.55,,error
low,112.9952,5.26,,error
high,113.0005,3.37,,error
medium,113.0019,2.34,,error
low,113.0027,1.86,,error
low,113.0113,4.79,,error
medium,113.0172,3.10,,error
low,113.0204,2.11,,error
low,113.0307,4.00,,error
medium,113.0347,3.27,,error
low,113.0411,4.66,,error
high,113.0510,4.45,,error
medium,113.0530,2.76,,error
low,113.0538,2.17,,error
low,113.0612,2.56,,error
medium,113.0669,2.37,,error
low,113.0704,1.93,,error
low,113.0805,2.83,,error
medium,113.0844,1.93,,error
low,113.0905,2.25,,error
high,113.1010,6.50,,error
medium,113.1033,4.56,,error
low,113.1049,3.33,,error
low,113.1103,2.59,,error
medium,113.1171,2.69,,error
low,113.1209,2.12,,error
low,95.6465,17488.37,200,ok
medium,100.8674,12267.54,200,ok
low,113.1307,4.68,,error
medium,113.1556,7.26,,error
low,113.1594,3.86,,error
high,113.1533,10.28,,error
low,113.1612,2.88,,error
medium,113.1672,2.09,,error
low,113.1704,2.27,,error
low,93.5212,19652.02,200,ok
medium,103.2188,9965.66,429,shed
low,113.1902,3.24,,error
medium,101.9395,11255.27,200,ok
medium,100.9027,12292.09,200,ok
high,113.2010,6.16,,error
low,113.2108,2.56,,error
low,102.9141,10306.01,429,shed
low,113.2205,2.82,,error
low,102.8529,10371.30,429,shed
medium,113.2335,2.34,,error
low,113.2410,2.84,,error
high,113.2511,5.87,,error
medium,113.2533,3.97,,error
low,113.2548,2.81,,error
low,113.2608,2.14,,error
medium,113.2671,5.72,,error
low,113.2707,2.66,,error
low,113.2806,3.03,,error
medium,113.2837,2.09,,error
low,113.2909,2.46,,error
high,113.3005,119.46,,error
medium,113.3023,118.06,,error
low,113.3030,137.13,,error
medium,103.2418,10198.46,429,shed
high,103.8520,9588.26,429,shed
high,98.4529,14987.39,200,ok
low,113.4219,18.72,,error
low,113.4226,18.28,,error
low,113.4233,17.95,,error
low,113.4239,17.62,,error
low,113.4245,17.29,,error
low,113.4251,16.97,,error
low,113.4257,16.66,,error
low,113.4283,14.34,,error
low,113.4290,13.93,,error
low,113.4297,13.59,,error
low,113.4303,13.26,,error
medium,113.4309,12.95,,error
medium,113.4315,12.65,,error
medium,113.4321,12.35,,error
medium,113.4327,12.04,,error
medium,113.4333,11.72,,error
medium,113.4341,11.22,,error
medium,113.4348,10.86,,error
high,113.4354,10.55,,error
high,113.4360,10.25,,error
low,113.4205,26.02,,error
medium,104.5338,8917.64,429,shed
low,94.4309,19020.57,200,ok
low,94.4107,19040.85,200,ok
medium,100.8840,12571.61,200,ok
low,102.9938,10461.78,429,shed
low,103.0050,10451.78,429,shed
low,113.4809,2.67,,error
medium,113.4836,2.59,,error
low,113.4903,3.18,,error
medium,113.5029,3.77,,error
low,113.5045,2.55,,error
high,113.5007,6.63,,error
low,113.5105,2.07,,error
medium,113.5178,3.35,,error
medium,98.3576,15164.10,200,ok
low,100.8726,12652.40,429,shed
medium,99.9171,13609.87,200,ok
medium,103.7914,9735.52,429,shed
low,101.0305,12496.47,429,shed
medium,104.6674,8869.24,429,shed
medium,102.5529,10985.00,200,ok
medium,100.2677,13270.84,200,ok
medium,104.0335,9510.35,429,shed
low,113.5706,2.55,,error
low,113.5802,2.45,,error
medium,113.5838,1.98,,error
low,113.5909,2.42,,error
medium,100.9178,12679.21,200,ok
low,103.7609,9840.26,429,shed
low,103.7950,9806.16,429,shed
medium,99.8322,13781.07,200,ok
medium,104.1516,9463.52,429,shed
low,94.4403,19174.87,200,ok
low,113.6302,3.64,,error
medium,113.6339,2.20,,error
low,113.6406,2.71,,error
low,97.0210,16623.02,200,ok
low,97.0401,16604.51,200,ok
low,96.0807,17564.67,200,ok
low,113.6607,2.97,,error
low,104.0902,9574.35,429,shed
low,104.8301,8834.41,429,shed
low,113.6809,3.37,,error
medium,113.6844,2.06,,error
low,113.6905,2.52,,error
low,104.0111,9683.52,429,shed
low,103.8602,9834.40,429,shed
medium,100.9531,12743.68,200,ok
low,113.7111,2.95,,error
low,102.9899,10724.65,429,shed
low,101.9843,11731.47,429,shed
high,105.0509,8664.82,429,shed
medium,113.7339,2.24,,error
low,113.7406,2.44,,error
low,95.0907,18652.91,200,ok
low,113.7540,2.29,,error
high,113.7508,5.92,,error
medium,101.3029,12454.83,200,ok
medium,113.7677,3.14,,error
low,113.7709,2.68,,error
low,113.7808,3.09,,error
medium,113.7839,2.15,,error
low,113.7902,2.51,,error
high,113.8006,5.69,,error
medium,113.8026,3.99,,error
low,113.8040,2.90,,error
low,96.2180,17590.17,200,ok
medium,101.1031,12705.13,200,ok
low,94.4805,19327.68,200,ok
low,103.2224,10607.13,429,shed
low,103.0040,10828.04,429,shed
medium,98.5342,15297.95,200,ok
low,103.4313,10400.86,429,shed
low,95.2033,18645.74,200,ok
low,95.1811,18674.10,200,ok
low,95.1907,18668.29,200,ok
low,103.5038,10359.83,429,shed
medium,105.1025,8762.43,429,shed
low,103.7558,10109.71,429,shed
low,94.7704,19102.61,200,ok
low,113.8906,2.98,,error
high,113.9009,6.45,,error
medium,113.9031,4.64,,error
low,113.9048,3.27,,error
medium,101.0526,12855.98,200,ok
medium,113.9176,2.62,,error
low,113.9202,1.98,,error
low,105.1407,8782.36,429,shed
low,104.0307,9899.73,429,shed
medium,105.1215,8809.83,429,shed
low,103.7702,10168.78,429,shed
low,113.9543,3.74,,error
high,113.9506,7.84,,error
low,113.9610,2.86,,error
low,105.1533,8811.82,429,shed
high,100.0033,13962.48,200,ok
low,94.5111,19455.34,200,ok
medium,113.9844,2.45,,error
low,113.9903,2.45,,error
low,97.2389,16757.49,200,ok
medium,105.2528,8755.83,429,shed
low,95.7406,18268.09,200,ok
low,105.0625,8947.35,429,shed
low,105.2809,8732.17,429,shed
low,114.0205,2.72,,error
low,114.0304,3.90,,error
medium,114.0343,2.29,,error
low,114.0407,3.06,,error
medium,100.8032,13242.94,200,ok
low,114.0534,3.41,,error
high,114.0503,6.89,,error
low,114.0607,2.48,,error
medium,105.3516,8718.85,429,shed
low,114.0706,2.36,,error
low,114.0806,3.47,,error
medium,114.0841,2.59,,error
low,114.0908,2.73,,error
medium,101.4719,12632.63,200,ok
medium,114.1030,2.95,,error
high,114.1015,4.74,,error
low,114.1108,2.89,,error
low,95.3411,18779.12,200,ok
medium,114.1188,6.10,,error
low,114.1304,3.26,,error
medium,114.1337,1.80,,error
low,114.1406,3.05,,error
medium,114.1529,3.50,,error
low,114.1538,2.95,,error
high,114.1509,6.15,,error
low,114.1616,3.05,,error
medium,114.1678,3.16,,error
low,114.1710,2.04,,error
medium,102.8991,11282.06,200,ok
medium,102.8521,11332.29,200,ok
low,94.5607,19627.82,200,ok
low,94.6204,19589.59,200,ok
medium,114.2059,6.88,,error
low,114.2076,5.52,,error
low,114.2108,112.77,,error
low,94.7309,19642.54,200,ok
high,100.8507,13522.83,200,ok
medium,100.8335,13540.00,200,ok
low,96.6273,17746.29,200,ok
low,96.6814,17692.13,200,ok
low,96.6249,17748.74,200,ok
medium,98.9672,15406.38,200,ok
medium,105.5742,8803.04,429,shed
medium,105.5214,8855.85,429,shed
low,96.6223,17773.94,200,ok
low,114.3407,57.12,,error
low,114.3413,58.06,,error
low,114.3419,57.84,,error
low,114.3530,47.05,,error
low,114.3548,45.61,,error
low,114.3564,44.28,,error
low,114.3605,40.46,,error
low,114.3621,39.17,,error
low,114.3659,35.71,,error
high,114.3706,31.28,,error
high,114.3721,30.07,,error
low,96.4291,18008.23,200,ok
low,114.3790,60.68,,error
low,114.3836,56.41,,error
low,114.3850,55.38,,error
low,114.3892,51.53,,error
medium,114.3904,50.57,,error
medium,114.3915,49.86,,error
medium,114.3925,49.15,,error
high,114.3938,48.23,,error
high,100.7054,13744.30,200,ok
high,100.6547,13796.52,200,ok
low,105.6028,8848.44,429,shed
medium,99.7351,14727.75,200,ok
medium,99.9708,14511.36,200,ok
medium,114.4454,40.72,,error
low,114.4460,40.52,,error
low,114.4467,40.13,,error
low,114.4473,39.79,,error
low,114.4479,39.52,,error
low,114.4517,35.99,,error
low,114.4528,35.17,,error
high,114.4543,34.05,,error
medium,114.4557,32.88,,error
low,114.4614,27.49,,error
medium,114.4793,9.91,,error
low,114.4812,8.30,,error
low,114.4823,7.42,,error
medium,114.4848,7.86,,error
low,114.4909,2.12,,error
medium,114.5026,8.39,,error
low,114.5036,7.83,,error
high,114.5006,11.08,,error
low,114.5117,3.60,,error
medium,105.7344,8780.94,429,shed
medium,100.9674,13549.28,200,ok
medium,99.7684,14751.34,200,ok
medium,103.2520,11268.62,200,ok
medium,99.9028,14619.90,200,ok
medium,100.6802,13853.28,200,ok
low,95.8603,18690.25,200,ok
medium,114.5520,3.64,,error
low,114.5608,2.66,,error
medium,114.5677,3.33,,error
low,114.5710,3.55,,error
medium,114.5837,3.77,,error
low,114.5814,6.48,,error
low,114.5910,3.65,,error
high,114.6008,5.04,,error
low,114.6034,2.74,,error
medium,114.6026,3.84,,error
low,96.7304,17878.40,200,ok
low,105.5748,9038.52,429,shed
low,114.6203,3.45,,error
medium,101.9378,12692.78,200,ok
medium,114.6342,2.47,,error
low,114.6408,2.91,,error
medium,114.6532,2.66,,error
low,114.6543,1.90,,error
high,114.6510,5.52,,error
low,114.6607,3.40,,error
medium,103.4178,11247.21,200,ok
low,114.6706,2.98,,error
low,95.8406,18842.85,200,ok
medium,114.6836,2.64,,error
low,114.6908,2.94,,error
medium,114.7030,2.56,,error
high,114.7009,5.65,,error
low,114.7038,3.14,,error
low,114.7110,2.70,,error
medium,114.7169,2.87,,error
low,114.7209,3.73,,error
low,114.7308,4.28,,error
medium,102.5673,12171.15,200,ok
medium,114.7351,3.73,,error
low,97.2362,17510.84,200,ok
medium,114.7524,3.67,,error
low,114.7534,3.03,,error
low,114.7620,3.86,,error
medium,114.7670,2.62,,error
low,114.7707,2.82,,error
medium,101.5562,13220.90,200,ok
medium,114.7843,2.34,,error
low,96.2013,18589.55,200,ok
medium,114.8032,2.75,,error
low,114.8040,2.22,,error
high,114.8007,5.87,,error
low,97.5106,17302.66,200,ok
medium,114.8174,3.17,,error
low,114.8206,2.91,,error
low,114.8307,2.89,,error
medium,114.8336,1.98,,error
low,114.8407,3.87,,error
high,114.8508,4.75,,error
medium,114.8526,3.29,,error
low,114.8534,2.76,,error
low,114.8606,3.26,,error
low,105.8413,9023.67,429,shed
low,114.8714,2.60,,error
low,114.8804,3.92,,error
medium,114.8843,2.32,,error
medium,103.8534,11039.65,200,ok
high,102.4012,12493.83,200,ok
medium,105.8335,9062.51,429,shed
low,114.9029,2.94,,error
low,114.9105,6.21,,error
medium,114.9168,3.74,,error
low,114.9206,2.92,,error
medium,114.9336,3.16,,error
low,114.9313,5.79,,error
low,96.3912,18551.98,200,ok
low,96.0907,18852.53,200,ok
low,106.2182,8727.40,429,shed
high,102.7503,12197.39,200,ok
low,105.9559,9000.23,429,shed
medium,114.9669,6.30,,error
low,96.4407,18534.31,200,ok
high,101.3008,13676.05,200,ok
medium,114.9842,2.45,,error
low,114.9908,3.05,,error
medium,105.9340,9061.05,429,shed
high,102.8506,12155.59,200,ok
high,115.0026,6.08,,error
low,115.0108,2.77,,error
medium,103.5177,11496.48,200,ok
low,115.0204,2.05,,error
medium,115.0361,3.10,,error
low,115.0306,8.94,,error
low,115.0416,5.50,,error
high,115.0503,5.10,,error
medium,115.0522,3.57,,error
low,115.0536,3.03,,error
low,115.0608,2.85,,error
medium,115.0678,3.02,,error
low,115.0709,2.92,,error
low,115.0810,6.06,,error
medium,115.0871,2.79,,error
low,115.0910,2.84,,error
medium,115.1030,4.43,,error
low,115.1045,3.31,,error
high,115.1010,7.18,,error
low,115.1103,2.18,,error
low,105.9032,9214.82,429,shed
low,115.1203,2.40,,error
medium,101.5755,13554.92,200,ok
medium,115.1336,2.61,,error
low,115.1403,3.55,,error
medium,115.1532,4.41,,error
low,115.1547,3.29,,error
high,115.1511,7.25,,error
low,115.1605,2.35,,error
medium,115.1670,3.35,,error
low,115.1704,2.32,,error
high,101.4679,13705.50,200,ok
high,99.1013,16078.47,200,ok
low,115.1912,3.48,,error
medium,115.2030,5.06,,error
low,115.2044,4.02,,error
high,115.2009,7.92,,error
low,115.2109,3.63,,error
medium,115.2180,3.47,,error
low,115.2215,2.03,,error
medium,106.5174,8711.76,429,shed
medium,115.2345,3.84,,error
low,115.2408,3.52,,error
high,115.2505,9.47,,error
medium,115.2528,7.67,,error
low,115.2566,4.28,,error
low,115.2609,2.69,,error
medium,115.2677,5.24,,error
low,115.2730,2.61,,error
medium,115.2838,3.80,,error
low,115.2808,7.29,,error
low,115.2902,3.60,,error
medium,101.2855,14014.26,200,ok
medium,115.3030,5.15,,error
low,115.3046,4.00,,error
low,115.3107,3.70,,error
medium,115.3175,3.50,,error
low,115.3210,4.28,,error
low,115.3305,6.04,,error
medium,115.3335,5.47,,error
low,95.2403,20100.85,200,ok
low,94.8425,20498.68,200,ok
low,105.2208,10142.75,429,shed
low,115.3620,3.03,,error
high,115.3510,14.46,,error
medium,105.5863,9780.74,429,shed
low,115.3718,6.48,,error
low,115.3804,4.89,,error
low,94.7205,20664.86,200,ok
medium,106.8175,8567.91,429,shed
low,95.3606,20035.05,200,ok
low,95.3320,20070.32,200,ok
low,115.4062,2.87,,error
low,115.4107,3.02,,error
low,95.1309,20285.39,200,ok
low,95.1109,20307.13,200,ok
low,96.3610,19057.04,200,ok
medium,101.9429,13479.86,200,ok
low,115.4406,3.32,,error
medium,115.4537,8.58,,error
low,115.4554,7.53,,error
high,115.4512,12.19,,error
low,115.4635,3.55,,error
low,98.0312,17438.00,200,ok
medium,115.4671,2.46,,error
medium,115.4838,4.24,,error
low,115.4810,7.57,,error
low,115.4932,4.43,,error
high,115.5009,7.77,,error
medium,115.5029,6.08,,error
low,115.5052,4.05,,error
low,115.5104,2.19,,error
low,98.0636,17453.72,200,ok
low,105.8108,9710.80,429,shed
low,105.5830,9938.59,429,shed
low,105.4225,10099.16,429,shed
medium,102.7842,12741.21,200,ok
low,96.7206,18826.45,200,ok
low,96.6388,18908.25,200,ok
high,105.9507,9596.40,429,shed
low,96.7909,18756.21,200,ok
low,95.3215,20225.68,200,ok
low,96.8822,18691.51,200,ok
low,115.5704,3.64,,error
medium,115.5836,2.17,,error
low,115.5910,2.72,,error
medium,115.6034,3.60,,error
low,115.6043,3.07,,error
high,115.6013,6.37,,error
low,115.6135,4.24,,error
low,115.6201,3.58,,error
medium,115.6178,6.35,,error
low,106.6311,8995.20,429,shed
medium,100.0346,15591.70,200,ok
medium,106.8678,8758.53,429,shed
high,102.6002,13111.31,200,ok
high,115.6511,64.23,,error
low,115.6988,17.78,,error
low,115.7012,15.70,,error
low,115.7021,15.21,,error
low,115.7028,14.76,,error
low,115.7079,9.96,,error
low,115.7088,9.30,,error
medium,115.7095,8.90,,error
medium,115.7102,8.53,,error
medium,115.7108,8.19,,error
high,115.7120,7.35,,error
low,115.7127,6.91,,error
medium,115.7198,3.79,,error
low,115.7216,2.31,,error
low,96.9714,18823.43,200,ok
low,96.9536,18841.28,200,ok
medium,106.9677,8827.10,429,shed
medium,106.9177,8877.17,429,shed
low,106.8910,8903.88,429,shed
medium,107.0447,8750.18,429,shed
medium,105.4170,10377.92,429,shed
high,107.0886,8707.48,429,shed
low,96.9926,18806.15,200,ok
low,115.7975,5.97,,error
medium,115.7982,5.64,,error
low,115.7829,21.21,,error
high,115.8009,5.30,,error
low,115.8024,4.11,,error
medium,115.8016,5.22,,error
high,100.8011,15012.79,200,ok
medium,115.8177,4.03,,error
low,106.8811,8946.29,429,shed
low,115.8304,3.26,,error
low,97.0122,18821.96,200,ok
low,96.8908,18949.83,200,ok
medium,103.8842,11973.60,200,ok
low,115.8555,3.45,,error
medium,115.8539,9.09,,error
low,115.8611,3.53,,error
medium,115.8677,3.06,,error
low,115.8708,2.33,,error
low,115.8804,3.64,,error
medium,115.8840,3.23,,error
low,97.0808,18807.51,200,ok
high,115.9013,6.41,,error
medium,115.9035,4.54,,error
low,115.9050,3.41,,error
low,115.9105,2.04,,error
low,106.1602,9765.41,429,shed
low,115.9206,7.37,,error
low,115.9305,6.14,,error
medium,115.9342,2.77,,error
medium,107.1690,8769.51,429,shed
low,98.1902,17756.81,200,ok
low,115.9539,1.91,,error
high,115.9510,5.07,,error
low,106.2125,9751.30,429,shed
low,106.2149,9749.36,429,shed
low,107.1650,8802.64,429,shed
low,97.1109,18856.77,200,ok
medium,115.9836,2.07,,error
medium,107.1842,8810.80,429,shed
medium,116.0033,21.60,,error
low,116.0057,20.11,,error
high,116.0010,25.28,,error
low,97.1206,18913.23,200,ok
medium,105.3836,10650.24,200,ok
low,97.1504,18883.44,200,ok
medium,101.0016,15032.29,200,ok
low,97.0308,19003.08,200,ok
low,116.0403,2.46,,error
high,116.0506,10.10,,error
medium,116.0531,8.01,,error
low,116.0547,6.73,,error
low,116.0616,2.03,,error
low,98.8243,17239.92,200,ok
low,98.9610,17104.73,200,ok
low,106.2174,9853.21,429,shed
low,106.5409,9529.64,429,shed
low,106.4734,9597.23,429,shed
low,97.6142,18458.05,200,ok
low,97.9910,18112.54,200,ok
low,98.0107,18092.92,200,ok
low,98.3564,17747.29,200,ok
low,98.9409,17162.75,200,ok
medium,106.5334,9577.90,429,shed
low,106.2105,9901.69,429,shed
medium,103.2345,12888.71,200,ok
medium,102.5170,13606.78,200,ok
low,106.2161,9921.82,429,shed
low,106.4646,9674.11,429,shed
high,101.1012,15054.94,200,ok
low,116.1611,3.51,,error
medium,107.2020,8968.52,429,shed
medium,116.1678,5.78,,error
low,96.6261,19548.45,200,ok
medium,106.6180,9556.94,429,shed
low,116.1906,2.98,,error
medium,101.1674,15029.62,200,ok
high,107.2006,8999.93,429,shed
medium,103.4869,12719.52,200,ok
low,116.2028,3.99,,error
medium,101.0336,15179.28,200,ok
low,116.2209,3.80,,error
low,98.0223,18206.65,200,ok
medium,116.2335,2.71,,error
low,116.2403,3.90,,error
medium,107.2178,9029.16,429,shed
low,97.0053,19257.94,200,ok
medium,105.8531,10413.23,200,ok
medium,101.4705,14798.08,200,ok
low,97.0609,19207.72,200,ok
low,98.3533,17917.77,200,ok
low,99.1167,17217.58,200,ok
low,97.0707,19263.58,200,ok
medium,107.4673,8871.21,429,shed
low,98.1103,18228.28,200,ok
low,116.3299,9.04,,error
low,116.3306,8.71,,error
medium,116.3312,8.38,,error
medium,116.3321,7.71,,error
medium,116.3328,7.39,,error
high,116.3334,7.07,,error
medium,116.3359,5.48,,error
low,107.0868,9256.48,429,shed
medium,102.7335,13610.90,200,ok
medium,116.3532,2.67,,error
low,116.3540,2.22,,error
low,116.3607,3.99,,error
medium,116.3669,3.91,,error
low,116.3708,1.74,,error
low,97.1171,19260.09,200,ok
low,96.7806,19635.31,200,ok
low,97.2376,19178.30,200,ok
low,116.4139,7.93,,error
low,116.4146,7.51,,error
high,116.4152,7.18,,error
medium,116.4201,3.03,,error
low,116.4172,7.45,,error
low,116.4232,1.88,,error
low,116.4306,2.58,,error
medium,116.4343,1.84,,error
high,107.7011,8741.62,429,shed
high,116.4505,6.92,,error
medium,116.4552,2.51,,error
low,116.4561,1.95,,error
low,98.7205,17743.00,200,ok
low,98.7072,17762.11,200,ok
low,116.4704,1.58,,error
low,97.3104,19175.98,200,ok
low,116.4822,4.64,,error
low,107.6362,8851.48,429,shed
high,116.5004,5.32,,error
medium,116.5029,3.12,,error
low,116.5039,2.47,,error
low,116.5107,2.07,,error
medium,116.5169,2.06,,error
low,116.5210,1.67,,error
medium,107.4354,9095.84,429,shed
medium,104.8172,11717.31,200,ok
low,116.5410,2.49,,error
medium,116.5526,2.77,,error
low,116.5534,2.20,,error
high,116.5507,5.28,,error
low,107.6831,8873.31,429,shed
medium,103.8182,12744.80,200,ok
low,94.0619,22504.15,200,ok
medium,106.4629,10106.75,429,shed
high,107.2505,9319.69,429,shed
low,116.5910,2.60,,error
high,116.6008,4.38,,error
medium,116.6028,2.68,,error
low,116.6038,2.02,,error
medium,103.8025,12810.68,200,ok
medium,103.7682,12846.66,200,ok
medium,103.5031,13111.75,200,ok
low,99.8336,16781.25,200,ok
low,95.4807,21142.09,200,ok
low,106.2155,10408.16,429,shed
medium,104.0168,12712.88,200,ok
high,107.8512,8878.49,429,shed
medium,106.6044,10125.36,429,shed
low,94.3604,22369.34,200,ok
low,96.9627,19767.09,200,ok
medium,102.5361,14193.76,200,ok
low,107.0878,9642.05,429,shed
medium,107.5032,9226.62,429,shed
low,108.0532,8679.70,429,shed
low,97.8728,18860.15,200,ok
low,99.3311,17416.00,200,ok
low,97.8547,18892.38,200,ok
low,99.3911,17355.99,200,ok
low,97.6132,19133.95,200,ok
medium,105.1520,11595.19,200,ok
low,94.3802,22367.00,200,ok
medium,105.1843,11562.94,200,ok
low,107.0952,9655.36,429,shed
low,107.2703,9480.24,429,shed
medium,104.6172,12149.48,200,ok
low,96.9809,19786.57,200,ok
low,99.4306,17339.13,200,ok
low,96.7406,20100.69,200,ok
low,98.7119,18269.57,200,ok
low,98.3545,18626.95,200,ok
low,98.7815,18199.99,200,ok
medium,103.9344,13047.13,200,ok
medium,108.1675,8814.03,429,shed
high,108.5507,8430.83,429,shed
low,98.8920,18089.61,200,ok
medium,103.2176,13763.96,200,ok
low,116.7708,211.61,,error
low,116.7811,201.64,,error
medium,116.7836,199.45,,error
low,116.7905,192.83,,error
high,116.8004,183.31,,error
medium,116.8027,181.28,,error
low,116.8043,179.96,,error
low,116.8110,173.56,,error
medium,116.8314,153.49,,error
low,116.8336,151.57,,error
low,116.8377,147.71,,error
medium,116.8413,144.40,,error
low,116.8429,143.14,,error
high,116.8503,136.09,,error
medium,116.8524,134.22,,error
low,116.8533,133.64,,error
low,116.8609,126.61,,error
medium,116.8672,120.58,,error
medium,116.9786,22.21,,error
medium,116.9793,21.94,,error
medium,116.9799,21.64,,error
high,116.9805,21.35,,error
low,116.9632,39.53,,error
medium,116.9920,16.43,,error
medium,116.9928,15.90,,error
medium,116.9935,15.48,,error
low,116.9942,15.15,,error
low,116.9948,14.80,,error
low,116.9961,13.82,,error
low,116.9955,14.75,,error
high,116.9903,20.22,,error
low,116.9993,11.60,,error
medium,108.4531,8559.62,429,shed
low,95.0493,21965.12,200,ok
low,117.0070,9.70,,error
low,117.0144,4.48,,error
medium,117.0169,2.33,,error
low,117.0208,2.02,,error
low,99.4410,17588.39,200,ok
low,107.6901,9342.55,429,shed
low,117.0407,4.02,,error
medium,108.4690,8581.97,429,shed
medium,108.6181,8444.25,429,shed
medium,117.0531,11.24,,error
low,117.0539,10.74,,error
medium,104.8600,12281.50,200,ok
low,100.1811,16960.48,200,ok
low,100.3103,16831.24,200,ok
medium,105.5734,11568.17,200,ok
high,108.1508,8990.81,429,shed
medium,106.5844,10557.28,429,shed
medium,108.4347,8706.94,429,shed
medium,105.4837,11657.96,200,ok
low,108.6315,8510.18,429,shed
medium,117.0750,67.44,,error
low,117.1226,20.16,,error
medium,117.1402,8.98,,error
low,117.1384,11.11,,error
medium,117.1431,6.68,,error
high,117.1504,3.12,,error
medium,117.1517,2.19,,error
low,117.1523,1.82,,error
low,117.1603,3.81,,error
low,101.0025,16165.44,200,ok
low,117.1704,1.99,,error
medium,108.8025,8375.50,429,shed
medium,106.9527,10225.31,429,shed
low,117.1909,3.00,,error
medium,107.0817,10118.38,429,shed
medium,108.9031,8302.25,429,shed
low,117.2032,3.37,,error
low,117.2112,5.69,,error
medium,108.4837,8736.02,429,shed
low,117.2210,4.69,,error
low,117.2309,3.53,,error
medium,117.2344,2.17,,error
high,104.0512,13192.34,200,ok
high,104.1012,13145.56,200,ok
high,117.2506,6.99,,error
medium,117.2528,5.25,,error
low,117.2605,4.17,,error
low,117.2702,2.64,,error
medium,117.2678,5.40,,error
low,117.2804,4.35,,error
low,96.2027,21085.94,200,ok
low,96.2708,21017.82,200,ok
low,95.7306,21558.09,200,ok
medium,117.2848,4.58,,error
medium,108.9343,8372.50,429,shed
low,105.0944,12212.37,429,shed
low,100.0605,17252.48,200,ok
medium,108.5837,8730.17,429,shed
medium,108.7669,8553.88,429,shed
low,99.6711,17652.67,200,ok
low,100.0402,17285.26,200,ok
medium,117.3532,2.42,,error
high,117.3510,6.58,,error
low,117.3543,3.58,,error
low,117.3610,4.71,,error
medium,117.3678,3.16,,error
low,117.3710,3.52,,error
low,117.3807,3.82,,error
medium,117.3845,1.98,,error
low,117.3906,4.10,,error
low,98.7917,18618.95,200,ok
low,98.0032,19412.99,200,ok
medium,109.0026,8414.61,429,shed
low,117.4075,10.12,,error
low,117.4107,7.26,,error
low,117.4211,3.47,,error
low,117.4308,3.79,,error
medium,117.4346,4.14,,error
medium,105.3677,12071.63,200,ok
high,117.4508,12.69,,error
medium,117.4530,148.96,,error
low,117.4541,148.26,,error
low,117.4636,139.05,,error
medium,109.0530,8605.24,429,shed
low,99.7705,17887.76,200,ok
low,108.5115,9146.76,429,shed
medium,105.0530,12605.25,200,ok
low,107.6356,10022.70,429,shed
medium,105.0923,12565.95,200,ok
low,99.9633,17694.98,200,ok
low,107.3107,10347.61,429,shed
medium,107.7417,9916.65,429,shed
low,107.0857,10572.60,429,shed
low,98.8308,18842.03,200,ok
low,99.0809,18591.93,200,ok
medium,117.5408,134.01,,error
medium,117.5831,93.69,,error
medium,117.5838,93.39,,error
medium,117.5844,93.09,,error
low,117.5850,92.79,,error
low,117.5857,92.44,,error
low,117.5864,91.98,,error
low,117.5879,90.83,,error
low,117.5888,90.19,,error
low,117.5894,89.86,,error
low,117.5901,89.54,,error
low,117.6007,79.20,,error
high,117.6034,76.81,,error
high,117.6042,76.34,,error
high,117.6048,76.02,,error
medium,117.5820,99.17,,error
low,108.6059,9075.36,429,shed
low,107.0928,10588.39,429,shed
low,107.1704,10510.88,429,shed
low,108.4308,9250.51,429,shed
medium,108.1522,9533.56,429,shed
medium,109.1673,8520.10,429,shed
low,117.6835,15.42,,error
medium,117.6842,15.11,,error
medium,117.6866,12.97,,error
low,117.6907,9.12,,error
medium,117.6591,41.07,,error
low,117.6662,34.85,,error
low,117.6680,33.46,,error
high,117.7015,5.17,,error
medium,117.7029,4.30,,error
low,117.7036,3.90,,error
low,108.6703,9045.24,429,shed
medium,109.1526,8562.94,429,shed
low,108.4909,9228.44,429,shed
low,108.6404,9089.25,429,shed
low,109.1108,8851.89,429,shed
medium,105.0177,12944.94,200,ok
low,109.1715,8791.20,429,shed
low,99.9204,18042.34,200,ok
medium,109.1856,8777.19,429,shed
low,108.0610,9901.81,429,shed
medium,105.3169,12645.88,200,ok
medium,117.7338,234.63,,error
low,108.8703,9118.04,429,shed
low,108.7804,9207.94,429,shed
low,98.9541,19034.34,200,ok
low,117.8940,98.31,,error
low,117.8946,98.02,,error
low,117.9269,66.02,,error
low,117.9379,55.32,,error
low,117.9416,51.88,,error
high,117.9478,45.95,,error
high,117.9499,44.15,,error
high,117.9525,41.93,,error
medium,117.9538,40.88,,error
medium,117.9550,39.96,,error
medium,117.9561,39.19,,error
medium,117.9570,38.52,,error
medium,117.9580,37.88,,error
medium,117.9588,37.31,,error
medium,117.9596,36.82,,error
medium,117.9605,36.26,,error
low,108.4233,9573.45,429,shed
medium,109.2032,8799.46,429,shed
high,105.5766,12426.06,200,ok
medium,105.8039,12198.80,200,ok
medium,117.9736,30.29,,error
medium,117.9749,29.32,,error
medium,117.9777,26.79,,error
low,117.9784,26.46,,error
medium,117.9771,28.04,,error
low,117.9802,25.21,,error
low,117.9837,21.99,,error
low,117.9845,21.55,,error
low,117.9851,21.29,,error
low,117.9857,20.96,,error
low,117.9796,27.38,,error
high,117.9870,20.30,,error
low,117.9790,28.57,,error
medium,117.9760,31.80,,error
high,117.9864,21.79,,error
medium,118.0008,12.37,,error
medium,118.0099,5.71,,error
high,118.0085,7.52,,error
low,118.0135,2.98,,error
low,118.0106,6.15,,error
medium,118.0172,1.84,,error
low,118.0211,2.62,,error
low,118.0310,3.11,,error
medium,118.0341,1.65,,error
low,118.0410,4.77,,error
high,118.0510,5.53,,error
medium,118.0531,3.79,,error
low,118.0539,3.28,,error
low,118.0603,2.35,,error
medium,118.0678,3.74,,error
low,118.0716,4.12,,error
medium,106.8854,11198.63,200,ok
low,118.0809,6.60,,error
low,118.0910,13.69,,error
high,118.1048,9.53,,error
medium,118.1077,6.98,,error
low,118.1095,5.51,,error
low,118.1112,4.13,,error
medium,118.1175,7.55,,error
low,118.1252,2.61,,error
low,118.1322,3.75,,error
medium,118.1346,1.81,,error
high,103.3008,14839.89,200,ok
high,118.1509,7.07,,error
medium,118.1532,5.11,,error
low,118.1548,3.87,,error
low,118.1608,2.99,,error
medium,118.1679,3.81,,error
low,118.1717,3.66,,error
low,107.3638,10815.36,429,shed
low,100.1605,18020.97,200,ok
low,100.0112,18170.26,200,ok
high,108.9008,9281.13,429,shed
low,118.2084,6.66,,error
low,118.2107,4.84,,error
high,118.2013,14.52,,error
low,108.4406,9783.20,429,shed
medium,108.9670,9256.86,429,shed
high,108.7515,9472.32,429,shed
low,118.2312,11.70,,error
low,118.2404,5.53,,error
high,118.2511,6.48,,error
medium,118.2528,5.13,,error
low,118.2542,4.11,,error
low,118.2604,2.82,,error
medium,109.0709,9193.64,429,shed
low,99.8343,18430.91,200,ok
low,107.4604,10805.33,429,shed
low,100.0903,18175.96,200,ok
medium,104.4678,13805.09,200,ok
high,118.3011,8.95,,error
medium,118.3030,7.40,,error
low,118.3044,6.31,,error
low,118.3108,1.64,,error
low,107.4907,10823.49,429,shed
medium,105.9544,12359.84,200,ok
low,107.6335,10680.76,429,shed
low,99.1807,19145.88,200,ok
low,118.3403,2.76,,error
low,99.0540,19289.97,200,ok
low,99.2604,19084.16,200,ok
medium,105.6526,12692.81,200,ok
high,109.5005,8848.81,429,shed
high,109.0005,9354.29,429,shed
medium,105.8169,12539.74,200,ok
high,104.1501,14206.53,200,ok
medium,104.6031,13753.50,200,ok
medium,104.6335,13723.10,200,ok
low,99.5305,18832.60,200,ok
low,99.7308,18635.06,200,ok
low,99.5611,18805.59,200,ok
low,99.0904,19298.38,200,ok
low,108.9108,9498.07,429,shed
low,99.7031,18723.45,200,ok
high,109.5510,8876.76,429,shed
low,99.2909,19137.75,200,ok
low,99.5409,18898.02,200,ok
low,99.6612,18782.84,200,ok
high,109.1508,9305.30,429,shed
high,118.4508,6.01,,error
low,100.3045,18159.31,200,ok
low,118.4604,4.95,,error
high,103.6508,14818.99,200,ok
low,107.6368,10846.57,429,shed
medium,118.4835,2.05,,error
low,107.7207,10769.15,429,shed
medium,109.5190,8970.79,429,shed
low,118.5038,3.07,,error
high,118.5009,6.26,,error
low,118.5106,2.95,,error
high,104.8518,13662.92,200,ok
medium,104.8956,13621.75,200,ok
medium,109.6844,8832.88,429,shed
medium,118.5335,1.81,,error
low,118.5405,2.33,,error
medium,105.9022,12641.31,200,ok
low,99.6911,18853.75,200,ok
high,104.5511,14007.57,200,ok
high,118.5511,7.89,,error
medium,109.7339,8829.77,429,shed
low,99.9036,18660.07,200,ok
medium,109.7030,8861.20,429,shed
low,100.8040,17779.24,200,ok
medium,109.8335,8754.11,429,shed
low,108.9206,9669.37,429,shed
low,107.9211,10678.09,429,shed
low,108.6607,9939.95,429,shed
low,108.0912,10515.90,429,shed
low,99.7905,18817.47,200,ok
medium,109.5345,9075.10,429,shed
medium,104.1034,14521.86,200,ok
medium,104.8036,13833.73,200,ok
low,118.6407,3.07,,error
high,105.3502,13300.68,200,ok
low,99.9822,18677.43,200,ok
high,103.8008,14859.49,200,ok
low,118.6603,2.88,,error
low,118.6735,2.64,,error
medium,105.7835,12893.92,200,ok
high,105.1505,13526.95,200,ok
medium,118.6681,9.84,,error
low,118.6907,3.87,,error
low,109.6128,9087.58,429,shed
medium,118.7022,5.13,,error
low,118.7035,4.15,,error
low,118.7112,3.49,,error
low,108.8912,9824.72,429,shed
low,109.1306,9586.94,429,shed
low,108.8789,9840.44,429,shed
medium,104.2034,14515.89,200,ok
medium,109.8545,8864.83,429,shed
low,100.0135,18705.82,200,ok
low,118.7553,4.26,,error
high,118.7523,7.59,,error
low,118.7603,2.26,,error
high,105.6008,13162.76,200,ok
low,100.0309,18738.11,200,ok
high,109.7009,9079.67,429,shed
medium,105.1386,13644.49,200,ok
low,118.7906,5.03,,error
low,101.5203,17285.39,200,ok
medium,118.8029,3.26,,error
low,118.8041,2.39,,error
low,101.4597,17350.79,200,ok
low,101.2805,17530.49,200,ok
medium,107.2843,11528.61,200,ok
low,118.8307,2.95,,error
medium,118.8337,1.85,,error
low,118.8410,8.23,,error
high,118.8505,6.22,,error
medium,118.8527,4.25,,error
low,118.8537,3.86,,error
low,100.0820,18781.16,200,ok
low,100.0533,18817.50,200,ok
medium,118.8678,6.31,,error
high,110.1006,8778.87,429,shed
medium,118.8835,3.28,,error
low,118.8909,2.94,,error
high,104.9035,13991.04,200,ok
medium,118.9034,4.78,,error
low,118.9052,3.51,,error
low,118.9104,5.65,,error
medium,118.9172,3.54,,error
low,118.9208,2.82,,error
high,105.5008,13432.39,200,ok
medium,118.9338,3.88,,error
low,118.9408,2.80,,error
medium,107.4525,11493.87,200,ok
high,118.9506,7.91,,error
low,118.9549,3.99,,error
low,118.9622,4.74,,error
medium,118.9670,8.72,,error
low,118.9723,3.75,,error
low,118.9812,3.49,,error
medium,118.9847,5.08,,error
low,118.9909,3.74,,error
high,119.0009,178.28,,error
low,119.0100,169.56,,error
medium,119.0065,173.34,,error
medium,105.6335,13562.23,200,ok
low,100.1910,19004.81,200,ok
low,100.7702,18425.62,200,ok
low,100.7917,18404.17,200,ok
low,100.2712,18924.66,200,ok
low,100.4306,18765.28,200,ok
low,119.1362,64.46,,error
low,119.1383,62.65,,error
low,119.1398,61.56,,error
low,119.1406,61.02,,error
low,119.1412,60.67,,error
low,119.1419,60.35,,error
low,119.1435,58.97,,error
low,119.1493,53.49,,error
low,119.1502,52.92,,error
low,119.1508,52.58,,error
low,119.1761,27.62,,error
low,119.1772,26.76,,error
low,119.1779,26.38,,error
low,101.5715,17638.12,200,ok
medium,107.9835,11226.20,200,ok
medium,119.1901,26.08,,error
medium,119.1928,23.69,,error
high,119.1935,23.34,,error
high,119.1941,23.03,,error
high,119.1948,22.72,,error
low,119.1964,21.32,,error
low,119.1971,20.95,,error
low,119.1977,20.61,,error
low,119.1984,20.25,,error
low,119.1990,19.93,,error
low,119.1996,19.62,,error
medium,119.2049,14.67,,error
medium,119.2058,14.85,,error
high,119.2069,15.34,,error
low,119.2076,15.02,,error
low,119.2136,9.73,,error
medium,108.0522,11190.50,200,ok
medium,119.2241,126.73,,error
medium,105.0021,14348.77,200,ok
high,105.0007,14350.25,200,ok
medium,104.9340,14416.96,200,ok
low,101.1826,18168.41,200,ok
low,119.2522,99.92,,error
low,119.2546,97.86,,error
low,119.2566,96.20,,error
medium,119.2659,87.18,,error
medium,119.2768,76.60,,error
high,119.3293,24.33,,error
high,119.3313,22.68,,error
high,106.4061,12952.22,200,ok
low,102.1700,17188.32,200,ok
low,119.3468,16.15,,error
medium,119.3474,15.83,,error
medium,119.3481,15.53,,error
medium,119.3487,15.19,,error
medium,119.3493,14.87,,error
medium,119.3499,14.58,,error
low,119.3553,9.47,,error
low,119.3564,8.67,,error
high,119.3570,8.31,,error
medium,119.3576,7.97,,error
low,119.3391,26.78,,error
medium,119.3676,2.94,,error
low,119.3613,9.58,,error
low,119.3709,1.82,,error
low,119.3809,3.86,,error
medium,119.3848,2.71,,error
low,119.3907,2.99,,error
medium,106.4074,12995.92,200,ok
medium,105.0341,14369.24,200,ok
high,119.4019,7.19,,error
low,119.4107,3.97,,error
medium,119.4178,3.17,,error
low,119.4210,3.52,,error
low,119.4307,3.06,,error
medium,119.4341,2.54,,error
low,119.4409,8.42,,error
low,101.9817,17468.83,200,ok
low,119.5035,13.82,,error
low,119.4566,61.07,,error
high,119.4506,67.36,,error
low,119.5080,11.52,,error
low,119.5118,8.24,,error
medium,119.5132,7.10,,error
medium,119.5138,6.80,,error
high,119.5144,6.49,,error
low,119.5162,5.00,,error
medium,119.5181,3.47,,error
medium,119.5126,9.25,,error
low,119.5090,13.14,,error
low,119.5055,16.90,,error
low,119.5225,2.09,,error
low,119.5325,6.17,,error
medium,119.5354,3.66,,error
low,119.5417,3.61,,error
medium,111.6035,7962.72,429,shed
low,119.5618,7.84,,error
low,119.5649,5.05,,error
high,119.5506,19.65,,error
low,119.5704,4.71,,error
medium,119.5677,7.71,,error
medium,105.0730,14503.26,200,ok
medium,119.5839,3.78,,error
low,119.5908,5.99,,error
medium,119.6051,12.67,,error
low,119.6086,9.47,,error
low,119.6111,7.26,,error
high,119.6009,17.72,,error
medium,119.6187,3.88,,error
low,100.9810,18651.73,200,ok
medium,110.0020,9630.69,429,shed
medium,119.6345,3.80,,error
low,119.6410,3.33,,error
medium,111.6678,8243.83,429,shed
low,101.0534,18858.28,200,ok
medium,110.1528,9758.88,429,shed
low,101.0923,18819.42,200,ok
medium,105.1724,14739.29,200,ok
low,100.7146,19197.19,200,ok
low,99.8349,20076.82,200,ok
low,99.8361,20075.70,200,ok
low,109.5038,10408.02,429,shed
low,101.4587,18453.09,200,ok
high,119.6513,264.13,,error
medium,119.7193,196.47,,error
low,119.7211,194.98,,error
high,106.4053,13510.88,200,ok
high,105.1004,14815.75,200,ok
high,110.7007,9215.42,429,shed
low,100.6905,19225.70,200,ok
medium,109.7835,10132.65,429,shed
medium,109.8676,10064.23,429,shed
medium,111.6347,8297.16,429,shed
low,101.4815,18450.31,200,ok
medium,111.6838,8248.07,429,shed
low,100.0708,19862.03,200,ok
medium,107.0765,12859.57,200,ok
medium,111.7339,8202.21,429,shed
medium,119.9050,39.65,,error
medium,119.9056,39.36,,error
medium,119.9062,39.06,,error
medium,119.9068,38.76,,error
medium,119.9074,38.44,,error
medium,119.9080,38.13,,error
high,119.9086,37.82,,error
high,119.9092,37.50,,error
high,119.9098,37.19,,error
high,119.9185,28.71,,error
high,119.9198,27.73,,error
medium,119.9209,26.89,,error
medium,119.9216,26.46,,error
medium,119.9223,26.15,,error
medium,119.9229,25.84,,error
medium,119.9235,25.52,,error
low,119.9241,25.19,,error
low,119.9257,23.85,,error
low,119.9263,23.50,,error
low,119.9290,21.18,,error
low,119.9296,20.83,,error
low,119.9304,20.39,,error
low,119.9310,20.05,,error
low,119.9347,16.62,,error
low,119.9354,16.18,,error
medium,119.9363,15.57,,error
low,119.8892,63.01,,error
low,119.8912,61.27,,error
low,119.9525,16.56,,error
high,119.9551,14.33,,error
low,119.9569,12.84,,error
medium,119.9562,13.79,,error
low,110.4406,9529.46,429,shed
low,111.5809,8392.63,429,shed
low,119.9736,2.95,,error
low,119.9814,5.99,,error
medium,119.9837,4.03,,error
high,106.9008,13093.65,200,ok
high,120.0014,12.76,,error
medium,120.0097,4.78,,error
low,120.0113,3.48,,error
low,100.6923,19324.10,200,ok
low,101.5114,18505.02,200,ok
low,111.6105,8407.53,429,shed
medium,105.4342,14583.81,200,ok
low,111.6904,8327.61,429,shed
medium,105.3032,14715.39,200,ok
low,100.8105,19208.52,200,ok
high,105.4007,14642.12,200,ok
medium,110.9527,9096.44,429,shed
high,106.9511,13107.25,200,ok
low,111.7312,8345.53,429,shed
high,106.6023,13475.02,200,ok
low,100.8305,19251.77,200,ok
low,111.8401,8260.77,429,shed
low,101.5495,18552.21,200,ok
medium,111.8535,8248.27,429,shed
medium,105.5721,14530.70,200,ok
low,111.8111,8291.68,429,shed
low,109.8204,10304.09,429,shed
medium,107.7173,12468.55,200,ok
high,105.8025,14388.94,200,ok
low,100.8210,19375.33,200,ok
low,100.7409,19468.63,200,ok
low,100.7537,19455.84,200,ok
medium,111.8025,8407.00,429,shed
low,109.8307,10378.82,429,shed
medium,111.2526,8966.47,429,shed
medium,107.4841,12747.83,200,ok
low,103.2782,16997.32,200,ok
low,102.1728,18105.60,200,ok
medium,111.4342,8847.68,429,shed
low,100.8535,19434.84,200,ok
medium,107.0461,13306.28,200,ok
low,100.9402,19415.58,200,ok
medium,111.8677,8488.08,429,shed
medium,106.8028,13552.92,200,ok
low,102.1735,18182.32,200,ok
low,102.3416,18014.20,200,ok
low,110.3703,9990.71,429,shed
low,101.9836,18382.21,200,ok
low,100.8604,19515.64,200,ok
low,103.2296,17158.74,200,ok
low,101.2406,19201.95,200,ok
low,111.8302,8614.93,429,shed
medium,106.4837,13961.45,200,ok
low,103.2437,17219.65,200,ok
medium,112.0178,8475.25,429,shed
medium,107.7029,12790.10,200,ok
medium,112.0033,8489.79,429,shed
medium,112.0337,8488.10,429,shed
low,100.9102,19621.63,200,ok
high,112.1009,8435.66,429,shed
low,111.3806,9172.96,429,shed
high,111.7009,8866.73,429,shed
low,110.4807,10088.40,429,shed
medium,112.1424,8429.59,429,shed
low,103.4612,17125.58,200,ok
high,112.1509,8448.81,429,shed
low,101.1040,19496.29,200,ok
high,106.4068,14205.88,200,ok
low,100.6911,19932.77,200,ok
low,100.6886,19946.13,200,ok
low,103.7571,16881.69,200,ok
medium,111.7030,8935.87,429,shed
medium,111.7531,8885.80,429,shed
medium,109.2882,11350.70,200,ok
low,102.3914,18253.33,200,ok
low,100.4128,20268.73,200,ok
medium,111.8178,8863.72,429,shed
low,102.5103,18171.24,200,ok
low,100.6917,19989.89,200,ok
low,100.6941,19987.52,200,ok
medium,111.7677,8913.90,429,shed
low,100.7163,19965.29,200,ok
low,111.9310,8750.62,429,shed
low,111.1211,9560.61,429,shed
medium,106.4080,14273.66,200,ok
medium,112.3337,8363.17,429,shed
low,102.5804,18129.52,200,ok
low,111.5904,9120.66,429,shed
low,100.6893,20060.26,200,ok
medium,111.8339,8915.69,429,shed
low,100.7098,20040.87,200,ok
low,112.2052,8549.21,429,shed
low,100.7218,20032.60,200,ok
high,112.3009,8453.56,429,shed
high,106.4032,14379.69,200,ok
low,101.4659,19319.25,200,ok
low,111.2904,9499.20,429,shed
medium,112.3668,8442.15,429,shed
medium,112.4339,8377.19,429,shed
low,103.8811,16965.31,200,ok
medium,109.8849,10965.23,200,ok
medium,112.3026,8548.38,429,shed
low,112.3551,8501.09,429,shed
medium,107.8107,13053.79,200,ok
high,112.2504,8620.23,429,shed
low,101.0104,19889.02,200,ok
low,101.2907,19617.70,200,ok
medium,112.3535,8557.88,429,shed
medium,105.6021,15359.88,200,ok
low,99.9308,21031.67,200,ok
low,101.3037,19669.39,200,ok
high,107.5011,13473.21,200,ok
low,101.2206,19753.75,200,ok
low,112.0311,8944.65,429,shed
low,111.6051,9370.63,429,shed
low,111.6410,9379.87,429,shed
medium,112.4177,8604.75,429,shed
low,112.2106,8847.89,429,shed
low,112.4310,8632.06,429,shed
high,105.9005,15190.99,200,ok
medium,106.5688,14523.16,200,ok
low,101.9829,19157.58,200,ok
medium,112.5340,8620.72,429,shed
medium,112.5027,8654.52,429,shed
low,111.6805,9476.76,429,shed
low,111.6535,9521.69,429,shed
low,112.1406,9034.59,429,shed
low,112.4723,8710.24,429,shed
low,111.7409,9462.41,429,shed
low,111.8037,9399.61,429,shed
low,112.4112,8792.21,429,shed
low,111.7910,9412.38,429,shed
low,112.4812,8722.21,429,shed
low,111.7044,9498.98,429,shed
low,112.3618,8845.94,429,shed
low,112.1480,9060.66,429,shed
medium,112.4693,8739.38,429,shed
low,112.6602,8553.40,429,shed
low,112.5806,8633.03,429,shed
low,112.6206,8628.19,429,shed
low,103.6109,17638.82,200,ok
medium,111.2836,9968.58,200,ok
low,112.3703,8908.47,429,shed
medium,108.1169,13167.72,200,ok
low,112.2310,9053.64,429,shed
medium,112.6347,8650.00,429,shed
low,112.1527,9131.95,429,shed
low,111.8549,9430.74,429,shed
low,100.9904,20295.72,200,ok
medium,112.6687,8634.09,429,shed
high,112.0506,9298.13,429,shed
high,107.3017,14050.70,200,ok
medium,107.2677,14086.03,200,ok
medium,107.3337,14039.80,200,ok
high,112.7008,8682.46,429,shed
low,103.8905,17493.82,200,ok
low,111.9540,9447.18,429,shed
low,111.9907,9413.75,429,shed
high,111.9508,9459.70,429,shed
medium,107.3031,14107.46,200,ok
low,102.1720,19254.11,200,ok
low,101.9823,19443.83,200,ok
medium,110.4852,10949.67,200,ok
low,112.1833,9279.30,429,shed
low,112.2544,9208.23,429,shed
high,107.3503,14153.93,200,ok
low,103.2194,18301.01,200,ok
low,100.5266,21033.10,200,ok
low,100.2911,21276.65,200,ok
low,100.7309,20854.76,200,ok
low,101.3312,20298.19,200,ok
low,101.4666,20230.49,200,ok
high,107.4510,14249.66,200,ok
medium,109.2344,12473.64,200,ok
high,109.2010,12507.51,200,ok
high,113.4516,8291.69,429,shed
medium,107.3671,14393.71,200,ok
medium,112.1677,9661.75,429,shed
high,113.5514,8279.41,429,shed
high,113.6013,8308.35,429,shed
medium,109.3845,12574.59,200,ok
low,102.5308,19429.26,200,ok
medium,109.6170,12383.49,200,ok
medium,113.6677,8356.78,429,shed
medium,109.8178,12206.64,200,ok
low,102.6305,19406.75,200,ok
low,111.8804,10181.77,429,shed
low,101.5575,20524.62,200,ok
medium,113.7527,8355.72,429,shed
medium,110.0526,12061.39,200,ok
medium,108.8837,13236.87,200,ok
medium,111.1841,10945.30,200,ok
medium,112.6184,9513.79,429,shed
medium,112.7837,9348.54,429,shed
low,112.5039,9628.98,429,shed
low,112.5405,9610.94,429,shed
low,102.5201,19631.77,200,ok
low,112.5905,9565.56,429,shed
low,102.2837,19873.30,200,ok
medium,112.9472,9209.73,429,shed
medium,108.9174,13242.46,200,ok
medium,113.8175,8356.99,429,shed
high,108.3508,13830.20,200,ok
medium,113.2183,9023.67,429,shed
low,112.6713,9575.75,429,shed
low,112.6032,9643.87,429,shed
low,112.8106,9436.51,429,shed
medium,108.6345,13618.61,200,ok
medium,108.8752,13378.59,200,ok
medium,108.7351,13526.77,200,ok
low,102.6803,19600.90,200,ok
low,102.7904,19492.18,200,ok
medium,109.4527,12831.14,200,ok
low,113.2047,9087.90,429,shed
low,102.7433,19555.13,200,ok
high,107.9506,14349.54,200,ok
high,107.8097,14497.09,200,ok
medium,110.1869,12129.27,200,ok
medium,111.9174,10409.84,200,ok
low,103.4252,18902.62,200,ok
low,102.5407,19805.78,200,ok
high,106.4616,15892.71,200,ok
low,104.0203,18336.85,200,ok
low,102.8708,19496.51,200,ok
high,109.2510,13245.56,200,ok
high,113.8511,8653.43,429,shed
medium,113.5536,8952.13,429,shed
low,103.5419,18977.08,200,ok
low,103.2212,19361.82,200,ok
medium,113.9675,8616.81,429,shed
high,114.0011,8585.26,429,shed
low,104.6907,17936.62,200,ok
low,104.5409,18118.89,200,ok
low,113.5608,9098.93,429,shed
high,106.5523,16107.49,200,ok
low,113.8202,8839.63,429,shed
medium,111.2195,11450.82,200,ok
medium,114.3379,8352.66,429,shed
medium,111.0526,11638.81,200,ok
high,108.0506,14640.80,200,ok
high,110.5006,12207.64,200,ok
low,104.6603,18051.82,200,ok
low,104.6305,18082.03,200,ok
low,103.6411,19081.31,200,ok
medium,114.3338,8389.66,429,shed
low,114.4029,8320.87,429,shed
low,103.0803,19718.37,200,ok
medium,114.4079,8529.06,429,shed
low,104.8618,18079.95,200,ok
medium,114.4440,8497.77,429,shed
low,104.8982,18043.57,200,ok
low,103.8034,19138.39,200,ok
medium,110.0342,12907.64,200,ok
medium,109.5024,13439.44,200,ok
medium,111.6523,11289.58,200,ok
low,113.9313,9010.54,429,shed
low,114.1909,8750.94,429,shed
low,104.9207,18053.85,200,ok
medium,110.3035,12703.00,200,ok
low,105.5754,17431.51,200,ok
low,113.4702,9552.71,429,shed
low,105.4909,17548.25,200,ok
low,103.9807,19078.82,200,ok
low,103.8542,19206.23,200,ok
low,103.2401,19821.04,200,ok
medium,112.1519,10914.40,200,ok
medium,111.3531,11721.95,200,ok
medium,110.3677,12710.02,200,ok
medium,111.5842,11493.54,200,ok
medium,115.1180,7995.50,429,shed
low,104.4604,18700.37,200,ok
low,114.8916,8269.23,429,shed
low,113.6210,9569.66,429,shed
medium,110.6854,12507.45,200,ok
medium,113.8670,9327.60,429,shed
low,104.9003,18344.02,200,ok
low,104.8993,18346.35,200,ok
low,104.9312,18314.49,200,ok
low,113.8322,9427.66,429,shed
low,113.8540,9410.90,429,shed
low,113.7031,9564.34,429,shed
medium,111.2677,12013.71,200,ok
low,105.0111,18270.37,200,ok
high,115.3009,8003.31,429,shed
low,115.1304,8197.30,429,shed
medium,115.3537,7975.75,429,shed
medium,115.3854,7944.09,429,shed
low,104.9910,18341.60,200,ok
medium,111.7853,11553.91,200,ok
medium,111.1678,12181.65,200,ok
medium,115.4336,7915.91,429,shed
medium,111.0018,12348.25,200,ok
low,105.5911,17787.26,200,ok
medium,109.5839,13819.26,200,ok
low,105.4726,17936.71,200,ok
medium,111.0670,12355.44,200,ok
low,105.5311,17925.72,200,ok
medium,114.0177,9471.90,429,shed
low,104.9610,18593.22,200,ok
low,103.6608,19894.64,200,ok
medium,111.9527,11603.84,200,ok
medium,114.3324,9225.13,429,shed
medium,114.0688,9489.42,429,shed
low,103.2230,20335.58,200,ok
low,102.5710,20990.60,200,ok
low,105.0412,18524.97,200,ok
medium,115.6536,7915.19,429,shed
medium,114.3350,9286.60,429,shed
low,105.0029,18620.66,200,ok
medium,114.4448,9178.82,429,shed
medium,111.4668,12157.38,200,ok
low,102.6603,20983.01,200,ok
low,105.0307,18651.57,200,ok
medium,115.9530,7746.93,429,shed
low,102.7306,20978.48,200,ok
low,115.8907,7849.44,429,shed
medium,111.9840,11772.23,200,ok
low,105.0204,18736.61,200,ok
high,111.6508,12109.24,200,ok
low,105.9408,17819.20,200,ok
high,111.7512,12032.77,200,ok
low,105.1105,18676.98,200,ok
low,106.8207,17009.79,200,ok
low,114.5528,9282.47,429,shed
low,103.2239,20611.95,200,ok
low,107.0846,16770.57,200,ok
low,106.8609,16998.56,200,ok
low,106.9408,16920.25,200,ok
low,106.7307,17131.14,200,ok
medium,116.0355,7845.78,429,shed
low,106.8037,17078.95,200,ok
medium,114.8673,9016.55,429,shed
low,114.6820,9204.32,429,shed
medium,116.0692,7819.16,429,shed
low,106.9111,16978.79,200,ok
low,105.0539,18841.84,200,ok
high,109.6507,14245.90,200,ok
medium,116.0836,7836.35,429,shed
low,105.1033,18824.93,200,ok
medium,116.1178,7817.11,429,shed
low,107.0935,16842.22,200,ok
low,115.9935,7943.31,429,shed
medium,112.2186,11740.95,200,ok
medium,116.1337,7832.56,429,shed
low,116.0310,7936.68,429,shed
high,110.0507,13924.26,200,ok
low,114.7909,9200.54,429,shed
medium,114.9524,9039.69,429,shed
medium,110.8365,13160.68,200,ok
low,105.0811,18925.15,200,ok
high,115.8509,8169.59,429,shed
medium,112.1848,11836.36,200,ok
high,110.0006,14027.57,200,ok
low,116.0908,7941.36,429,shed
medium,116.1527,7880.35,429,shed
medium,115.5530,8500.86,429,shed
low,103.2823,20790.01,200,ok
low,103.2287,20845.56,200,ok
low,116.1122,7968.53,429,shed
low,113.7208,10363.38,429,shed
low,105.1234,18961.35,200,ok
medium,116.0322,8053.24,429,shed
medium,113.4524,10650.93,200,ok
medium,111.3838,12729.60,200,ok
low,104.4547,19661.31,200,ok
low,115.3412,8775.74,429,shed
low,116.1804,7962.58,429,shed
high,111.8009,12342.03,200,ok
low,104.8639,19315.54,200,ok
low,103.9903,20189.71,200,ok
high,116.1506,8043.22,429,shed
low,105.1745,19052.99,200,ok
low,114.3392,9888.62,429,shed
low,107.0945,17136.48,200,ok
low,105.1812,19056.05,200,ok
high,111.8513,12386.87,200,ok
low,105.4411,18797.29,200,ok
low,105.4307,18823.64,200,ok
low,105.3608,18893.54,200,ok
low,105.5760,18684.17,200,ok
low,103.8203,20444.13,200,ok
medium,116.2020,8121.87,429,shed
high,111.0003,13323.60,200,ok
low,105.3711,18952.80,200,ok
low,105.6807,18643.29,200,ok
medium,115.0173,9306.69,429,shed
low,107.1806,17143.39,200,ok
low,105.3807,18943.91,200,ok
medium,116.2529,8079.79,429,shed
low,114.5404,9792.33,429,shed
low,105.6408,18692.56,200,ok
low,105.7811,18552.30,200,ok
medium,116.2696,8075.10,429,shed
low,106.2070,18137.70,200,ok
medium,111.5335,12823.44,200,ok
low,105.6304,18733.75,200,ok
low,107.2112,17175.51,200,ok
low,103.9622,20424.91,200,ok
low,104.1049,20282.82,200,ok
low,103.7810,20607.12,200,ok
low,116.0802,8308.85,429,shed
low,115.9606,8432.90,429,shed
medium,116.4120,8051.12,429,shed
low,104.5303,19932.84,200,ok
low,116.5313,7931.86,429,shed
medium,116.5347,7938.29,429,shed
low,105.4113,19061.98,200,ok
low,105.3212,19152.48,200,ok
medium,116.6886,7787.15,429,shed
low,104.3905,20085.22,200,ok
low,105.3111,19164.98,200,ok
low,105.5238,18970.73,200,ok
low,105.7902,18715.22,200,ok
low,105.8207,18685.46,200,ok
high,116.7463,7761.21,429,shed
high,111.2009,13306.69,200,ok
high,111.2510,13256.86,200,ok
medium,116.6898,7823.55,429,shed
high,111.6013,12924.63,200,ok
medium,112.1030,12474.20,200,ok
low,116.1408,8439.44,429,shed
medium,116.7490,7861.87,429,shed
low,105.1612,19462.34,200,ok
medium,112.4847,12139.21,200,ok
low,105.0764,19577.78,200,ok
low,106.5907,18073.99,200,ok
low,107.2621,17403.07,200,ok
low,107.3703,17295.16,200,ok
low,105.9607,18731.76,200,ok
low,106.2137,18478.79,200,ok
low,106.2090,18484.86,200,ok
low,105.1910,19526.19,200,ok
low,105.3911,19330.22,200,ok
high,117.0046,7752.68,429,shed
medium,110.7021,14081.02,200,ok
medium,112.8169,11966.71,200,ok
low,105.3041,19504.89,200,ok
medium,111.9675,12858.51,200,ok
medium,117.1679,7684.46,429,shed
low,105.4816,19375.32,200,ok
low,107.6375,17228.91,200,ok
high,116.7508,8115.91,429,shed
low,116.7498,8132.91,429,shed
medium,116.7675,8115.84,429,shed
high,112.2006,12686.17,200,ok
low,105.5148,19375.83,200,ok
high,117.0516,7871.81,429,shed
medium,112.2336,12690.25,200,ok
low,105.9110,19026.53,200,ok
high,117.1408,7796.76,429,shed
medium,112.9458,12023.36,200,ok
medium,117.1835,7795.69,429,shed
high,117.2002,7792.81,429,shed
low,106.7601,18234.64,200,ok
medium,113.1845,11856.50,200,ok
high,117.3008,7752.62,429,shed
low,117.1359,7943.52,429,shed
medium,117.3335,7784.95,429,shed
medium,117.4180,7728.20,429,shed
low,106.9707,18180.31,200,ok
high,112.0012,13181.01,200,ok
medium,113.7169,11516.65,200,ok
medium,113.8527,11381.52,200,ok
medium,116.5672,8667.84,429,shed
medium,117.6625,7590.02,429,shed
low,117.2418,8021.32,429,shed
medium,113.6525,11611.69,200,ok
medium,113.8836,11382.60,200,ok
medium,116.6871,8580.23,429,shed
medium,115.4180,9852.11,200,ok
low,107.0832,18213.81,200,ok
low,115.7855,9512.82,429,shed
low,117.2905,8037.60,429,shed
high,117.6755,7673.75,429,shed
medium,114.0521,11337.24,200,ok
low,107.1367,18253.77,200,ok
medium,117.7180,7672.46,429,shed
medium,113.9528,11437.64,200,ok
medium,114.3386,11063.35,200,ok
low,116.0707,9349.81,429,shed
low,107.0958,18327.22,200,ok
medium,113.6176,11839.84,200,ok
low,107.3945,18070.40,200,ok
medium,115.5177,9948.79,200,ok
low,117.6649,7814.25,429,shed
low,117.6673,7812.39,429,shed
low,107.2027,18283.09,200,ok
low,116.2564,9230.16,429,shed
medium,114.1847,11302.29,200,ok
low,107.2204,18284.66,200,ok
low,107.3403,18187.82,200,ok
low,116.7390,8791.26,429,shed
medium,111.9356,13617.77,200,ok
low,107.4408,18114.81,200,ok
low,107.4538,18102.25,200,ok
low,117.6704,7887.42,429,shed
low,117.6815,7876.86,429,shed
low,117.6692,7889.56,429,shed
low,107.6232,17943.93,200,ok
medium,113.2032,12364.41,200,ok
medium,113.1355,12432.47,200,ok
high,113.6505,11931.63,200,ok
low,117.8885,7694.52,429,shed
medium,113.5671,12016.43,200,ok
low,107.4812,18103.96,200,ok
medium,118.1836,7427.77,429,shed
low,106.7122,18900.55,200,ok
low,107.6343,17998.58,200,ok
medium,118.2173,7423.88,429,shed
medium,118.2676,7393.90,429,shed
low,118.0001,7661.44,429,shed
low,117.8878,7774.42,429,shed
medium,118.2848,7421.53,429,shed
low,107.7038,18007.24,200,ok
high,113.7005,12010.59,200,ok
medium,117.2019,8509.16,429,shed
low,117.1372,8573.88,429,shed
medium,113.4486,12267.62,200,ok
low,107.6640,18089.07,200,ok
low,107.8114,17942.71,200,ok
low,108.4728,17281.69,200,ok
medium,114.0033,11791.67,200,ok
medium,112.2679,13549.30,200,ok
high,117.4010,8416.20,429,shed
low,117.3042,8512.98,429,shed
low,106.5810,19249.44,200,ok
medium,115.9181,9926.05,200,ok
low,108.2114,17634.95,200,ok
medium,115.4047,10507.15,200,ok
medium,114.3370,11574.81,200,ok
low,109.2726,16639.24,200,ok
low,109.1809,16731.00,200,ok
low,109.2302,16681.66,200,ok
medium,115.5344,10377.49,200,ok
low,109.2912,16620.73,200,ok
low,109.1610,16756.27,200,ok
medium,114.5183,11421.15,200,ok
low,107.9908,17948.69,200,ok
medium,112.1436,13795.95,200,ok
medium,112.2029,13736.91,200,ok
low,117.3408,8622.31,429,shed
medium,117.6605,8309.70,429,shed
high,115.7937,10181.25,200,ok
low,106.9622,19021.12,200,ok
low,106.9540,19052.02,200,ok
medium,113.4678,12538.97,200,ok
medium,117.4057,8612.38,429,shed
medium,114.6170,11403.51,200,ok
low,107.7401,18294.17,200,ok
low,117.3306,8736.23,429,shed
medium,113.6027,12488.00,200,ok
medium,117.6637,8439.27,429,shed
low,109.2047,16926.39,200,ok
high,115.5512,10580.94,200,ok
medium,118.5174,7618.74,429,shed
low,109.2407,16961.68,200,ok
low,106.9812,19222.59,200,ok
medium,112.9020,13301.77,200,ok
high,112.5006,13703.17,200,ok
low,109.3038,16901.15,200,ok
low,109.5104,16695.94,200,ok
medium,115.5671,10640.18,200,ok
low,108.1211,18108.22,200,ok
medium,117.6619,8601.92,429,shed
low,107.6321,18633.75,200,ok
medium,118.6344,7656.83,429,shed
low,107.4707,18850.41,200,ok
medium,117.6631,8658.84,429,shed
low,107.6349,18690.86,200,ok
medium,117.6612,8668.84,429,shed
medium,115.6353,10697.87,200,ok
low,117.4404,8954.20,429,shed
medium,118.7194,7676.17,429,shed
low,108.6073,17789.38,200,ok
medium,115.9677,10468.73,200,ok
medium,118.9530,7492.27,429,shed
low,118.4818,7985.67,429,shed
low,117.1378,9329.69,429,shed
low,118.4411,8032.33,429,shed
low,106.5314,19958.42,200,ok
low,117.6686,8833.76,429,shed
low,117.6656,8837.75,429,shed
low,118.8115,7753.20,429,shed
low,118.7704,7794.33,429,shed
low,109.1903,17374.45,200,ok
high,118.6510,7913.75,429,shed
low,108.7302,17834.56,200,ok
low,108.4812,18131.05,200,ok
low,118.8708,7746.56,429,shed
medium,119.1857,7431.68,429,shed
medium,113.5335,13083.92,200,ok
low,107.3039,19313.57,200,ok
medium,119.1864,7431.02,429,shed
low,109.2249,17392.57,200,ok
medium,115.1844,11468.91,200,ok
medium,112.8093,13844.32,200,ok
low,105.8305,20857.43,200,ok
high,112.8078,13925.16,200,ok
low,105.8048,20954.77,200,ok
low,105.5819,21183.19,200,ok
low,109.4540,17322.13,200,ok
low,109.0924,17685.91,200,ok
low,108.9305,17849.02,200,ok
medium,119.5527,7252.43,429,shed
low,107.7433,19070.89,200,ok
medium,116.2175,10618.51,200,ok
medium,116.1835,10653.64,200,ok
medium,112.6024,14255.88,200,ok
high,114.2004,12675.42,200,ok
medium,116.4102,10480.50,200,ok
medium,115.7930,11106.84,200,ok
low,105.1350,21788.36,200,ok
low,106.4803,20487.47,200,ok
medium,118.7676,8200.15,429,shed
low,109.8108,17157.00,200,ok
low,106.5703,20405.71,200,ok
low,106.6052,20371.26,200,ok
low,110.0540,16988.37,200,ok
medium,115.7924,11250.70,200,ok
high,114.4427,12600.86,200,ok
low,109.8407,17203.18,200,ok
low,106.2143,20904.53,200,ok
low,106.2167,20902.13,200,ok
high,114.5507,12568.23,200,ok
medium,116.4853,10633.62,200,ok
low,110.3807,16738.26,200,ok
low,110.0604,17058.49,200,ok
low,110.1536,16965.35,200,ok
low,108.8804,18243.49,200,ok
low,108.8318,18292.12,200,ok
low,108.6207,18503.22,200,ok
low,106.2117,20925.24,200,ok
medium,115.7881,11349.15,200,ok
medium,118.0841,9070.51,429,shed
low,106.2131,20941.53,200,ok
low,106.5204,20634.29,200,ok
low,110.0033,17151.38,200,ok
medium,115.8342,11320.43,200,ok
low,110.2127,16941.94,200,ok
medium,119.9044,7303.94,429,shed
medium,119.9024,7317.80,429,shed
medium,116.5839,10649.58,200,ok
medium,112.7032,14535.63,200,ok
low,111.7704,15483.49,200,ok
low,108.9047,18387.17,200,ok
medium,116.1054,11201.62,200,ok
medium,114.6671,12685.16,200,ok
medium,119.4527,7905.09,429,shed
medium,118.3835,8976.44,429,shed
medium,114.3360,13214.89,200,ok
low,118.6204,8938.15,429,shed
medium,116.7442,10845.74,200,ok
low,109.2810,18351.85,200,ok
low,118.6310,9003.88,429,shed
medium,119.9031,7767.24,429,shed
low,106.8709,20834.91,200,ok
low,109.6909,18017.21,200,ok
medium,113.7023,14005.83,200,ok
low,109.5322,18175.88,200,ok
low,118.7303,8977.81,429,shed
medium,113.8337,13879.62,200,ok
medium,113.9391,13776.42,200,ok
medium,119.9724,7783.52,429,shed
medium,116.7514,11019.40,200,ok
low,106.9206,20858.49,200,ok
medium,119.1889,8634.81,429,shed
low,110.0408,17793.26,200,ok
low,111.7613,16073.52,200,ok
medium,116.9780,10884.04,200,ok
medium,119.9037,7963.09,429,shed
low,118.8204,9055.28,429,shed
low,118.8806,8995.89,429,shed
low,110.0304,17859.73,200,ok
high,116.1039,11831.09,200,ok
high,114.7504,13244.27,200,ok
medium,114.5335,13463.23,200,ok
low,109.1540,18843.43,200,ok
low,109.6805,18318.77,200,ok
low,119.8918,8112.70,429,shed
low,109.5824,18427.07,200,ok
medium,118.3521,9674.80,200,ok
medium,114.9020,13127.47,200,ok
medium,117.9721,10082.73,200,ok
low,118.3233,9739.69,429,shed
low,110.1417,17922.16,200,ok
low,110.3621,17703.99,200,ok
low,119.3428,8724.69,429,shed
low,119.2409,8827.07,429,shed
low,119.6327,8436.83,429,shed
low,119.4042,8669.55,429,shed
low,110.1908,17899.73,200,ok
low,110.6823,17408.93,200,ok
low,119.9000,8191.50,429,shed
low,110.2144,17902.22,200,ok
high,114.9508,13226.25,200,ok
medium,116.7456,11431.43,200,ok
low,119.8925,8284.64,429,shed
low,119.8952,8281.94,429,shed
high,114.9002,13276.90,200,ok
low,119.9006,8276.55,429,shed
low,119.8994,8277.77,429,shed
low,119.8976,8301.00,429,shed
high,115.4024,12803.43,200,ok
low,119.3455,8874.71,429,shed
low,110.1209,18124.27,200,ok
low,110.5035,17745.43,200,ok
high,116.3512,11967.70,200,ok
low,119.9012,8420.70,429,shed
medium,118.3180,10070.96,200,ok
low,110.7107,17723.87,200,ok
high,116.2509,12183.68,200,ok
low,110.6907,17743.89,200,ok
low,110.8309,17632.88,200,ok
low,111.0026,17493.42,200,ok
low,110.5110,17986.19,200,ok
medium,117.3177,11185.18,200,ok
low,110.7916,17725.21,200,ok
low,111.1621,17365.34,200,ok
low,111.0102,17525.79,200,ok
low,111.1925,17360.43,200,ok
medium,119.1845,9466.35,200,ok
low,110.8208,17853.19,200,ok
medium,115.0045,13678.40,200,ok
low,111.1703,17529.87,200,ok
low,111.1807,17549.09,200,ok
low,107.8122,20917.55,200,ok
medium,116.6174,12115.27,200,ok
low,111.2118,17612.51,200,ok
medium,115.3670,13522.87,200,ok
medium,117.0061,11927.00,200,ok
medium,117.0336,11903.19,200,ok
low,111.2211,17760.93,200,ok
high,116.2006,12793.41,200,ok
low,108.7408,20257.85,200,ok
low,111.5304,17486.48,200,ok
low,109.0804,19965.59,200,ok
medium,117.2169,11934.69,200,ok
low,112.9102,16298.07,200,ok
low,112.6923,16526.55,200,ok
low,113.4530,15766.68,200,ok
medium,119.1883,10032.85,200,ok
low,112.8120,16409.53,200,ok
low,113.1804,16041.47,200,ok
low,113.2304,16013.10,200,ok
low,109.5912,19661.93,200,ok
low,109.4609,19792.54,200,ok
low,109.6311,19782.38,200,ok
low,109.5214,19894.35,200,ok
medium,116.4680,12997.65,200,ok
medium,118.5842,10881.83,200,ok
low,111.3410,18181.08,200,ok
medium,118.4192,11134.25,200,ok
low,109.5407,20027.01,200,ok
low,111.2714,18437.97,200,ok
low,111.2808,18429.58,200,ok
low,111.3112,18408.61,200,ok
medium,117.1396,12604.47,200,ok
low,111.4407,18303.64,200,ok
low,112.7804,17032.84,200,ok
medium,118.4528,11383.87,200,ok
low,112.9618,16917.88,200,ok
low,112.7049,17192.01,200,ok
low,113.6114,16310.66,200,ok
low,113.4604,16472.02,200,ok
low,113.4465,16486.33,200,ok
high,116.7278,13212.66,200,ok
low,111.3546,18594.18,200,ok
medium,119.4034,10556.40,200,ok
low,109.7810,20211.58,200,ok
low,111.9402,18052.43,200,ok
low,112.1367,17855.94,200,ok
low,111.9609,18031.77,200,ok
low,113.5217,16486.24,200,ok
low,113.5311,16477.26,200,ok
low,111.4307,18651.71,200,ok
medium,117.1390,12949.57,200,ok
low,114.1204,15968.24,200,ok
medium,119.9018,10186.82,200,ok
low,111.7837,18304.99,200,ok
medium,116.7449,13343.72,200,ok
low,111.9804,18108.25,200,ok
low,115.1809,14907.79,200,ok
low,114.9737,15115.01,200,ok
low,115.3908,14697.90,200,ok
low,116.5606,13528.18,200,ok
low,116.6312,13457.55,200,ok
low,116.7074,13381.35,200,ok
low,116.7378,13351.01,200,ok
low,116.9737,13115.10,200,ok
low,119.9700,10118.78,200,ok
low,119.8958,10193.07,200,ok
low,119.8906,10198.29,200,ok
low,119.8970,10191.90,200,ok
low,111.4603,18628.56,200,ok
low,119.9912,10097.69,200,ok
low,112.0412,18047.87,200,ok
low,111.9104,18189.96,200,ok
low,111.7544,18345.92,200,ok
medium,118.5532,11548.71,200,ok
low,111.8610,18240.91,200,ok
low,112.1912,17924.01,200,ok
medium,118.8170,11298.20,200,ok
low,113.9709,16165.17,200,ok
low,114.6119,15559.51,200,ok
low,114.0102,16161.18,200,ok
medium,118.6841,11528.31,200,ok
medium,118.7545,11460.89,200,ok
low,114.7410,15513.75,200,ok
low,119.8937,10417.73,200,ok
low,119.8964,10415.13,200,ok
low,114.9418,15369.74,200,ok
low,115.0055,15306.06,200,ok
low,114.9615,15350.10,200,ok
low,115.5603,14751.27,200,ok
low,115.5217,14789.94,200,ok
low,115.5539,14757.78,200,ok
low,115.7842,14527.40,200,ok
low,115.6307,14680.98,200,ok
low,115.7865,14525.16,200,ok
low,112.1387,18172.96,200,ok
low,116.3803,13931.39,200,ok
low,115.8109,14500.80,200,ok
low,116.7419,13569.86,200,ok
low,116.9774,13334.36,200,ok
low,119.5804,10731.38,200,ok
low,119.6226,10689.21,200,ok
low,119.3418,10969.98,200,ok
low,111.9709,18341.51,200,ok
low,112.0202,18336.72,200,ok
low,113.1408,17268.93,200,ok
low,112.2411,18168.79,200,ok
medium,119.1877,11222.40,200,ok
low,112.3407,18101.22,200,ok
medium,118.6043,11891.61,200,ok
low,113.5406,16955.55,200,ok
high,118.8008,11695.65,200,ok
low,111.5722,18924.52,200,ok
low,113.6710,16831.97,200,ok
low,113.6540,16850.76,200,ok
low,113.7308,16777.73,200,ok
low,113.9811,16527.88,200,ok
low,116.3352,14176.69,200,ok
low,116.5703,13942.64,200,ok
low,113.8715,16643.10,200,ok
low,115.8407,14674.43,200,ok
low,114.3777,16137.93,200,ok
low,116.2111,14305.22,200,ok
low,117.9980,12519.00,200,ok
low,118.1904,12327.44,200,ok
low,118.4536,12065.82,200,ok
low,118.2713,12250.09,200,ok
low,118.4102,12112.41,200,ok
low,118.3528,12170.24,200,ok
low,118.4910,12032.66,200,ok
low,118.5911,11933.25,200,ok
medium,118.7335,11807.68,200,ok
low,112.3907,18186.50,200,ok
low,112.4907,18107.61,200,ok
low,111.5411,19063.22,200,ok
medium,118.3336,12303.56,200,ok
low,109.7040,20942.49,200,ok
high,118.3505,12307.26,200,ok
low,113.8103,16848.64,200,ok
low,110.0105,20698.50,200,ok
low,109.8566,20853.36,200,ok
medium,117.3030,13447.68,200,ok
medium,118.6182,12194.51,200,ok
medium,118.2036,12610.38,200,ok
medium,118.2336,12605.65,200,ok
low,112.1055,18764.91,200,ok
low,111.6606,19223.76,200,ok
low,111.6708,19214.60,200,ok
medium,118.4023,12500.30,200,ok
low,112.3310,18573.44,200,ok
medium,118.6527,12252.59,200,ok
medium,118.3668,12540.85,200,ok
low,112.7105,18249.23,200,ok
low,112.8204,18140.30,200,ok
medium,118.7844,12210.32,200,ok
high,118.4003,12595.58,200,ok
low,111.8205,19181.57,200,ok
low,112.4215,18594.86,200,ok
low,112.0047,19030.27,200,ok
medium,118.4675,12568.52,200,ok
low,112.2703,18767.00,200,ok
low,115.2303,15844.62,200,ok
medium,118.4362,12764.47,200,ok
medium,118.5030,12744.45,200,ok
medium,119.1895,12067.28,200,ok
medium,118.5668,12722.35,200,ok
low,113.8807,17410.34,200,ok
low,113.9416,17362.06,200,ok
low,114.1038,17201.31,200,ok
low,113.4478,17869.99,200,ok
low,114.1812,17137.84,200,ok
low,113.9107,17415.25,200,ok
low,114.4063,16920.91,200,ok
low,114.0048,17323.69,200,ok
high,118.6018,12732.23,200,ok
high,118.9010,12493.96,200,ok
low,115.3585,16113.24,200,ok
low,116.6207,14854.95,200,ok
low,116.3290,15159.07,200,ok
low,117.0313,14460.57,200,ok
low,116.9761,14517.38,200,ok
low,116.7400,14754.94,200,ok
low,116.7521,14744.33,200,ok
low,116.7364,14761.40,200,ok
low,116.4911,15008.15,200,ok
low,117.1366,14364.33,200,ok
low,118.6104,12892.99,200,ok
low,117.1438,14361.07,200,ok
low,118.4311,13075.17,200,ok
low,118.3707,13137.03,200,ok
low,119.3437,12165.66,200,ok
low,119.3404,12170.47,200,ok
low,119.8943,11618.69,200,ok
low,119.8982,11616.41,200,ok
low,113.5551,18063.24,200,ok
low,113.6040,18018.49,200,ok
low,114.3398,17297.26,200,ok
low,114.5305,17112.95,200,ok
low,114.5206,17124.80,200,ok
low,114.7802,16878.34,200,ok
low,114.8107,16850.34,200,ok
low,114.6306,17032.40,200,ok
low,114.9532,16715.12,200,ok
low,115.4711,16201.79,200,ok
low,115.4209,16255.14,200,ok
low,115.5310,16147.68,200,ok
low,115.7967,15886.66,200,ok
low,115.5806,16105.61,200,ok
low,115.8218,15866.46,200,ok
low,115.6412,16049.18,200,ok
low,115.5456,16146.72,200,ok
low,115.7875,15907.21,200,ok
low,116.0344,15663.52,200,ok
low,115.9710,15728.89,200,ok
low,116.9747,14727.71,200,ok
low,117.1812,14523.32,200,ok
low,117.8903,13816.93,200,ok
low,118.1408,13568.40,200,ok
low,117.7307,13980.36,200,ok
low,118.2225,13490.52,200,ok
low,119.8931,11822.35,200,ok
low,112.5103,19296.35,200,ok
low,112.8059,19013.59,200,ok
low,113.8621,17979.45,200,ok
low,113.8411,18002.69,200,ok
low,113.7609,18085.61,200,ok
low,116.1205,15728.40,200,ok
low,114.9810,16869.94,200,ok
low,116.1535,15699.56,200,ok
low,116.3278,15534.56,200,ok
low,116.7056,15159.21,200,ok
low,116.6119,15255.02,200,ok
low,117.0623,14807.30,200,ok
low,116.7633,15108.48,200,ok
low,116.9755,14898.45,200,ok
low,116.9768,14899.25,200,ok
low,117.1346,14743.62,200,ok
low,117.2544,14627.44,200,ok
low,117.3115,14572.58,200,ok
low,117.3208,14565.47,200,ok
low,117.6698,14218.67,200,ok
low,117.6643,14226.34,200,ok
low,117.6710,14221.88,200,ok
low,117.8915,14003.63,200,ok
low,117.7202,14177.18,200,ok
low,117.8864,14013.27,200,ok
low,119.8988,12003.16,200,ok
high,118.7004,13245.80,200,ok
medium,119.1871,12778.16,200,ok
low,115.4304,16548.23,200,ok
low,116.2310,15751.23,200,ok
low,115.9407,16044.22,200,ok
low,116.0296,15957.89,200,ok
low,116.1305,15859.49,200,ok
low,116.3419,15652.35,200,ok
low,116.4402,15556.55,200,ok
low,117.6827,14316.60,200,ok
low,117.8909,14111.17,200,ok
low,116.2713,15733.20,200,ok
low,118.2911,13716.59,200,ok
low,117.8896,14120.63,200,ok
low,118.1820,13830.74,200,ok
low,118.3603,13654.95,200,ok
low,115.9804,16037.34,200,ok
low,117.8928,14127.54,200,ok
low,118.3910,13632.14,200,ok
low,118.4031,13622.99,200,ok
low,118.4701,13558.49,200,ok
low,118.5713,13461.23,200,ok
low,118.5540,13481.21,200,ok
low,118.5207,13517.07,200,ok
low,118.5307,13509.66,200,ok
low,118.6058,13437.25,200,ok
low,118.6573,13388.34,200,ok
low,118.7208,13327.52,200,ok
low,119.3462,12704.84,200,ok
low,116.1061,15947.57,200,ok
low,116.2615,15794.88,200,ok
low,116.3263,15732.77,200,ok
low,116.1705,15891.93,200,ok
low,116.4612,15604.01,200,ok
low,116.5811,15486.83,200,ok
low,116.7192,15351.43,200,ok
low,117.7119,14361.94,200,ok
low,116.7410,15335.63,200,ok
low,116.9683,15112.98,200,ok
low,117.8922,14191.93,200,ok
low,116.7434,15343.57,200,ok
low,117.9994,14090.38,200,ok
low,117.8934,14199.26,200,ok
low,118.3809,13714.65,200,ok
low,118.2822,13816.15,200,ok
low,118.3310,13770.28,200,ok
low,118.4213,13682.94,200,ok
low,118.5814,13525.72,200,ok
low,118.5605,13549.56,200,ok
low,118.6811,13431.87,200,ok
low,118.7404,13375.54,200,ok
low,118.9316,13187.32,200,ok
low,118.7808,13341.08,200,ok
low,118.8607,13264.16,200,ok
